county_idx,floor_measure,log_radon,log_uppm
8,9,1.62924053973028,0.860511601679156
8,1,-0.693147180559945,0.860511601679156
8,1,-0.916290731874155,0.860511601679156
8,1,0.262364264467491,0.860511601679156
8,1,-0.916290731874155,0.860511601679156
8,9,-0.356674943938732,0.860511601679156
8,1,-0.356674943938732,0.860511601679156
8,1,-0.916290731874155,0.860511601679156
8,1,1.28093384546206,0.860511601679156
8,9,0.262364264467491,0.860511601679156
8,0,1.6094379124341,0.860511601679156
8,1,0.336472236621213,0.860511601679156
8,1,-0.356674943938732,0.860511601679156
8,1,-0.510825623765991,0.860511601679156
8,1,-0.356674943938732,0.860511601679156
72,1,-0.693147180559945,0.894891390508264
72,1,-1.20397280432594,0.894891390508264
72,1,0.470003629245736,0.894891390508264
72,1,0.832909122935104,0.894891390508264
72,1,-0.916290731874155,0.894891390508264
72,0,-0.510825623765991,0.894891390508264
72,9,-0.510825623765991,0.894891390508264
72,1,-0.356674943938732,0.894891390508264
72,1,2.41591377830105,0.894891390508264
72,1,1.09861228866811,0.894891390508264
72,1,0.182321556793955,0.894891390508264
72,1,-0.356674943938732,0.894891390508264
72,9,0.0953101798043249,0.894891390508264
72,1,1.19392246847243,0.894891390508264
72,1,0.78845736036427,0.894891390508264
72,1,-1.20397280432594,0.894891390508264
72,1,-1.6094379124341,0.894891390508264
72,9,-2.30258509299405,0.894891390508264
72,1,-1.6094379124341,0.894891390508264
72,1,1.30833281965018,0.894891390508264
72,1,0.916290731874155,0.894891390508264
72,9,0.741937344729377,0.894891390508264
72,1,-0.105360515657826,0.894891390508264
72,1,-0.22314355131421,0.894891390508264
72,1,-0.510825623765991,0.894891390508264
72,9,-0.510825623765991,0.894891390508264
72,1,1.33500106673234,0.894891390508264
72,1,0.693147180559945,0.894891390508264
72,1,-0.693147180559945,0.894891390508264
72,1,-0.356674943938732,0.894891390508264
72,1,-0.693147180559945,0.894891390508264
72,1,-0.22314355131421,0.894891390508264
72,1,0.832909122935104,0.894891390508264
72,1,0.262364264467491,0.894891390508264
72,1,1.77495235091167,0.894891390508264
72,1,-0.693147180559945,0.894891390508264
72,1,1.41098697371026,0.894891390508264
72,1,0.641853886172395,0.894891390508264
72,9,0.693147180559945,0.894891390508264
73,1,-0.916290731874155,0.750665807293217
73,0,0.8754687373539,0.750665807293217
73,1,-0.356674943938732,0.750665807293217
73,1,-2.30258509299405,0.750665807293217
73,1,1.41098697371026,0.750665807293217
73,1,-0.22314355131421,0.750665807293217
73,1,-0.510825623765991,0.750665807293217
73,1,-0.510825623765991,0.750665807293217
73,1,-1.6094379124341,0.750665807293217
73,1,-0.510825623765991,0.750665807293217
73,1,1.3609765531356,0.750665807293217
73,1,1.33500106673234,0.750665807293217
73,1,-0.510825623765991,0.750665807293217
73,1,1.19392246847243,0.750665807293217
73,1,-1.20397280432594,0.750665807293217
73,9,0,0.750665807293217
73,1,-1.6094379124341,0.750665807293217
73,1,0.182321556793955,0.750665807293217
73,1,0.405465108108164,0.750665807293217
73,1,-1.6094379124341,0.750665807293217
73,1,0.641853886172395,0.750665807293217
73,1,0.53062825106217,0.750665807293217
73,1,-0.105360515657826,0.750665807293217
73,1,-0.22314355131421,0.750665807293217
73,1,0.182321556793955,0.750665807293217
73,1,1.3609765531356,0.750665807293217
73,1,0.405465108108164,0.750665807293217
73,1,1.30833281965018,0.750665807293217
73,1,-1.20397280432594,0.750665807293217
73,0,1.33500106673234,0.750665807293217
73,1,-0.356674943938732,0.750665807293217
73,1,-0.510825623765991,0.750665807293217
73,1,0,0.750665807293217
73,1,0.693147180559945,0.750665807293217
73,1,-0.693147180559945,0.750665807293217
73,1,-0.693147180559945,0.750665807293217
73,9,0.182321556793955,0.750665807293217
73,1,-0.916290731874155,0.750665807293217
73,1,-1.6094379124341,0.750665807293217
73,0,0.641853886172395,0.750665807293217
73,1,-1.20397280432594,0.750665807293217
73,9,-1.6094379124341,0.750665807293217
73,1,-1.20397280432594,0.750665807293217
73,1,-0.356674943938732,0.750665807293217
73,1,-0.510825623765991,0.750665807293217
73,1,-0.22314355131421,0.750665807293217
73,1,-1.20397280432594,0.750665807293217
73,1,0.587786664902119,0.750665807293217
73,9,-0.22314355131421,0.750665807293217
73,1,0,0.750665807293217
73,1,0.182321556793955,0.750665807293217
73,1,-0.356674943938732,0.750665807293217
73,1,-1.20397280432594,0.750665807293217
73,1,0.78845736036427,0.750665807293217
73,1,-1.6094379124341,0.750665807293217
73,1,1.1314021114911,0.750665807293217
73,1,1.52605630349505,0.750665807293217
73,1,-0.916290731874155,0.750665807293217
73,1,0.993251773010283,0.750665807293217
73,1,-0.356674943938732,0.750665807293217
73,1,2.61006979274201,0.750665807293217
73,1,1.33500106673234,0.750665807293217
73,1,0.78845736036427,0.750665807293217
73,1,-0.105360515657826,0.750665807293217
73,1,0.0953101798043249,0.750665807293217
73,9,-2.30258509299405,0.750665807293217
73,1,0.262364264467491,0.750665807293217
73,1,-0.105360515657826,0.750665807293217
73,1,0.0953101798043249,0.750665807293217
73,1,2.27212588550934,0.750665807293217
73,1,-0.22314355131421,0.750665807293217
73,1,0.182321556793955,0.750665807293217
73,1,1.22377543162212,0.750665807293217
73,1,1.25276296849537,0.750665807293217
73,9,0.405465108108164,0.750665807293217
73,1,0.916290731874155,0.750665807293217
73,1,0.470003629245736,0.750665807293217
73,1,-0.510825623765991,0.750665807293217
73,1,-0.105360515657826,0.750665807293217
73,1,0.470003629245736,0.750665807293217
73,1,-0.693147180559945,0.750665807293217
73,1,1.50407739677627,0.750665807293217
73,1,2.12823170584927,0.750665807293217
73,1,2.56494935746154,0.750665807293217
73,1,0.262364264467491,0.750665807293217
73,9,-1.20397280432594,0.750665807293217
73,0,0.78845736036427,0.750665807293217
73,1,1.91692261218206,0.750665807293217
73,1,2.05412373369555,0.750665807293217
121,1,-0.105360515657826,0.9109163155367
121,1,0.78845736036427,0.9109163155367
121,1,-2.30258509299405,0.9109163155367
121,1,0.587786664902119,0.9109163155367
121,1,0.262364264467491,0.9109163155367
121,1,-0.22314355131421,0.9109163155367
121,1,0.916290731874155,0.9109163155367
121,1,0.336472236621213,0.9109163155367
121,1,-0.916290731874155,0.9109163155367
121,1,-0.356674943938732,0.9109163155367
121,1,0,0.9109163155367
121,0,0,0.9109163155367
121,1,0.587786664902119,0.9109163155367
124,1,-2.30258509299405,0.918819531762805
124,1,-0.22314355131421,0.918819531762805
124,1,0.641853886172395,0.918819531762805
124,1,0.741937344729377,0.918819531762805
124,1,-0.22314355131421,0.918819531762805
124,1,-1.20397280432594,0.918819531762805
124,1,0.470003629245736,0.918819531762805
124,1,-1.6094379124341,0.918819531762805
124,9,-0.22314355131421,0.918819531762805
124,1,-1.20397280432594,0.918819531762805
124,1,0.916290731874155,0.918819531762805
124,1,-1.20397280432594,0.918819531762805
124,1,0.78845736036427,0.918819531762805
124,1,0.262364264467491,0.918819531762805
124,1,-0.22314355131421,0.918819531762805
124,1,0.0953101798043249,0.918819531762805
124,1,-0.916290731874155,0.918819531762805
124,1,-1.20397280432594,0.918819531762805
124,1,0.470003629245736,0.918819531762805
124,1,-2.30258509299405,0.918819531762805
124,9,1.06471073699243,0.918819531762805
124,1,0.182321556793955,0.918819531762805
124,1,1.06471073699243,0.918819531762805
124,1,-0.356674943938732,0.918819531762805
124,1,0.182321556793955,0.918819531762805
124,1,-0.356674943938732,0.918819531762805
124,1,-0.22314355131421,0.918819531762805
124,1,-0.105360515657826,0.918819531762805
124,9,1.02961941718116,0.918819531762805
130,1,0.916290731874155,0.523230365828743
130,1,-0.916290731874155,0.523230365828743
130,1,-0.22314355131421,0.523230365828743
130,1,-0.105360515657826,0.523230365828743
130,1,-0.510825623765991,0.523230365828743
130,1,0.832909122935104,0.523230365828743
130,1,0.262364264467491,0.523230365828743
130,1,0,0.523230365828743
171,1,-0.510825623765991,-2.30258509299405
171,1,-2.30258509299405,-2.30258509299405
201,9,-1.20397280432594,1.16788334368066
201,1,1.02961941718116,1.16788334368066
201,9,0.405465108108164,1.16788334368066
201,1,-2.30258509299405,1.16788334368066
201,1,-2.30258509299405,1.16788334368066
201,1,0.262364264467491,1.16788334368066
201,1,0.182321556793955,1.16788334368066
201,1,-0.510825623765991,1.16788334368066
201,1,0.470003629245736,1.16788334368066
201,1,-0.22314355131421,1.16788334368066
201,9,0.470003629245736,1.16788334368066
201,1,0.587786664902119,1.16788334368066
201,9,1.06471073699243,1.16788334368066
201,9,0.8754687373539,1.16788334368066
201,1,1.70474809223843,1.16788334368066
201,1,0,1.16788334368066
201,9,1.90210752639692,1.16788334368066
201,1,0,1.16788334368066
201,1,0.405465108108164,1.16788334368066
201,1,-0.916290731874155,1.16788334368066
201,1,0.0953101798043249,1.16788334368066
201,1,-0.693147180559945,1.16788334368066
201,1,0.182321556793955,1.16788334368066
201,1,-0.693147180559945,1.16788334368066
201,1,0.405465108108164,1.16788334368066
201,1,0.587786664902119,1.16788334368066
201,1,0,1.16788334368066
201,1,-0.693147180559945,1.16788334368066
201,1,-0.105360515657826,1.16788334368066
201,1,-0.105360515657826,1.16788334368066
201,1,0,1.16788334368066
201,1,-0.916290731874155,1.16788334368066
201,1,-0.356674943938732,1.16788334368066
201,1,-1.6094379124341,1.16788334368066
201,1,-0.916290731874155,1.16788334368066
201,1,0.587786664902119,1.16788334368066
201,1,-2.30258509299405,1.16788334368066
201,1,1.54756250871601,1.16788334368066
201,1,-0.693147180559945,1.16788334368066
201,1,0.741937344729377,1.16788334368066
201,1,-1.6094379124341,1.16788334368066
201,1,0.336472236621213,1.16788334368066
201,1,1.58923520511658,1.16788334368066
201,1,0.336472236621213,1.16788334368066
201,2,2.80336038090653,1.16788334368066
201,1,1.25276296849537,1.16788334368066
201,1,-0.22314355131421,1.16788334368066
201,1,0.916290731874155,1.16788334368066
201,1,-0.510825623765991,1.16788334368066
201,1,-1.20397280432594,1.16788334368066
201,1,0,1.16788334368066
201,1,-2.30258509299405,1.16788334368066
201,1,-0.510825623765991,1.16788334368066
201,1,0.993251773010283,1.16788334368066
201,1,0.741937344729377,1.16788334368066
201,1,1.06471073699243,1.16788334368066
201,1,0.832909122935104,1.16788334368066
201,1,0.587786664902119,1.16788334368066
201,1,-0.105360515657826,1.16788334368066
201,1,0.0953101798043249,1.16788334368066
201,1,0.53062825106217,1.16788334368066
201,1,0.405465108108164,1.16788334368066
201,1,-0.916290731874155,1.16788334368066
201,1,1.41098697371026,1.16788334368066
201,1,0.955511445027436,1.16788334368066
201,1,0.336472236621213,1.16788334368066
201,1,1.6094379124341,1.16788334368066
201,1,0.641853886172395,1.16788334368066
201,1,0.182321556793955,1.16788334368066
201,1,0.955511445027436,1.16788334368066
201,1,0.641853886172395,1.16788334368066
201,1,-2.30258509299405,1.16788334368066
201,9,-0.356674943938732,1.16788334368066
201,1,1.06471073699243,1.16788334368066
201,1,-1.20397280432594,1.16788334368066
201,1,0.832909122935104,1.16788334368066
201,1,0,1.16788334368066
201,1,-1.20397280432594,1.16788334368066
201,1,0.641853886172395,1.16788334368066
201,1,-2.30258509299405,1.16788334368066
201,1,-1.20397280432594,1.16788334368066
201,9,2.04122032885964,1.16788334368066
201,1,0.587786664902119,1.16788334368066
201,1,0.336472236621213,1.16788334368066
201,1,1.43508452528932,1.16788334368066
201,1,0.587786664902119,1.16788334368066
201,1,0,1.16788334368066
201,1,-0.693147180559945,1.16788334368066
201,1,-0.916290731874155,1.16788334368066
201,9,-0.916290731874155,1.16788334368066
201,1,0.741937344729377,1.16788334368066
201,0,-0.693147180559945,1.16788334368066
201,1,0.262364264467491,1.16788334368066
201,1,1.1314021114911,1.16788334368066
201,1,0.182321556793955,1.16788334368066
201,1,2.09186406167839,1.16788334368066
201,1,0.336472236621213,1.16788334368066
201,1,-0.105360515657826,1.16788334368066
201,1,-1.6094379124341,1.16788334368066
201,1,0.182321556793955,1.16788334368066
201,1,1.48160454092422,1.16788334368066
201,1,1.28093384546206,1.16788334368066
201,1,1.3609765531356,1.16788334368066
201,1,1.25276296849537,1.16788334368066
201,1,-0.510825623765991,1.16788334368066
201,1,1.33500106673234,1.16788334368066
201,1,0.587786664902119,1.16788334368066
201,1,0.8754687373539,1.16788334368066
201,0,0.8754687373539,1.16788334368066
201,1,0.182321556793955,1.16788334368066
201,1,0.470003629245736,1.16788334368066
201,1,0.405465108108164,1.16788334368066
201,1,0.0953101798043249,1.16788334368066
201,1,-0.22314355131421,1.16788334368066
201,1,0,1.16788334368066
201,1,3.92986292355648,1.16788334368066
201,1,0.741937344729377,1.16788334368066
201,1,0.182321556793955,1.16788334368066
201,1,0.587786664902119,1.16788334368066
201,1,0.0953101798043249,1.16788334368066
201,1,0.0953101798043249,1.16788334368066
201,1,-0.356674943938732,1.16788334368066
201,1,0.336472236621213,1.16788334368066
201,1,0.336472236621213,1.16788334368066
201,1,1.58923520511658,1.16788334368066
201,1,0.336472236621213,1.16788334368066
201,1,0.182321556793955,1.16788334368066
201,1,0,1.16788334368066
201,1,-0.916290731874155,1.16788334368066
201,1,-0.356674943938732,1.16788334368066
201,1,1.09861228866811,1.16788334368066
201,1,0.741937344729377,1.16788334368066
201,1,1.19392246847243,1.16788334368066
201,1,0,1.16788334368066
201,1,0.182321556793955,1.16788334368066
201,1,-1.20397280432594,1.16788334368066
201,1,-0.916290731874155,1.16788334368066
201,1,0.832909122935104,1.16788334368066
201,1,0.587786664902119,1.16788334368066
201,1,-0.22314355131421,1.16788334368066
201,1,1.41098697371026,1.16788334368066
201,1,-0.510825623765991,1.16788334368066
201,1,0.741937344729377,1.16788334368066
201,1,0.8754687373539,1.16788334368066
201,0,-2.30258509299405,1.16788334368066
201,1,-2.30258509299405,1.16788334368066
201,1,-0.916290731874155,1.16788334368066
201,1,0.470003629245736,1.16788334368066
201,9,0.587786664902119,1.16788334368066
201,1,-1.20397280432594,1.16788334368066
201,1,0.587786664902119,1.16788334368066
201,1,0.53062825106217,1.16788334368066
201,1,0.262364264467491,1.16788334368066
201,1,0.0953101798043249,1.16788334368066
201,1,-0.105360515657826,1.16788334368066
201,1,-0.510825623765991,1.16788334368066
201,9,-0.693147180559945,1.16788334368066
201,1,0.832909122935104,1.16788334368066
201,1,-0.693147180559945,1.16788334368066
201,1,1.25276296849537,1.16788334368066
201,1,0.587786664902119,1.16788334368066
201,1,0.470003629245736,1.16788334368066
201,1,0.405465108108164,1.16788334368066
201,1,-0.22314355131421,1.16788334368066
201,1,-0.105360515657826,1.16788334368066
201,1,0.470003629245736,1.16788334368066
201,1,1.09861228866811,1.16788334368066
201,1,-2.30258509299405,1.16788334368066
201,1,-0.356674943938732,1.16788334368066
201,1,0.78845736036427,1.16788334368066
201,1,1.02961941718116,1.16788334368066
201,1,-0.105360515657826,1.16788334368066
201,1,-1.6094379124341,1.16788334368066
201,1,-1.20397280432594,1.16788334368066
201,1,-0.356674943938732,1.16788334368066
201,1,0.336472236621213,1.16788334368066
201,1,0.0953101798043249,1.16788334368066
201,1,0.0953101798043249,1.16788334368066
201,1,0,1.16788334368066
201,1,-0.693147180559945,1.16788334368066
201,1,1.25276296849537,1.16788334368066
201,1,-0.356674943938732,1.16788334368066
201,1,-0.356674943938732,1.16788334368066
201,1,-0.105360515657826,1.16788334368066
201,1,0.470003629245736,1.16788334368066
201,1,0,1.16788334368066
201,1,0.470003629245736,1.16788334368066
201,1,1.06471073699243,1.16788334368066
201,1,-1.20397280432594,1.16788334368066
201,1,0.693147180559945,1.16788334368066
201,1,1.25276296849537,1.16788334368066
201,1,0.0953101798043249,1.16788334368066
201,1,-0.22314355131421,1.16788334368066
201,1,0.182321556793955,1.16788334368066
201,1,-0.22314355131421,1.16788334368066
201,3,-0.693147180559945,1.16788334368066
201,1,0.916290731874155,1.16788334368066
201,1,1.66770682055808,1.16788334368066
201,1,0.336472236621213,1.16788334368066
201,0,0,1.16788334368066
201,1,-0.916290731874155,1.16788334368066
201,0,1.84054963339749,1.16788334368066
201,1,0.182321556793955,1.16788334368066
201,1,0.182321556793955,1.16788334368066
201,1,0.78845736036427,1.16788334368066
201,1,-0.105360515657826,1.16788334368066
201,1,1.38629436111989,1.16788334368066
201,1,0.993251773010283,1.16788334368066
201,1,1.09861228866811,1.16788334368066
201,1,-0.22314355131421,1.16788334368066
201,1,1.64865862558738,1.16788334368066
201,1,0.993251773010283,1.16788334368066
201,1,0.832909122935104,1.16788334368066
201,1,1.3609765531356,1.16788334368066
201,1,0.641853886172395,1.16788334368066
201,1,0.741937344729377,1.16788334368066
201,1,0.53062825106217,1.16788334368066
201,1,0.0953101798043249,1.16788334368066
201,1,1.22377543162212,1.16788334368066
201,1,0.78845736036427,1.16788334368066
201,1,0,1.16788334368066
201,1,-0.22314355131421,1.16788334368066
201,1,0,1.16788334368066
201,1,0,1.16788334368066
201,1,-0.916290731874155,1.16788334368066
201,9,-0.105360515657826,1.16788334368066
201,1,-0.105360515657826,1.16788334368066
201,1,-0.22314355131421,1.16788334368066
201,1,-0.693147180559945,1.16788334368066
201,1,0.262364264467491,1.16788334368066
201,9,-0.356674943938732,1.16788334368066
201,1,0.78845736036427,1.16788334368066
201,1,0.693147180559945,1.16788334368066
201,1,-0.105360515657826,1.16788334368066
201,1,-0.105360515657826,1.16788334368066
201,1,-0.510825623765991,1.16788334368066
201,1,-1.20397280432594,1.16788334368066
201,1,1.54756250871601,1.16788334368066
201,1,0.182321556793955,1.16788334368066
201,1,0.955511445027436,1.16788334368066
201,0,1.48160454092422,1.16788334368066
201,1,1.02961941718116,1.16788334368066
201,9,1.75785791755237,1.16788334368066
201,1,-0.22314355131421,1.16788334368066
201,1,0.0953101798043249,1.16788334368066
201,1,0.405465108108164,1.16788334368066
201,1,0.0953101798043249,1.16788334368066
201,0,-0.356674943938732,1.16788334368066
201,1,0.405465108108164,1.16788334368066
201,9,1.80828877117927,1.16788334368066
201,1,1.41098697371026,1.16788334368066
201,1,0.53062825106217,1.16788334368066
201,1,1.1314021114911,1.16788334368066
201,1,-0.916290731874155,1.16788334368066
201,1,0.182321556793955,1.16788334368066
201,9,-0.22314355131421,1.16788334368066
201,1,-0.105360515657826,1.16788334368066
201,1,0.182321556793955,1.16788334368066
201,9,0.470003629245736,1.16788334368066
201,1,0.741937344729377,1.16788334368066
201,1,0.262364264467491,1.16788334368066
201,1,0.182321556793955,1.16788334368066
201,1,0.587786664902119,1.16788334368066
201,1,1.22377543162212,1.16788334368066
201,1,-0.22314355131421,1.16788334368066
201,1,0,1.16788334368066
201,0,0.0953101798043249,1.16788334368066
201,1,-0.510825623765991,1.16788334368066
201,1,1.33500106673234,1.16788334368066
201,1,-0.105360515657826,1.16788334368066
201,1,0.470003629245736,1.16788334368066
201,1,0.336472236621213,1.16788334368066
201,1,0.470003629245736,1.16788334368066
201,1,0.336472236621213,1.16788334368066
201,1,0.955511445027436,1.16788334368066
201,1,1.3609765531356,1.16788334368066
201,1,0,1.16788334368066
201,1,0.0953101798043249,1.16788334368066
201,1,0.53062825106217,1.16788334368066
201,1,-0.22314355131421,1.16788334368066
201,1,-1.6094379124341,1.16788334368066
201,1,-0.916290731874155,1.16788334368066
201,1,0.53062825106217,1.16788334368066
201,1,0,1.16788334368066
201,1,0.336472236621213,1.16788334368066
201,1,0.336472236621213,1.16788334368066
201,0,1.48160454092422,1.16788334368066
201,1,0.262364264467491,1.16788334368066
201,1,0,1.16788334368066
201,1,0.262364264467491,1.16788334368066
201,1,-0.105360515657826,1.16788334368066
201,1,0.182321556793955,1.16788334368066
201,9,0.993251773010283,1.16788334368066
201,1,1.82454929205105,1.16788334368066
201,1,1.58923520511658,1.16788334368066
201,1,1.7404661748405,1.16788334368066
201,1,1.82454929205105,1.16788334368066
201,1,0.641853886172395,1.16788334368066
201,0,0.470003629245736,1.16788334368066
201,0,1.09861228866811,1.16788334368066
201,1,1.38629436111989,1.16788334368066
201,1,1.62924053973028,1.16788334368066
201,1,0.262364264467491,1.16788334368066
201,1,0.336472236621213,1.16788334368066
201,1,0.262364264467491,1.16788334368066
201,1,-0.22314355131421,1.16788334368066
201,1,0.336472236621213,1.16788334368066
201,9,-0.105360515657826,1.16788334368066
201,1,0.405465108108164,1.16788334368066
201,1,1.6094379124341,1.16788334368066
201,1,0.916290731874155,1.16788334368066
201,1,1.02961941718116,1.16788334368066
201,1,-0.105360515657826,1.16788334368066
201,1,0.832909122935104,1.16788334368066
201,1,0.78845736036427,1.16788334368066
201,1,1.50407739677627,1.16788334368066
201,1,0,1.16788334368066
201,1,0.262364264467491,1.16788334368066
201,1,-0.916290731874155,1.16788334368066
201,1,0.336472236621213,1.16788334368066
201,1,-0.22314355131421,1.16788334368066
201,1,0.8754687373539,1.16788334368066
201,9,1.19392246847243,1.16788334368066
201,1,-0.693147180559945,1.16788334368066
201,1,-0.510825623765991,1.16788334368066
201,1,0.78845736036427,1.16788334368066
201,9,-0.356674943938732,1.16788334368066
201,1,0,1.16788334368066
201,1,1.43508452528932,1.16788334368066
201,1,1.16315080980568,1.16788334368066
201,1,0.693147180559945,1.16788334368066
201,1,1.82454929205105,1.16788334368066
201,1,1.7404661748405,1.16788334368066
201,1,0.0953101798043249,1.16788334368066
201,2,-0.916290731874155,1.16788334368066
201,1,0.916290731874155,1.16788334368066
201,9,0.741937344729377,1.16788334368066
201,1,0.832909122935104,1.16788334368066
201,1,0.8754687373539,1.16788334368066
201,1,0.78845736036427,1.16788334368066
201,1,1.85629799036563,1.16788334368066
201,1,0.182321556793955,1.16788334368066
201,1,0.53062825106217,1.16788334368066
201,1,-0.693147180559945,1.16788334368066
201,1,1.3609765531356,1.16788334368066
201,1,-0.693147180559945,1.16788334368066
201,9,0.587786664902119,1.16788334368066
201,1,-1.20397280432594,1.16788334368066
201,1,-0.22314355131421,1.16788334368066
201,1,1.06471073699243,1.16788334368066
201,9,-0.916290731874155,1.16788334368066
201,1,2.45958884180371,1.16788334368066
201,9,-0.22314355131421,1.16788334368066
201,1,1.16315080980568,1.16788334368066
201,1,1.3609765531356,1.16788334368066
201,1,1.22377543162212,1.16788334368066
201,9,0,1.16788334368066
201,9,-0.693147180559945,1.16788334368066
201,1,0.741937344729377,1.16788334368066
201,3,1.06471073699243,1.16788334368066
201,0,0.78845736036427,1.16788334368066
201,1,1.62924053973028,1.16788334368066
201,1,0.741937344729377,1.16788334368066
201,1,0.693147180559945,1.16788334368066
201,1,-0.510825623765991,1.16788334368066
201,1,1.1314021114911,1.16788334368066
201,1,0.405465108108164,1.16788334368066
201,1,1.02961941718116,1.16788334368066
201,1,0.336472236621213,1.16788334368066
201,1,1.41098697371026,1.16788334368066
201,1,0.741937344729377,1.16788334368066
201,1,1.22377543162212,1.16788334368066
201,1,1.75785791755237,1.16788334368066
201,1,-1.6094379124341,1.16788334368066
201,1,-0.916290731874155,1.16788334368066
201,1,0.53062825106217,1.16788334368066
201,1,0.693147180559945,1.16788334368066
201,1,0.78845736036427,1.16788334368066
201,1,0.741937344729377,1.16788334368066
201,1,1.16315080980568,1.16788334368066
201,1,0.262364264467491,1.16788334368066
201,1,0.182321556793955,1.16788334368066
201,1,2.00148000021012,1.16788334368066
201,9,1.33500106673234,1.16788334368066
201,1,0.587786664902119,1.16788334368066
201,1,-0.105360515657826,1.16788334368066
201,1,1.02961941718116,1.16788334368066
201,1,1.50407739677627,1.16788334368066
201,1,1.09861228866811,1.16788334368066
201,1,0.182321556793955,1.16788334368066
201,1,0.182321556793955,1.16788334368066
201,1,0.641853886172395,1.16788334368066
201,1,1.6094379124341,1.16788334368066
201,1,1.62924053973028,1.16788334368066
201,0,1.43508452528932,1.16788334368066
201,1,1.09861228866811,1.16788334368066
201,1,0.0953101798043249,1.16788334368066
201,1,0.832909122935104,1.16788334368066
201,1,0.405465108108164,1.16788334368066
201,1,0.832909122935104,1.16788334368066
201,1,-0.356674943938732,1.16788334368066
201,1,0.832909122935104,1.16788334368066
201,1,0.641853886172395,1.16788334368066
201,9,0,1.16788334368066
201,9,-0.22314355131421,1.16788334368066
201,1,0.182321556793955,1.16788334368066
201,1,-0.356674943938732,1.16788334368066
201,0,0.0953101798043249,1.16788334368066
201,1,-0.105360515657826,1.16788334368066
201,1,-0.916290731874155,1.16788334368066
201,1,1.80828877117927,1.16788334368066
201,1,0.182321556793955,1.16788334368066
201,1,0.53062825106217,1.16788334368066
201,1,0,1.16788334368066
201,1,0.832909122935104,1.16788334368066
201,1,-0.22314355131421,1.16788334368066
201,1,0.741937344729377,1.16788334368066
201,1,0.336472236621213,1.16788334368066
201,1,1.7404661748405,1.16788334368066
201,1,-0.693147180559945,1.16788334368066
201,1,0.470003629245736,1.16788334368066
201,1,-0.510825623765991,1.16788334368066
201,1,-0.356674943938732,1.16788334368066
201,1,-1.6094379124341,1.16788334368066
201,1,0.587786664902119,1.16788334368066
201,1,0,1.16788334368066
201,1,-0.105360515657826,1.16788334368066
201,1,0.693147180559945,1.16788334368066
201,1,0.405465108108164,1.16788334368066
201,1,1.64865862558738,1.16788334368066
201,1,-0.105360515657826,1.16788334368066
201,1,0.182321556793955,1.16788334368066
201,1,-0.105360515657826,1.16788334368066
201,1,1.19392246847243,1.16788334368066
201,1,0.405465108108164,1.16788334368066
201,1,0.262364264467491,1.16788334368066
201,9,-1.6094379124341,1.16788334368066
201,1,-0.105360515657826,1.16788334368066
201,1,-1.20397280432594,1.16788334368066
201,1,-0.356674943938732,1.16788334368066
201,1,-0.356674943938732,1.16788334368066
201,1,0.336472236621213,1.16788334368066
201,1,-0.22314355131421,1.16788334368066
201,1,1.22377543162212,1.16788334368066
201,1,0.262364264467491,1.16788334368066
201,1,0,1.16788334368066
201,1,-2.30258509299405,1.16788334368066
201,1,-2.30258509299405,1.16788334368066
201,1,-0.510825623765991,1.16788334368066
201,1,0,1.16788334368066
201,1,0.336472236621213,1.16788334368066
201,1,0.262364264467491,1.16788334368066
201,1,0.182321556793955,1.16788334368066
201,1,0.262364264467491,1.16788334368066
201,1,0.405465108108164,1.16788334368066
201,1,0.470003629245736,1.16788334368066
201,1,0.693147180559945,1.16788334368066
201,1,-1.6094379124341,1.16788334368066
201,1,0.182321556793955,1.16788334368066
201,1,0.916290731874155,1.16788334368066
201,1,-0.916290731874155,1.16788334368066
201,1,-0.693147180559945,1.16788334368066
201,1,-0.693147180559945,1.16788334368066
201,1,0.832909122935104,1.16788334368066
201,1,2.63905732961526,1.16788334368066
201,1,1.43508452528932,1.16788334368066
201,1,0.78845736036427,1.16788334368066
201,1,0.405465108108164,1.16788334368066
201,1,-0.356674943938732,1.16788334368066
201,1,-0.693147180559945,1.16788334368066
201,1,-0.22314355131421,1.16788334368066
201,1,-0.510825623765991,1.16788334368066
201,1,-0.105360515657826,1.16788334368066
201,1,1.22377543162212,1.16788334368066
201,1,1.38629436111989,1.16788334368066
201,0,0.641853886172395,1.16788334368066
201,1,-0.356674943938732,1.16788334368066
201,9,-0.22314355131421,1.16788334368066
201,1,0.955511445027436,1.16788334368066
201,1,0.262364264467491,1.16788334368066
201,1,0.336472236621213,1.16788334368066
201,1,0.336472236621213,1.16788334368066
201,1,0.470003629245736,1.16788334368066
201,1,-0.510825623765991,1.16788334368066
201,1,-0.916290731874155,1.16788334368066
201,1,0.993251773010283,1.16788334368066
201,1,-0.105360515657826,1.16788334368066
201,1,-0.22314355131421,1.16788334368066
201,1,-0.22314355131421,1.16788334368066
201,1,-0.693147180559945,1.16788334368066
201,1,0,1.16788334368066
201,1,-0.916290731874155,1.16788334368066
201,1,-0.356674943938732,1.16788334368066
201,1,-0.510825623765991,1.16788334368066
201,1,-0.105360515657826,1.16788334368066
201,1,0.693147180559945,1.16788334368066
201,9,0.336472236621213,1.16788334368066
201,1,0.641853886172395,1.16788334368066
201,1,0.182321556793955,1.16788334368066
201,1,0.262364264467491,1.16788334368066
201,1,0.262364264467491,1.16788334368066
201,1,1.50407739677627,1.16788334368066
201,1,-2.30258509299405,1.16788334368066
201,1,-0.105360515657826,1.16788334368066
201,1,-0.105360515657826,1.16788334368066
201,1,0.993251773010283,1.16788334368066
201,1,-0.22314355131421,1.16788334368066
201,1,0.693147180559945,1.16788334368066
201,1,-0.510825623765991,1.16788334368066
201,1,-0.510825623765991,1.16788334368066
201,1,-0.916290731874155,1.16788334368066
201,9,0.182321556793955,1.16788334368066
201,1,0.470003629245736,1.16788334368066
201,1,0.470003629245736,1.16788334368066
201,1,0.53062825106217,1.16788334368066
201,1,-0.22314355131421,1.16788334368066
201,1,0.182321556793955,1.16788334368066
201,1,-0.916290731874155,1.16788334368066
201,1,1.41098697371026,1.16788334368066
201,1,0.0953101798043249,1.16788334368066
201,1,0.0953101798043249,1.16788334368066
201,1,0.262364264467491,1.16788334368066
201,1,-0.22314355131421,1.16788334368066
201,9,0.0953101798043249,1.16788334368066
201,1,-0.916290731874155,1.16788334368066
201,1,0.0953101798043249,1.16788334368066
201,1,0.832909122935104,1.16788334368066
201,1,1.09861228866811,1.16788334368066
201,1,0.587786664902119,1.16788334368066
201,1,0.182321556793955,1.16788334368066
201,1,0.470003629245736,1.16788334368066
201,1,-0.105360515657826,1.16788334368066
201,1,0,1.16788334368066
201,1,-0.916290731874155,1.16788334368066
201,1,-0.916290731874155,1.16788334368066
201,1,-1.6094379124341,1.16788334368066
201,1,-0.693147180559945,1.16788334368066
201,1,0.0953101798043249,1.16788334368066
201,9,0.53062825106217,1.16788334368066
201,1,1.16315080980568,1.16788334368066
201,1,0.78845736036427,1.16788334368066
201,1,0.0953101798043249,1.16788334368066
201,1,0.78845736036427,1.16788334368066
201,1,1.87180217690159,1.16788334368066
201,1,-0.105360515657826,1.16788334368066
201,1,0.78845736036427,1.16788334368066
201,1,0.693147180559945,1.16788334368066
201,1,0.262364264467491,1.16788334368066
201,1,0.182321556793955,1.16788334368066
201,1,-0.105360515657826,1.16788334368066
201,1,0.641853886172395,1.16788334368066
201,9,-0.22314355131421,1.16788334368066
201,1,-0.22314355131421,1.16788334368066
201,1,0.336472236621213,1.16788334368066
201,1,0,1.16788334368066
201,1,0.693147180559945,1.16788334368066
201,1,-0.22314355131421,1.16788334368066
201,1,-0.356674943938732,1.16788334368066
201,1,0,1.16788334368066
201,1,0.0953101798043249,1.16788334368066
201,1,0,1.16788334368066
201,1,-0.510825623765991,1.16788334368066
201,1,0.182321556793955,1.16788334368066
201,1,0.587786664902119,1.16788334368066
201,1,0.8754687373539,1.16788334368066
201,1,0.405465108108164,1.16788334368066
201,1,0.78845736036427,1.16788334368066
201,1,0.53062825106217,1.16788334368066
201,1,-0.105360515657826,1.16788334368066
201,1,0.916290731874155,1.16788334368066
201,1,-1.20397280432594,1.16788334368066
201,1,-0.693147180559945,1.16788334368066
201,1,-0.693147180559945,1.16788334368066
201,1,-0.693147180559945,1.16788334368066
201,1,0.78845736036427,1.16788334368066
201,1,-1.20397280432594,1.16788334368066
201,1,0.693147180559945,1.16788334368066
201,1,1.64865862558738,1.16788334368066
201,1,0.470003629245736,1.16788334368066
201,1,0.78845736036427,1.16788334368066
201,1,0.405465108108164,1.16788334368066
201,0,0.832909122935104,1.16788334368066
201,1,-0.105360515657826,1.16788334368066
201,1,-0.510825623765991,1.16788334368066
201,1,-0.510825623765991,1.16788334368066
201,1,0.336472236621213,1.16788334368066
201,1,1.93152141160321,1.16788334368066
201,9,-2.30258509299405,1.16788334368066
201,1,1.66770682055808,1.16788334368066
201,1,0.587786664902119,1.16788334368066
201,1,-0.105360515657826,1.16788334368066
201,1,0.262364264467491,1.16788334368066
201,1,0,1.16788334368066
201,9,0.8754687373539,1.16788334368066
201,1,0.470003629245736,1.16788334368066
201,1,0.336472236621213,1.16788334368066
201,1,1.09861228866811,1.16788334368066
201,1,-0.693147180559945,1.16788334368066
201,1,-0.510825623765991,1.16788334368066
201,1,1.50407739677627,1.16788334368066
201,1,1.19392246847243,1.16788334368066
201,1,-0.105360515657826,1.16788334368066
201,1,-0.510825623765991,1.16788334368066
201,1,1.45861502269952,1.16788334368066
201,1,-2.30258509299405,1.16788334368066
201,0,1.38629436111989,1.16788334368066
201,1,0.336472236621213,1.16788334368066
201,1,0.53062825106217,1.16788334368066
201,1,-0.916290731874155,1.16788334368066
201,1,-1.6094379124341,1.16788334368066
201,2,-1.6094379124341,1.16788334368066
201,1,-0.693147180559945,1.16788334368066
201,1,-0.916290731874155,1.16788334368066
201,1,-0.356674943938732,1.16788334368066
201,1,-0.105360515657826,1.16788334368066
201,1,0.587786664902119,1.16788334368066
201,1,-0.22314355131421,1.16788334368066
201,1,1.38629436111989,1.16788334368066
201,2,0.0953101798043249,1.16788334368066
201,1,0.182321556793955,1.16788334368066
201,1,0.8754687373539,1.16788334368066
201,1,0,1.16788334368066
201,1,0.0953101798043249,1.16788334368066
201,1,0.78845736036427,1.16788334368066
201,1,-0.510825623765991,1.16788334368066
201,1,-0.693147180559945,1.16788334368066
201,1,1.30833281965018,1.16788334368066
201,1,-0.356674943938732,1.16788334368066
201,1,-1.20397280432594,1.16788334368066
201,1,-0.105360515657826,1.16788334368066
201,1,0.262364264467491,1.16788334368066
201,9,1.3609765531356,1.16788334368066
201,1,0.693147180559945,1.16788334368066
201,1,0.916290731874155,1.16788334368066
201,1,0.587786664902119,1.16788334368066
201,1,0.262364264467491,1.16788334368066
201,9,-0.693147180559945,1.16788334368066
201,1,-0.510825623765991,1.16788334368066
201,1,-1.6094379124341,1.16788334368066
201,1,-0.510825623765991,1.16788334368066
201,1,0,1.16788334368066
201,1,0.182321556793955,1.16788334368066
201,1,-0.693147180559945,1.16788334368066
201,1,-0.356674943938732,1.16788334368066
201,1,0.693147180559945,1.16788334368066
201,1,0.693147180559945,1.16788334368066
201,1,0.470003629245736,1.16788334368066
201,1,0.955511445027436,1.16788334368066
201,1,0.182321556793955,1.16788334368066
201,1,-0.510825623765991,1.16788334368066
201,1,0.182321556793955,1.16788334368066
201,1,0.641853886172395,1.16788334368066
201,1,-0.22314355131421,1.16788334368066
201,1,-2.30258509299405,1.16788334368066
201,1,1.52605630349505,1.16788334368066
201,1,0,1.16788334368066
201,1,-1.6094379124341,1.16788334368066
201,9,-0.510825623765991,1.16788334368066
201,1,1.16315080980568,1.16788334368066
201,1,0.587786664902119,1.16788334368066
201,1,0.641853886172395,1.16788334368066
201,1,0.182321556793955,1.16788334368066
201,1,-0.105360515657826,1.16788334368066
201,1,-0.916290731874155,1.16788334368066
201,1,0.405465108108164,1.16788334368066
201,1,-1.6094379124341,1.16788334368066
201,1,1.45861502269952,1.16788334368066
201,1,-0.105360515657826,1.16788334368066
201,1,-0.22314355131421,1.16788334368066
201,1,-0.105360515657826,1.16788334368066
201,1,0.53062825106217,1.16788334368066
201,1,0.336472236621213,1.16788334368066
201,1,0,1.16788334368066
201,1,-0.105360515657826,1.16788334368066
201,1,0.336472236621213,1.16788334368066
201,1,-0.916290731874155,1.16788334368066
201,1,-1.20397280432594,1.16788334368066
201,1,-1.20397280432594,1.16788334368066
201,1,-0.356674943938732,1.16788334368066
201,1,-1.6094379124341,1.16788334368066
201,1,-0.510825623765991,1.16788334368066
201,1,-2.30258509299405,1.16788334368066
201,1,-0.693147180559945,1.16788334368066
201,1,1.52605630349505,1.16788334368066
201,1,0.470003629245736,1.16788334368066
201,1,-0.916290731874155,1.16788334368066
201,1,-0.105360515657826,1.16788334368066
201,1,-0.693147180559945,1.16788334368066
201,1,1.30833281965018,1.16788334368066
201,1,-0.105360515657826,1.16788334368066
201,1,-0.916290731874155,1.16788334368066
201,1,1.43508452528932,1.16788334368066
201,0,0.0953101798043249,1.16788334368066
201,1,-0.916290731874155,1.16788334368066
201,1,0.587786664902119,1.16788334368066
201,1,0,1.16788334368066
201,1,0.336472236621213,1.16788334368066
201,1,0.0953101798043249,1.16788334368066
201,1,-1.20397280432594,1.16788334368066
201,1,-0.693147180559945,1.16788334368066
201,1,0.641853886172395,1.16788334368066
201,1,1.68639895357023,1.16788334368066
201,1,1.30833281965018,1.16788334368066
201,1,0.741937344729377,1.16788334368066
201,1,1.22377543162212,1.16788334368066
201,1,0.993251773010283,1.16788334368066
201,1,0.405465108108164,1.16788334368066
201,1,-0.105360515657826,1.16788334368066
201,1,0,1.16788334368066
201,1,0.53062825106217,1.16788334368066
201,1,0.470003629245736,1.16788334368066
201,1,-0.693147180559945,1.16788334368066
201,9,-0.693147180559945,1.16788334368066
201,1,1.09861228866811,1.16788334368066
201,1,-0.22314355131421,1.16788334368066
201,1,1.02961941718116,1.16788334368066
201,9,-0.356674943938732,1.16788334368066
201,1,1.45861502269952,1.16788334368066
201,1,-1.20397280432594,1.16788334368066
201,1,-0.105360515657826,1.16788334368066
201,1,-1.20397280432594,1.16788334368066
201,1,0.182321556793955,1.16788334368066
201,1,0.336472236621213,1.16788334368066
201,1,-0.510825623765991,1.16788334368066
201,1,0,1.16788334368066
201,1,1.7404661748405,1.16788334368066
201,1,1.09861228866811,1.16788334368066
201,1,0.262364264467491,1.16788334368066
201,1,1.38629436111989,1.16788334368066
201,9,0.53062825106217,1.16788334368066
201,1,0.641853886172395,1.16788334368066
201,1,0.182321556793955,1.16788334368066
201,1,0.262364264467491,1.16788334368066
201,2,-0.693147180559945,1.16788334368066
201,1,0.262364264467491,1.16788334368066
201,1,-0.105360515657826,1.16788334368066
201,1,0.587786664902119,1.16788334368066
201,1,0.0953101798043249,1.16788334368066
201,1,0.182321556793955,1.16788334368066
201,1,0.336472236621213,1.16788334368066
201,1,-0.105360515657826,1.16788334368066
201,1,1.88706964903238,1.16788334368066
201,1,1.30833281965018,1.16788334368066
201,1,1.33500106673234,1.16788334368066
201,1,0.182321556793955,1.16788334368066
201,1,0.53062825106217,1.16788334368066
201,1,0.182321556793955,1.16788334368066
201,1,1.22377543162212,1.16788334368066
201,1,1.02961941718116,1.16788334368066
201,1,0.832909122935104,1.16788334368066
201,1,0.262364264467491,1.16788334368066
201,9,0.470003629245736,1.16788334368066
201,1,1.09861228866811,1.16788334368066
201,1,-1.20397280432594,1.16788334368066
201,1,-0.22314355131421,1.16788334368066
201,1,0.641853886172395,1.16788334368066
201,1,1.62924053973028,1.16788334368066
201,1,-0.22314355131421,1.16788334368066
201,1,1.09861228866811,1.16788334368066
201,1,0.693147180559945,1.16788334368066
201,1,-0.916290731874155,1.16788334368066
201,1,-2.30258509299405,1.16788334368066
201,1,0.53062825106217,1.16788334368066
201,1,0.470003629245736,1.16788334368066
201,1,0.916290731874155,1.16788334368066
223,1,0.0953101798043249,1.03463183400469
223,1,0.53062825106217,1.03463183400469
223,1,0.470003629245736,1.03463183400469
223,1,0.993251773010283,1.03463183400469
223,1,0.182321556793955,1.03463183400469
223,1,1.02961941718116,1.03463183400469
223,1,0.336472236621213,1.03463183400469
223,1,0.405465108108164,1.03463183400469
223,1,-0.693147180559945,1.03463183400469
223,1,0,1.03463183400469
223,1,0.262364264467491,1.03463183400469
223,1,0.832909122935104,1.03463183400469
223,1,-0.22314355131421,1.03463183400469
223,1,0.262364264467491,1.03463183400469
223,0,1.25276296849537,1.03463183400469
223,1,-0.22314355131421,1.03463183400469
223,1,-2.30258509299405,1.03463183400469
223,1,0.405465108108164,1.03463183400469
223,1,-0.916290731874155,1.03463183400469
223,1,0.693147180559945,1.03463183400469
223,1,-0.356674943938732,1.03463183400469
223,1,-0.356674943938732,1.03463183400469
223,1,-2.30258509299405,1.03463183400469
223,0,-0.916290731874155,1.03463183400469
223,1,-0.510825623765991,1.03463183400469
223,1,-0.22314355131421,1.03463183400469
223,1,-0.510825623765991,1.03463183400469
223,1,-1.6094379124341,1.03463183400469
223,1,-0.510825623765991,1.03463183400469
223,1,-1.6094379124341,1.03463183400469
223,1,-0.105360515657826,1.03463183400469
223,1,-0.22314355131421,1.03463183400469
223,1,-0.916290731874155,1.03463183400469
223,1,0.693147180559945,1.03463183400469
223,1,-0.693147180559945,1.03463183400469
223,1,-1.6094379124341,1.03463183400469
223,1,-1.20397280432594,1.03463183400469
223,1,-2.30258509299405,1.03463183400469
223,1,1.82454929205105,1.03463183400469
223,1,-0.510825623765991,1.03463183400469
223,1,-1.6094379124341,1.03463183400469
223,1,0.0953101798043249,1.03463183400469
223,1,-0.510825623765991,1.03463183400469
223,1,0.182321556793955,1.03463183400469
223,0,0.641853886172395,1.03463183400469
223,1,-0.356674943938732,1.03463183400469
223,1,0.8754687373539,1.03463183400469
223,1,0.0953101798043249,1.03463183400469
223,1,0.0953101798043249,1.03463183400469
223,9,0.182321556793955,1.03463183400469
223,1,0.470003629245736,1.03463183400469
223,1,0.955511445027436,1.03463183400469
223,1,0.336472236621213,1.03463183400469
223,1,-1.20397280432594,1.03463183400469
223,1,0.53062825106217,1.03463183400469
223,1,-0.105360515657826,1.03463183400469
223,1,-0.693147180559945,1.03463183400469
223,1,-2.30258509299405,1.03463183400469
223,1,0,1.03463183400469
223,1,-0.105360515657826,1.03463183400469
223,1,-1.20397280432594,1.03463183400469
223,1,-1.6094379124341,1.03463183400469
223,1,-1.6094379124341,1.03463183400469
223,1,-0.693147180559945,1.03463183400469
223,9,-1.6094379124341,1.03463183400469
223,1,-0.510825623765991,1.03463183400469
223,1,-0.693147180559945,1.03463183400469
223,1,0.993251773010283,1.03463183400469
223,9,-0.916290731874155,1.03463183400469
223,9,-1.20397280432594,1.03463183400469
223,1,-0.105360515657826,1.03463183400469
223,1,0.336472236621213,1.03463183400469
223,1,0.53062825106217,1.03463183400469
223,1,-0.356674943938732,1.03463183400469
223,1,-0.356674943938732,1.03463183400469
223,1,0.262364264467491,1.03463183400469
223,1,-2.30258509299405,1.03463183400469
223,1,0.693147180559945,1.03463183400469
223,1,0.0953101798043249,1.03463183400469
223,1,0.470003629245736,1.03463183400469
223,1,-1.20397280432594,1.03463183400469
223,1,1.30833281965018,1.03463183400469
223,1,0.405465108108164,1.03463183400469
223,9,0.641853886172395,1.03463183400469
223,1,-1.6094379124341,1.03463183400469
223,1,0.832909122935104,1.03463183400469
223,1,0.262364264467491,1.03463183400469
223,1,0.182321556793955,1.03463183400469
223,1,-0.510825623765991,1.03463183400469
223,1,-0.693147180559945,1.03463183400469
223,1,0.336472236621213,1.03463183400469
223,1,-0.693147180559945,1.03463183400469
223,1,-1.6094379124341,1.03463183400469
223,1,-0.916290731874155,1.03463183400469
223,1,-0.22314355131421,1.03463183400469
223,1,0.955511445027436,1.03463183400469
223,1,0,1.03463183400469
223,1,-1.6094379124341,1.03463183400469
223,1,0.0953101798043249,1.03463183400469
234,1,0.405465108108164,0.926106400195385
234,1,-0.693147180559945,0.926106400195385
234,1,0.741937344729377,0.926106400195385
234,1,0.741937344729377,0.926106400195385
234,1,-0.916290731874155,0.926106400195385
234,1,-0.693147180559945,0.926106400195385
234,1,0.405465108108164,0.926106400195385
234,1,-0.105360515657826,0.926106400195385
234,1,-0.356674943938732,0.926106400195385
234,1,-1.6094379124341,0.926106400195385
234,1,1.6094379124341,0.926106400195385
234,1,-0.693147180559945,0.926106400195385
234,1,0.641853886172395,0.926106400195385
234,1,0.641853886172395,0.926106400195385
234,1,-1.6094379124341,0.926106400195385
234,9,-0.693147180559945,0.926106400195385
234,0,1.3609765531356,0.926106400195385
234,1,0.916290731874155,0.926106400195385
234,1,0.916290731874155,0.926106400195385
234,9,1.28093384546206,0.926106400195385
234,1,0.182321556793955,0.926106400195385
234,0,0.916290731874155,0.926106400195385
234,1,1.66770682055808,0.926106400195385
234,1,0.0953101798043249,0.926106400195385
234,1,0.78845736036427,0.926106400195385
234,1,0.53062825106217,0.926106400195385
234,1,0.916290731874155,0.926106400195385
234,1,-0.105360515657826,0.926106400195385
234,1,-0.693147180559945,0.926106400195385
234,1,-0.510825623765991,0.926106400195385
234,1,0.262364264467491,0.926106400195385
234,1,0.78845736036427,0.926106400195385
234,1,-0.105360515657826,0.926106400195385
234,1,-0.105360515657826,0.926106400195385
234,1,0.741937344729377,0.926106400195385
234,1,1.3609765531356,0.926106400195385
234,1,1.19392246847243,0.926106400195385
234,1,0.262364264467491,0.926106400195385
234,0,0.8754687373539,0.926106400195385
234,1,-1.20397280432594,0.926106400195385
234,0,1.79175946922805,0.926106400195385
234,9,0.641853886172395,0.926106400195385
234,1,0.336472236621213,0.926106400195385
234,0,-0.105360515657826,0.926106400195385
234,1,-0.356674943938732,0.926106400195385
234,1,0.262364264467491,0.926106400195385
234,1,0.182321556793955,0.926106400195385
234,1,-0.22314355131421,0.926106400195385
234,1,-0.105360515657826,0.926106400195385
234,1,-0.22314355131421,0.926106400195385
234,9,1.33500106673234,0.926106400195385
234,1,-0.693147180559945,0.926106400195385
234,1,-0.105360515657826,0.926106400195385
234,1,0,0.926106400195385
234,1,-0.693147180559945,0.926106400195385
234,1,0.53062825106217,0.926106400195385
234,1,0.955511445027436,0.926106400195385
266,1,-0.22314355131421,1.26222095751755
266,1,0.0953101798043249,1.26222095751755
266,1,-2.30258509299405,1.26222095751755
266,1,1.56861591791385,1.26222095751755
266,1,-0.356674943938732,1.26222095751755
266,1,-0.356674943938732,1.26222095751755
266,1,-1.6094379124341,1.26222095751755
266,1,0.741937344729377,1.26222095751755
266,1,0.78845736036427,1.26222095751755
266,1,-0.22314355131421,1.26222095751755
266,1,-0.693147180559945,1.26222095751755
266,1,0.336472236621213,1.26222095751755
266,1,-0.693147180559945,1.26222095751755
266,1,1.33500106673234,1.26222095751755
266,1,0.916290731874155,1.26222095751755
266,1,-2.30258509299405,1.26222095751755
266,1,1.7404661748405,1.26222095751755
266,1,0.182321556793955,1.26222095751755
266,1,0.405465108108164,1.26222095751755
266,1,-0.105360515657826,1.26222095751755
266,9,-0.916290731874155,1.26222095751755
266,1,-0.916290731874155,1.26222095751755
266,1,-0.510825623765991,1.26222095751755
266,9,-0.916290731874155,1.26222095751755
266,1,0.336472236621213,1.26222095751755
266,1,0.641853886172395,1.26222095751755
266,1,1.1314021114911,1.26222095751755
266,1,0.262364264467491,1.26222095751755
266,1,0,1.26222095751755
266,1,0.262364264467491,1.26222095751755
266,1,0.693147180559945,1.26222095751755
266,1,0.262364264467491,1.26222095751755
266,0,-0.105360515657826,1.26222095751755
266,1,-1.6094379124341,1.26222095751755
266,1,-1.20397280432594,1.26222095751755
266,1,-1.20397280432594,1.26222095751755
266,1,-0.693147180559945,1.26222095751755
266,1,1.02961941718116,1.26222095751755
266,1,0.641853886172395,1.26222095751755
266,1,0.470003629245736,1.26222095751755
266,1,1.52605630349505,1.26222095751755
266,1,0.916290731874155,1.26222095751755
266,1,0.405465108108164,1.26222095751755
266,1,0.693147180559945,1.26222095751755
266,1,-0.916290731874155,1.26222095751755
266,1,-0.510825623765991,1.26222095751755
266,1,0.182321556793955,1.26222095751755
266,1,1.66770682055808,1.26222095751755
266,1,-0.22314355131421,1.26222095751755
266,1,0.336472236621213,1.26222095751755
266,1,-0.693147180559945,1.26222095751755
266,1,1.28093384546206,1.26222095751755
266,1,1.66770682055808,1.26222095751755
266,1,-0.693147180559945,1.26222095751755
266,1,-0.356674943938732,1.26222095751755
266,1,-0.510825623765991,1.26222095751755
266,1,0.0953101798043249,1.26222095751755
266,1,-0.105360515657826,1.26222095751755
266,1,-0.105360515657826,1.26222095751755
266,1,-0.916290731874155,1.26222095751755
266,1,0.262364264467491,1.26222095751755
266,1,0.262364264467491,1.26222095751755
266,1,-0.510825623765991,1.26222095751755
266,1,1.33500106673234,1.26222095751755
266,1,-0.693147180559945,1.26222095751755
266,1,0.0953101798043249,1.26222095751755
266,1,0.955511445027436,1.26222095751755
266,1,-0.916290731874155,1.26222095751755
266,1,0.0953101798043249,1.26222095751755
266,1,0.832909122935104,1.26222095751755
266,1,0.405465108108164,1.26222095751755
266,1,0.336472236621213,1.26222095751755
266,1,0.693147180559945,1.26222095751755
266,1,-0.356674943938732,1.26222095751755
266,1,0.0953101798043249,1.26222095751755
266,1,0.470003629245736,1.26222095751755
266,1,-0.22314355131421,1.26222095751755
266,1,0,1.26222095751755
266,1,0.641853886172395,1.26222095751755
266,1,-0.916290731874155,1.26222095751755
266,1,0.641853886172395,1.26222095751755
266,1,-1.20397280432594,1.26222095751755
266,1,-0.22314355131421,1.26222095751755
266,1,0.587786664902119,1.26222095751755
266,1,0,1.26222095751755
266,1,-0.22314355131421,1.26222095751755
266,1,0.693147180559945,1.26222095751755
266,1,-1.6094379124341,1.26222095751755
266,1,0.993251773010283,1.26222095751755
266,1,0.916290731874155,1.26222095751755
266,1,-0.105360515657826,1.26222095751755
266,1,0.405465108108164,1.26222095751755
266,9,-0.916290731874155,1.26222095751755
266,9,-0.693147180559945,1.26222095751755
266,1,0.78845736036427,1.26222095751755
266,1,-1.20397280432594,1.26222095751755
266,1,0.78845736036427,1.26222095751755
266,1,0,1.26222095751755
266,1,-0.916290731874155,1.26222095751755
266,1,0.336472236621213,1.26222095751755
266,1,-2.30258509299405,1.26222095751755
266,1,0.336472236621213,1.26222095751755
266,1,0.262364264467491,1.26222095751755
266,9,-0.22314355131421,1.26222095751755
266,1,-1.20397280432594,1.26222095751755
266,1,1.28093384546206,1.26222095751755
266,1,1.66770682055808,1.26222095751755
266,1,0.8754687373539,1.26222095751755
266,1,-0.22314355131421,1.26222095751755
266,1,-0.693147180559945,1.26222095751755
266,1,-1.20397280432594,1.26222095751755
266,1,0.182321556793955,1.26222095751755
266,1,-0.22314355131421,1.26222095751755
266,1,-0.916290731874155,1.26222095751755
266,1,0.587786664902119,1.26222095751755
266,9,-0.510825623765991,1.26222095751755
266,1,-0.916290731874155,1.26222095751755
266,9,-1.20397280432594,1.26222095751755
266,9,0.182321556793955,1.26222095751755
266,1,0.0953101798043249,1.26222095751755
266,1,0.78845736036427,1.26222095751755
266,1,1.22377543162212,1.26222095751755
266,1,0.405465108108164,1.26222095751755
266,1,-0.105360515657826,1.26222095751755
266,1,0.693147180559945,1.26222095751755
266,1,0.78845736036427,1.26222095751755
266,1,-0.105360515657826,1.26222095751755
266,1,0.262364264467491,1.26222095751755
266,1,0.182321556793955,1.26222095751755
266,1,-0.105360515657826,1.26222095751755
266,1,0.916290731874155,1.26222095751755
266,1,0.470003629245736,1.26222095751755
266,1,0.182321556793955,1.26222095751755
266,1,0.470003629245736,1.26222095751755
266,1,0.916290731874155,1.26222095751755
266,1,0.587786664902119,1.26222095751755
266,1,-1.20397280432594,1.26222095751755
266,1,-0.916290731874155,1.26222095751755
266,1,-1.20397280432594,1.26222095751755
266,1,-2.30258509299405,1.26222095751755
266,0,-0.22314355131421,1.26222095751755
266,1,1.82454929205105,1.26222095751755
266,1,-0.356674943938732,1.26222095751755
266,1,0.182321556793955,1.26222095751755
266,9,-1.20397280432594,1.26222095751755
266,1,0.53062825106217,1.26222095751755
266,1,1.50407739677627,1.26222095751755
266,1,-0.693147180559945,1.26222095751755
266,1,-1.20397280432594,1.26222095751755
266,1,0.470003629245736,1.26222095751755
266,1,0.336472236621213,1.26222095751755
266,9,-0.105360515657826,1.26222095751755
266,1,1.02961941718116,1.26222095751755
266,1,0.405465108108164,1.26222095751755
266,1,0.0953101798043249,1.26222095751755
266,1,0.8754687373539,1.26222095751755
266,1,0.0953101798043249,1.26222095751755
266,1,-0.105360515657826,1.26222095751755
266,1,-0.916290731874155,1.26222095751755
266,1,0.741937344729377,1.26222095751755
266,9,-0.693147180559945,1.26222095751755
266,1,0.0953101798043249,1.26222095751755
266,1,0.336472236621213,1.26222095751755
266,1,-0.356674943938732,1.26222095751755
266,1,-1.20397280432594,1.26222095751755
266,1,0.741937344729377,1.26222095751755
266,3,0,1.26222095751755
266,1,0.53062825106217,1.26222095751755
266,1,-0.916290731874155,1.26222095751755
266,1,0.53062825106217,1.26222095751755
266,1,0,1.26222095751755
266,1,0.0953101798043249,1.26222095751755
266,1,0.53062825106217,1.26222095751755
266,1,0.470003629245736,1.26222095751755
266,1,0.78845736036427,1.26222095751755
266,1,0.641853886172395,1.26222095751755
266,1,-0.916290731874155,1.26222095751755
266,1,0.262364264467491,1.26222095751755
266,1,-0.916290731874155,1.26222095751755
266,1,-1.6094379124341,1.26222095751755
266,1,0.693147180559945,1.26222095751755
266,1,-0.356674943938732,1.26222095751755
266,1,0.0953101798043249,1.26222095751755
266,1,0.182321556793955,1.26222095751755
266,1,1.3609765531356,1.26222095751755
266,1,1.19392246847243,1.26222095751755
266,1,1.58923520511658,1.26222095751755
266,1,-0.22314355131421,1.26222095751755
266,1,0.8754687373539,1.26222095751755
266,1,0.78845736036427,1.26222095751755
266,1,-0.693147180559945,1.26222095751755
266,1,-0.356674943938732,1.26222095751755
266,1,-1.20397280432594,1.26222095751755
266,1,0.182321556793955,1.26222095751755
266,1,-1.6094379124341,1.26222095751755
266,1,0.262364264467491,1.26222095751755
266,1,0.405465108108164,1.26222095751755
266,1,0,1.26222095751755
266,1,1.48160454092422,1.26222095751755
266,1,-1.20397280432594,1.26222095751755
266,9,0.182321556793955,1.26222095751755
266,1,0.693147180559945,1.26222095751755
266,1,-0.916290731874155,1.26222095751755
266,1,0.832909122935104,1.26222095751755
266,1,0.587786664902119,1.26222095751755
266,1,-0.693147180559945,1.26222095751755
266,1,0.0953101798043249,1.26222095751755
266,1,-0.105360515657826,1.26222095751755
266,1,1.06471073699243,1.26222095751755
266,1,0,1.26222095751755
266,1,-0.105360515657826,1.26222095751755
266,1,0.741937344729377,1.26222095751755
266,1,1.80828877117927,1.26222095751755
266,1,0.336472236621213,1.26222095751755
266,1,0.182321556793955,1.26222095751755
266,1,-0.105360515657826,1.26222095751755
266,1,-0.105360515657826,1.26222095751755
266,1,0.53062825106217,1.26222095751755
266,1,-0.693147180559945,1.26222095751755
266,1,-0.105360515657826,1.26222095751755
266,1,-2.30258509299405,1.26222095751755
266,1,0.0953101798043249,1.26222095751755
266,1,-0.916290731874155,1.26222095751755
266,1,-0.356674943938732,1.26222095751755
266,1,-1.6094379124341,1.26222095751755
266,1,0,1.26222095751755
266,1,0.78845736036427,1.26222095751755
266,1,-1.6094379124341,1.26222095751755
266,1,-0.356674943938732,1.26222095751755
266,1,0.405465108108164,1.26222095751755
266,1,1.52605630349505,1.26222095751755
266,1,0.262364264467491,1.26222095751755
266,1,-0.105360515657826,1.26222095751755
266,1,-0.693147180559945,1.26222095751755
266,1,-1.20397280432594,1.26222095751755
266,1,0.336472236621213,1.26222095751755
266,1,-0.916290731874155,1.26222095751755
266,1,0.0953101798043249,1.26222095751755
266,1,0.0953101798043249,1.26222095751755
266,1,-0.510825623765991,1.26222095751755
266,1,0.641853886172395,1.26222095751755
266,1,0,1.26222095751755
266,9,2.31253542384721,1.26222095751755
266,1,-1.20397280432594,1.26222095751755
266,1,0.336472236621213,1.26222095751755
266,9,1.22377543162212,1.26222095751755
266,1,1.43508452528932,1.26222095751755
266,1,-0.105360515657826,1.26222095751755
266,1,0.336472236621213,1.26222095751755
266,0,-0.916290731874155,1.26222095751755
266,1,-0.916290731874155,1.26222095751755
266,1,0.8754687373539,1.26222095751755
266,9,-2.30258509299405,1.26222095751755
266,1,1.91692261218206,1.26222095751755
266,1,0.641853886172395,1.26222095751755
266,1,0.53062825106217,1.26222095751755
266,1,0.741937344729377,1.26222095751755
266,1,0.955511445027436,1.26222095751755
266,1,0.336472236621213,1.26222095751755
266,1,-0.510825623765991,1.26222095751755
267,1,-1.20397280432594,1.13091489604674
267,1,1.48160454092422,1.13091489604674
267,1,-1.20397280432594,1.13091489604674
267,1,-1.20397280432594,1.13091489604674
267,1,0.470003629245736,1.13091489604674
267,1,1.1314021114911,1.13091489604674
267,1,-0.693147180559945,1.13091489604674
267,1,-0.916290731874155,1.13091489604674
267,1,1.28093384546206,1.13091489604674
267,1,-1.20397280432594,1.13091489604674
267,1,0.262364264467491,1.13091489604674
267,1,0.78845736036427,1.13091489604674
267,9,-0.510825623765991,1.13091489604674
267,1,1.25276296849537,1.13091489604674
267,1,1.50407739677627,1.13091489604674
267,1,0.8754687373539,1.13091489604674
267,9,0.8754687373539,1.13091489604674
267,1,-0.916290731874155,1.13091489604674
267,9,0.336472236621213,1.13091489604674
267,1,-1.6094379124341,1.13091489604674
267,1,0.53062825106217,1.13091489604674
267,9,-0.510825623765991,1.13091489604674
267,1,0.641853886172395,1.13091489604674
267,1,-0.22314355131421,1.13091489604674
267,1,0.955511445027436,1.13091489604674
267,1,-0.105360515657826,1.13091489604674
267,1,0.916290731874155,1.13091489604674
267,1,0.693147180559945,1.13091489604674
267,1,0.182321556793955,1.13091489604674
267,1,-0.693147180559945,1.13091489604674
267,9,0.470003629245736,1.13091489604674
267,1,0.0953101798043249,1.13091489604674
267,1,-0.510825623765991,1.13091489604674
299,1,0,1.35251262985166
299,1,0.641853886172395,1.35251262985166
299,0,0.78845736036427,1.35251262985166
299,1,-0.693147180559945,1.35251262985166
299,1,1.45861502269952,1.35251262985166
299,1,0,1.35251262985166
299,1,0.182321556793955,1.35251262985166
299,1,0.470003629245736,1.35251262985166
299,1,0.8754687373539,1.35251262985166
299,1,-0.916290731874155,1.35251262985166
299,1,1.22377543162212,1.35251262985166
299,1,0.0953101798043249,1.35251262985166
299,1,1.06471073699243,1.35251262985166
382,1,0.693147180559945,1.01713827939318
382,1,0.53062825106217,1.01713827939318
382,0,-0.510825623765991,1.01713827939318
382,1,0.262364264467491,1.01713827939318
382,0,-2.30258509299405,1.01713827939318
382,1,-0.356674943938732,1.01713827939318
382,1,-1.6094379124341,1.01713827939318
382,0,0.336472236621213,1.01713827939318
382,1,-0.356674943938732,1.01713827939318
382,1,-1.6094379124341,1.01713827939318
382,1,1.02961941718116,1.01713827939318
382,1,1.30833281965018,1.01713827939318
382,1,-0.693147180559945,1.01713827939318
382,1,-0.693147180559945,1.01713827939318
382,1,-0.916290731874155,1.01713827939318
382,0,0.0953101798043249,1.01713827939318
382,1,0,1.01713827939318
382,9,0.53062825106217,1.01713827939318
382,1,-0.510825623765991,1.01713827939318
382,1,-0.693147180559945,1.01713827939318
382,1,-0.916290731874155,1.01713827939318
382,1,-0.510825623765991,1.01713827939318
382,1,-0.356674943938732,1.01713827939318
382,1,0.470003629245736,1.01713827939318
382,1,-0.356674943938732,1.01713827939318
382,1,-0.510825623765991,1.01713827939318
382,1,1.16315080980568,1.01713827939318
382,1,-1.20397280432594,1.01713827939318
382,1,-0.693147180559945,1.01713827939318
382,1,0.405465108108164,1.01713827939318
382,0,0.336472236621213,1.01713827939318
382,1,0.262364264467491,1.01713827939318
382,1,0,1.01713827939318
382,9,-0.356674943938732,1.01713827939318
382,0,0.641853886172395,1.01713827939318
382,1,1.06471073699243,1.01713827939318
382,1,-2.30258509299405,1.01713827939318
382,1,1.54756250871601,1.01713827939318
382,1,-0.510825623765991,1.01713827939318
382,1,0.262364264467491,1.01713827939318
382,1,0.8754687373539,1.01713827939318
382,1,-0.693147180559945,1.01713827939318
382,1,-0.105360515657826,1.01713827939318
382,1,0.262364264467491,1.01713827939318
382,1,0.8754687373539,1.01713827939318
382,0,1.41098697371026,1.01713827939318
382,1,0.916290731874155,1.01713827939318
382,0,-1.20397280432594,1.01713827939318
382,1,0.0953101798043249,1.01713827939318
382,1,0.741937344729377,1.01713827939318
382,1,0.741937344729377,1.01713827939318
385,1,-0.105360515657826,1.24999342255543
385,1,-0.356674943938732,1.24999342255543
385,9,0.262364264467491,1.24999342255543
385,1,-0.356674943938732,1.24999342255543
385,1,-0.105360515657826,1.24999342255543
385,1,-0.22314355131421,1.24999342255543
385,1,-0.916290731874155,1.24999342255543
385,1,-0.510825623765991,1.24999342255543
385,1,-0.916290731874155,1.24999342255543
385,9,-0.510825623765991,1.24999342255543
385,1,0.916290731874155,1.24999342255543
385,1,-0.510825623765991,1.24999342255543
385,1,-0.22314355131421,1.24999342255543
385,1,-0.693147180559945,1.24999342255543
385,1,-0.916290731874155,1.24999342255543
385,1,0.916290731874155,1.24999342255543
385,1,-0.510825623765991,1.24999342255543
385,1,-0.22314355131421,1.24999342255543
385,1,-0.356674943938732,1.24999342255543
385,1,-0.22314355131421,1.24999342255543
385,1,-0.693147180559945,1.24999342255543
385,1,-0.510825623765991,1.24999342255543
385,1,-1.6094379124341,1.24999342255543
385,1,-0.693147180559945,1.24999342255543
385,1,-0.356674943938732,1.24999342255543
385,1,-0.916290731874155,1.24999342255543
385,1,-0.916290731874155,1.24999342255543
385,1,0.262364264467491,1.24999342255543
385,9,-1.20397280432594,1.24999342255543
385,1,-0.356674943938732,1.24999342255543
385,1,-0.22314355131421,1.24999342255543
385,1,-0.356674943938732,1.24999342255543
385,1,-0.356674943938732,1.24999342255543
385,1,-0.916290731874155,1.24999342255543
2,0,1.66770682055808,0.988923902757197
2,1,0,0.988923902757197
2,1,0.587786664902119,0.988923902757197
2,0,1.06471073699243,0.988923902757197
2,0,2.01490302054226,0.988923902757197
2,1,1.48160454092422,0.988923902757197
2,0,-0.105360515657826,0.988923902757197
2,1,0.405465108108164,0.988923902757197
2,0,1.90210752639692,0.988923902757197
2,0,1.96009478404727,0.988923902757197
2,1,1.22377543162212,0.988923902757197
2,1,0.641853886172395,0.988923902757197
2,1,-0.510825623765991,0.988923902757197
2,0,-0.105360515657826,0.988923902757197
5,1,-0.105360515657826,0.954584092091667
5,0,0.587786664902119,0.954584092091667
5,0,1.25276296849537,0.954584092091667
5,1,1.28093384546206,0.954584092091667
5,1,0.641853886172395,0.954584092091667
5,0,-0.22314355131421,0.954584092091667
5,1,0.0953101798043249,0.954584092091667
5,1,0.262364264467491,0.954584092091667
5,0,0.405465108108164,0.954584092091667
5,1,0.993251773010283,0.954584092091667
5,1,2.70805020110221,0.954584092091667
5,0,0.470003629245736,0.954584092091667
5,0,-0.105360515657826,0.954584092091667
5,0,1.1314021114911,0.954584092091667
5,0,1.19392246847243,0.954584092091667
5,1,-0.105360515657826,0.954584092091667
5,0,-0.22314355131421,0.954584092091667
5,0,0.470003629245736,0.954584092091667
5,0,0.587786664902119,0.954584092091667
5,0,0.741937344729377,0.954584092091667
5,0,0.182321556793955,0.954584092091667
5,1,0.587786664902119,0.954584092091667
5,0,0,0.954584092091667
5,0,1.68639895357023,0.954584092091667
5,0,0.0953101798043249,0.954584092091667
5,0,0.262364264467491,0.954584092091667
5,0,0,0.954584092091667
5,0,1.22377543162212,0.954584092091667
5,0,-0.916290731874155,0.954584092091667
5,0,3.26956893918372,0.954584092091667
5,0,0.641853886172395,0.954584092091667
5,0,1.96009478404727,0.954584092091667
5,1,1.1314021114911,0.954584092091667
5,0,-0.105360515657826,0.954584092091667
5,0,-0.916290731874155,0.954584092091667
5,0,0.182321556793955,0.954584092091667
5,0,0.182321556793955,0.954584092091667
5,0,0.641853886172395,0.954584092091667
5,1,0.741937344729377,0.954584092091667
5,0,2.30258509299405,0.954584092091667
5,1,0.182321556793955,0.954584092091667
5,1,0.641853886172395,0.954584092091667
5,0,2.484906649788,0.954584092091667
5,0,1.45861502269952,0.954584092091667
5,0,2.58776403522771,0.954584092091667
5,0,0,0.954584092091667
5,0,1.30833281965018,0.954584092091667
5,1,1.56861591791385,0.954584092091667
5,0,0.955511445027436,0.954584092091667
5,0,1.3609765531356,0.954584092091667
5,1,1.64865862558738,0.954584092091667
5,0,2.4423470353692,0.954584092091667
5,1,0.470003629245736,0.954584092091667
5,0,1.90210752639692,0.954584092091667
5,1,0.832909122935104,0.954584092091667
5,9,0,0.954584092091667
5,0,2.18605127673809,0.954584092091667
5,0,-0.105360515657826,0.954584092091667
5,1,-0.22314355131421,0.954584092091667
5,1,0.262364264467491,0.954584092091667
5,0,0.336472236621213,0.954584092091667
5,0,2.04122032885964,0.954584092091667
5,9,-2.30258509299405,0.954584092091667
5,1,0.0953101798043249,0.954584092091667
5,0,-0.22314355131421,0.954584092091667
5,1,0.182321556793955,0.954584092091667
5,0,1.22377543162212,0.954584092091667
5,0,1.06471073699243,0.954584092091667
5,1,0.916290731874155,0.954584092091667
5,0,1.1314021114911,0.954584092091667
5,0,0.262364264467491,0.954584092091667
5,0,0.336472236621213,0.954584092091667
5,1,0,0.954584092091667
5,0,0.336472236621213,0.954584092091667
5,1,-0.22314355131421,0.954584092091667
5,1,1.33500106673234,0.954584092091667
5,0,0.916290731874155,0.954584092091667
5,0,1.3609765531356,0.954584092091667
5,1,0.262364264467491,0.954584092091667
5,9,0.0953101798043249,0.954584092091667
5,1,-0.105360515657826,0.954584092091667
5,1,0.405465108108164,0.954584092091667
5,1,0.182321556793955,0.954584092091667
5,0,-0.105360515657826,0.954584092091667
5,0,1.41098697371026,0.954584092091667
5,0,1.50407739677627,0.954584092091667
5,0,1.62924053973028,0.954584092091667
5,1,0.587786664902119,0.954584092091667
5,0,0.641853886172395,0.954584092091667
5,1,0.182321556793955,0.954584092091667
5,0,2.07944154167984,0.954584092091667
5,9,0.587786664902119,0.954584092091667
5,0,0.53062825106217,0.954584092091667
5,9,2.52572864430826,0.954584092091667
5,1,0.8754687373539,0.954584092091667
5,1,0.336472236621213,0.954584092091667
5,0,0.405465108108164,0.954584092091667
5,0,1.25276296849537,0.954584092091667
5,1,0.262364264467491,0.954584092091667
5,0,0.8754687373539,0.954584092091667
5,0,1.45861502269952,0.954584092091667
5,1,3.62434093297637,0.954584092091667
5,0,0.0953101798043249,0.954584092091667
5,1,2.33214389523559,0.954584092091667
5,1,0.832909122935104,0.954584092091667
5,1,0.470003629245736,0.954584092091667
5,1,-0.510825623765991,0.954584092091667
5,0,0.53062825106217,0.954584092091667
5,1,0.182321556793955,0.954584092091667
5,1,0.693147180559945,0.954584092091667
5,1,0.693147180559945,0.954584092091667
5,0,0.641853886172395,0.954584092091667
5,9,1.52605630349505,0.954584092091667
5,0,1.82454929205105,0.954584092091667
5,1,0.832909122935104,0.954584092091667
5,0,0.336472236621213,0.954584092091667
5,0,0.0953101798043249,0.954584092091667
5,0,-0.105360515657826,0.954584092091667
5,1,0.955511445027436,0.954584092091667
5,1,-1.20397280432594,0.954584092091667
5,1,-0.510825623765991,0.954584092091667
5,1,0.587786664902119,0.954584092091667
5,1,-0.356674943938732,0.954584092091667
5,0,1.41098697371026,0.954584092091667
5,1,-0.510825623765991,0.954584092091667
5,3,1.38629436111989,0.954584092091667
5,0,0.641853886172395,0.954584092091667
5,1,0.587786664902119,0.954584092091667
5,0,1.22377543162212,0.954584092091667
5,1,-0.105360515657826,0.954584092091667
5,1,0.78845736036427,0.954584092091667
5,1,0.53062825106217,0.954584092091667
5,1,0,0.954584092091667
5,0,0.0953101798043249,0.954584092091667
5,1,2.72129542785223,0.954584092091667
5,1,0.336472236621213,0.954584092091667
5,1,0.470003629245736,0.954584092091667
5,0,2.29253475714054,0.954584092091667
5,1,0.182321556793955,0.954584092091667
5,0,1.09861228866811,0.954584092091667
5,1,0.405465108108164,0.954584092091667
5,1,0,0.954584092091667
5,1,-1.20397280432594,0.954584092091667
5,0,1.02961941718116,0.954584092091667
5,1,0.641853886172395,0.954584092091667
5,1,1.82454929205105,0.954584092091667
5,0,0.0953101798043249,0.954584092091667
5,0,0.182321556793955,0.954584092091667
5,1,-0.22314355131421,0.954584092091667
5,1,0.470003629245736,0.954584092091667
5,0,1.62924053973028,0.954584092091667
5,1,-0.510825623765991,0.954584092091667
5,0,1.1314021114911,0.954584092091667
5,0,0.262364264467491,0.954584092091667
5,9,0.832909122935104,0.954584092091667
5,1,-0.22314355131421,0.954584092091667
5,1,1.33500106673234,0.954584092091667
5,1,-0.510825623765991,0.954584092091667
5,1,1.68639895357023,0.954584092091667
5,1,0.53062825106217,0.954584092091667
5,1,0.336472236621213,0.954584092091667
5,1,0.955511445027436,0.954584092091667
5,1,-0.105360515657826,0.954584092091667
5,1,-0.510825623765991,0.954584092091667
5,0,0.0953101798043249,0.954584092091667
5,1,-0.22314355131421,0.954584092091667
5,0,0.182321556793955,0.954584092091667
5,1,0.182321556793955,0.954584092091667
5,1,2.39789527279837,0.954584092091667
16,0,1.79175946922805,0.77349599522411
16,0,2.12823170584927,0.77349599522411
16,0,2.50143595173921,0.77349599522411
16,1,-0.510825623765991,0.77349599522411
16,1,1.50407739677627,0.77349599522411
16,1,1.45861502269952,0.77349599522411
16,0,0.587786664902119,0.77349599522411
16,1,-0.510825623765991,0.77349599522411
16,1,1.02961941718116,0.77349599522411
16,0,1.7227665977411,0.77349599522411
16,0,1.62924053973028,0.77349599522411
16,1,0.262364264467491,0.77349599522411
16,0,2.11625551480255,0.77349599522411
16,0,1.25276296849537,0.77349599522411
16,1,0.8754687373539,0.77349599522411
16,1,2.28238238567653,0.77349599522411
16,0,2.87356463957978,0.77349599522411
16,1,-0.693147180559945,0.77349599522411
16,1,0.993251773010283,0.77349599522411
16,0,1.48160454092422,0.77349599522411
16,0,0.8754687373539,0.77349599522411
16,1,1.09861228866811,0.77349599522411
16,0,1.64865862558738,0.77349599522411
16,1,2.04122032885964,0.77349599522411
16,0,2.90142159408275,0.77349599522411
16,1,-0.105360515657826,0.77349599522411
16,0,2.60268968544438,0.77349599522411
16,0,1.54756250871601,0.77349599522411
25,0,1.68639895357023,0.82675107055647
25,0,0.405465108108164,0.82675107055647
30,1,-0.916290731874155,0.855873838480677
30,1,-0.510825623765991,0.855873838480677
30,1,0.336472236621213,0.855873838480677
30,1,0.993251773010283,0.855873838480677
35,1,1.1314021114911,0.846172942189629
35,1,1.1314021114911,0.846172942189629
35,0,1.91692261218206,0.846172942189629
35,1,1.80828877117927,0.846172942189629
35,0,1.50407739677627,0.846172942189629
35,1,-0.22314355131421,0.846172942189629
35,1,1.64865862558738,0.846172942189629
35,1,1.93152141160321,0.846172942189629
35,1,-0.356674943938732,0.846172942189629
40,1,2.15176220325946,0.732324623546317
40,1,0.8754687373539,0.732324623546317
40,0,0.8754687373539,0.732324623546317
54,1,-0.356674943938732,0.822129491785743
54,1,0.587786664902119,0.822129491785743
54,1,1.66770682055808,0.822129491785743
54,3,-2.30258509299405,0.822129491785743
54,1,0.262364264467491,0.822129491785743
54,0,1.7404661748405,0.822129491785743
54,1,0.8754687373539,0.822129491785743
57,0,1.62924053973028,0.776159321254009
57,1,0.336472236621213,0.776159321254009
57,1,1.58923520511658,0.776159321254009
57,0,1.38629436111989,0.776159321254009
57,1,-0.356674943938732,0.776159321254009
57,0,1.80828877117927,0.776159321254009
67,0,0.405465108108164,0.771214091478102
67,1,1.6094379124341,0.771214091478102
67,0,1.16315080980568,0.771214091478102
67,2,0.955511445027436,0.771214091478102
67,0,0.587786664902119,0.771214091478102
67,0,1.1314021114911,0.771214091478102
67,1,0,0.771214091478102
67,1,-0.105360515657826,0.771214091478102
67,1,0.587786664902119,0.771214091478102
67,1,0.587786664902119,0.771214091478102
67,1,-0.105360515657826,0.771214091478102
67,1,0.53062825106217,0.771214091478102
67,1,0,0.771214091478102
67,1,0,0.771214091478102
67,0,2.11625551480255,0.771214091478102
67,1,-0.22314355131421,0.771214091478102
67,1,-0.510825623765991,0.771214091478102
67,1,1.94591014905531,0.771214091478102
67,1,-1.6094379124341,0.771214091478102
67,0,1.33500106673234,0.771214091478102
67,1,-0.510825623765991,0.771214091478102
67,1,0.470003629245736,0.771214091478102
67,0,0.336472236621213,0.771214091478102
67,1,0,0.771214091478102
67,1,-0.22314355131421,0.771214091478102
67,1,-0.693147180559945,0.771214091478102
67,0,0.832909122935104,0.771214091478102
67,3,1.38629436111989,0.771214091478102
67,0,0.0953101798043249,0.771214091478102
67,9,2.07944154167984,0.771214091478102
67,9,-0.356674943938732,0.771214091478102
67,1,1.88706964903238,0.771214091478102
67,0,1.33500106673234,0.771214091478102
67,0,0.832909122935104,0.771214091478102
67,1,0.470003629245736,0.771214091478102
67,1,3.47815842279828,0.771214091478102
67,1,-1.20397280432594,0.771214091478102
67,0,0.993251773010283,0.771214091478102
67,0,2.77258872223978,0.771214091478102
67,1,-0.916290731874155,0.771214091478102
67,0,1.66770682055808,0.771214091478102
67,1,0.470003629245736,0.771214091478102
67,1,1.85629799036563,0.771214091478102
67,0,2.26176309847379,0.771214091478102
67,0,1.3609765531356,0.771214091478102
67,1,1.16315080980568,0.771214091478102
67,0,2.04122032885964,0.771214091478102
67,0,1.82454929205105,0.771214091478102
67,1,1.1314021114911,0.771214091478102
67,0,0.470003629245736,0.771214091478102
67,0,0.587786664902119,0.771214091478102
67,1,0.78845736036427,0.771214091478102
67,9,-0.105360515657826,0.771214091478102
67,1,0.0953101798043249,0.771214091478102
67,0,1.19392246847243,0.771214091478102
67,1,1.3609765531356,0.771214091478102
67,0,0.916290731874155,0.771214091478102
67,0,0.405465108108164,0.771214091478102
67,0,0.336472236621213,0.771214091478102
67,0,0.832909122935104,0.771214091478102
67,0,1.6094379124341,0.771214091478102
67,1,1.56861591791385,0.771214091478102
67,0,0.8754687373539,0.771214091478102
67,1,1.09861228866811,0.771214091478102
67,1,0.182321556793955,0.771214091478102
67,1,0.262364264467491,0.771214091478102
67,0,0,0.771214091478102
67,0,0.832909122935104,0.771214091478102
67,1,1.7227665977411,0.771214091478102
67,1,-1.20397280432594,0.771214091478102
67,0,0.405465108108164,0.771214091478102
67,1,-0.510825623765991,0.771214091478102
67,0,0.182321556793955,0.771214091478102
67,0,0.641853886172395,0.771214091478102
67,0,2.51769647261099,0.771214091478102
67,0,-0.105360515657826,0.771214091478102
67,0,1.06471073699243,0.771214091478102
67,0,0.262364264467491,0.771214091478102
67,1,1.33500106673234,0.771214091478102
67,1,-0.510825623765991,0.771214091478102
67,0,1.16315080980568,0.771214091478102
67,0,-0.356674943938732,0.771214091478102
67,0,0.182321556793955,0.771214091478102
67,1,-0.105360515657826,0.771214091478102
67,0,0.832909122935104,0.771214091478102
67,1,0.53062825106217,0.771214091478102
67,0,0.641853886172395,0.771214091478102
67,0,0.262364264467491,0.771214091478102
67,1,0.182321556793955,0.771214091478102
67,0,1.33500106673234,0.771214091478102
67,0,0.832909122935104,0.771214091478102
67,0,1.58923520511658,0.771214091478102
68,0,1.66770682055808,0.824324554655667
68,1,-0.916290731874155,0.824324554655667
68,1,-1.20397280432594,0.824324554655667
68,1,0.8754687373539,0.824324554655667
68,0,0.405465108108164,0.824324554655667
68,1,1.50407739677627,0.824324554655667
68,1,-0.356674943938732,0.824324554655667
68,0,0.587786664902119,0.824324554655667
71,1,-0.510825623765991,0.903756505636688
71,0,1.09861228866811,0.903756505636688
71,1,-0.105360515657826,0.903756505636688
71,1,1.54756250871601,0.903756505636688
71,0,0.587786664902119,0.903756505636688
71,0,2.73436750941958,0.903756505636688
71,0,1.06471073699243,0.903756505636688
79,1,-0.510825623765991,0.666115083508628
79,0,0.693147180559945,0.666115083508628
86,0,0.587786664902119,0.722987496570828
86,0,2.41591377830105,0.722987496570828
86,1,1.1314021114911,0.722987496570828
86,1,0.405465108108164,0.722987496570828
86,1,0,0.722987496570828
88,1,0.641853886172395,0.70932068151657
88,1,-0.105360515657826,0.70932068151657
88,0,0.53062825106217,0.70932068151657
88,0,2.14006616349627,0.70932068151657
88,0,0.262364264467491,0.70932068151657
88,0,0.405465108108164,0.70932068151657
89,1,0.8754687373539,0.767934564718196
89,1,0.993251773010283,0.767934564718196
89,1,1.3609765531356,0.767934564718196
89,0,1.58923520511658,0.767934564718196
89,1,0.693147180559945,0.767934564718196
87,0,1.88706964903238,0.824513105250269
87,0,2.16332302566054,0.824513105250269
87,0,1.50407739677627,0.824513105250269
87,0,0.0953101798043249,0.824513105250269
87,0,0.641853886172395,0.824513105250269
87,0,1.58923520511658,0.824513105250269
87,0,1.77495235091167,0.824513105250269
87,1,0.182321556793955,0.824513105250269
87,3,2.11625551480255,0.824513105250269
87,0,1.88706964903238,0.824513105250269
87,0,1.52605630349505,0.824513105250269
87,0,2.50143595173921,0.824513105250269
87,1,0.587786664902119,0.824513105250269
87,0,1.38629436111989,0.824513105250269
87,0,1.88706964903238,0.824513105250269
87,1,0.8754687373539,0.824513105250269
87,1,0.8754687373539,0.824513105250269
87,1,0.916290731874155,0.824513105250269
87,1,0.641853886172395,0.824513105250269
87,0,1.62924053973028,0.824513105250269
87,0,1.54756250871601,0.824513105250269
90,1,0.336472236621213,0.82886617862988
90,1,0.78845736036427,0.82886617862988
90,1,-1.6094379124341,0.82886617862988
90,1,0.262364264467491,0.82886617862988
90,0,1.3609765531356,0.82886617862988
90,1,1.19392246847243,0.82886617862988
90,1,0.78845736036427,0.82886617862988
90,1,1.94591014905531,0.82886617862988
90,1,0.262364264467491,0.82886617862988
90,1,1.28093384546206,0.82886617862988
90,1,0,0.82886617862988
90,0,2.05412373369555,0.82886617862988
90,0,2.02814824729229,0.82886617862988
90,0,1.79175946922805,0.82886617862988
90,1,1.06471073699243,0.82886617862988
90,1,0.336472236621213,0.82886617862988
96,1,0.262364264467491,0.793494651881538
96,0,0.336472236621213,0.793494651881538
96,0,-0.356674943938732,0.793494651881538
96,0,0.336472236621213,0.793494651881538
96,0,0.587786664902119,0.793494651881538
102,0,1.6094379124341,0.232990906568543
102,0,1.45861502269952,0.232990906568543
102,0,1.56861591791385,0.232990906568543
102,1,0.0953101798043249,0.232990906568543
102,0,1.50407739677627,0.232990906568543
102,0,1.64865862558738,0.232990906568543
102,0,1.43508452528932,0.232990906568543
102,0,1.94591014905531,0.232990906568543
102,0,1.06471073699243,0.232990906568543
102,0,2.90142159408275,0.232990906568543
102,1,-0.693147180559945,0.232990906568543
102,1,0.182321556793955,0.232990906568543
102,1,1.87180217690159,0.232990906568543
102,0,1.91692261218206,0.232990906568543
102,0,2.21920348405499,0.232990906568543
102,0,1.09861228866811,0.232990906568543
102,0,1.38629436111989,0.232990906568543
102,9,1.28093384546206,0.232990906568543
102,0,1.45861502269952,0.232990906568543
102,0,1.28093384546206,0.232990906568543
102,1,0.832909122935104,0.232990906568543
102,0,1.1314021114911,0.232990906568543
102,1,0.182321556793955,0.232990906568543
102,0,-0.22314355131421,0.232990906568543
102,0,0.641853886172395,0.232990906568543
102,1,-1.6094379124341,0.232990906568543
102,1,-0.356674943938732,0.232990906568543
102,1,1.30833281965018,0.232990906568543
102,1,-0.693147180559945,0.232990906568543
102,0,0.916290731874155,0.232990906568543
102,0,2.76000994003292,0.232990906568543
102,0,1.43508452528932,0.232990906568543
102,0,2.24070968927596,0.232990906568543
102,0,1.45861502269952,0.232990906568543
102,0,1.96009478404727,0.232990906568543
102,0,1.98787434815435,0.232990906568543
102,0,1.48160454092422,0.232990906568543
102,1,1.1314021114911,0.232990906568543
102,9,2.19722457733622,0.232990906568543
102,0,0.53062825106217,0.232990906568543
102,0,1.30833281965018,0.232990906568543
102,1,0.916290731874155,0.232990906568543
102,0,0.916290731874155,0.232990906568543
102,0,1.70474809223843,0.232990906568543
102,0,1.84054963339749,0.232990906568543
102,1,-0.105360515657826,0.232990906568543
102,1,0.0953101798043249,0.232990906568543
102,0,1.87180217690159,0.232990906568543
102,0,0.641853886172395,0.232990906568543
102,0,1.43508452528932,0.232990906568543
102,0,2.42480272571829,0.232990906568543
102,0,1.41098697371026,0.232990906568543
102,0,1.54756250871601,0.232990906568543
102,0,1.30833281965018,0.232990906568543
102,0,0.955511445027436,0.232990906568543
102,0,1.50407739677627,0.232990906568543
102,1,-0.916290731874155,0.232990906568543
102,0,1.09861228866811,0.232990906568543
102,0,1.90210752639692,0.232990906568543
102,1,0.8754687373539,0.232990906568543
102,0,1.22377543162212,0.232990906568543
102,0,0.262364264467491,0.232990906568543
102,0,1.88706964903238,0.232990906568543
102,0,1.25276296849537,0.232990906568543
102,0,1.16315080980568,0.232990906568543
102,1,1.1314021114911,0.232990906568543
102,9,1.41098697371026,0.232990906568543
102,0,0.470003629245736,0.232990906568543
102,0,2.02814824729229,0.232990906568543
102,1,1.48160454092422,0.232990906568543
102,0,0.916290731874155,0.232990906568543
102,0,0,0.232990906568543
102,0,-0.105360515657826,0.232990906568543
102,0,0.587786664902119,0.232990906568543
102,0,1.1314021114911,0.232990906568543
102,0,1.16315080980568,0.232990906568543
107,1,1.25276296849537,0.798875628522379
107,1,2.14006616349627,0.798875628522379
107,1,0.993251773010283,0.798875628522379
107,0,2.99071973173045,0.798875628522379
107,0,0.916290731874155,0.798875628522379
107,0,2.41591377830105,0.798875628522379
109,0,0.405465108108164,0.761632589976464
109,0,0.470003629245736,0.761632589976464
109,0,0.53062825106217,0.761632589976464
109,0,1.7227665977411,0.761632589976464
109,1,1.09861228866811,0.761632589976464
109,1,-0.356674943938732,0.761632589976464
109,0,0.0953101798043249,0.761632589976464
109,1,0.693147180559945,0.761632589976464
109,0,2.00148000021012,0.761632589976464
109,0,1.06471073699243,0.761632589976464
109,0,1.7227665977411,0.761632589976464
109,1,0.470003629245736,0.761632589976464
109,0,1.62924053973028,0.761632589976464
109,0,1.22377543162212,0.761632589976464
109,0,-0.105360515657826,0.761632589976464
109,0,0.182321556793955,0.761632589976464
109,1,-0.510825623765991,0.761632589976464
109,0,1.02961941718116,0.761632589976464
109,0,2.3887627892351,0.761632589976464
109,0,0.336472236621213,0.761632589976464
109,1,1.62924053973028,0.761632589976464
109,1,-0.105360515657826,0.761632589976464
109,1,0,0.761632589976464
109,1,1.30833281965018,0.761632589976464
109,1,0.182321556793955,0.761632589976464
109,1,0.587786664902119,0.761632589976464
109,0,0.693147180559945,0.761632589976464
109,0,1.50407739677627,0.761632589976464
109,0,-0.356674943938732,0.761632589976464
109,0,2.59525470695687,0.761632589976464
109,0,1.30833281965018,0.761632589976464
109,0,-0.22314355131421,0.761632589976464
114,1,0.832909122935104,0.796984536799199
114,0,2.58776403522771,0.796984536799199
114,0,3.22286784613774,0.796984536799199
114,1,0.993251773010283,0.796984536799199
114,0,2.65324196460721,0.796984536799199
114,1,1.06471073699243,0.796984536799199
114,1,-0.510825623765991,0.796984536799199
114,0,-0.693147180559945,0.796984536799199
114,0,3.33932197794407,0.796984536799199
114,1,1.54756250871601,0.796984536799199
114,1,1.3609765531356,0.796984536799199
114,0,0.0953101798043249,0.796984536799199
114,1,3.51749783735832,0.796984536799199
115,0,0.693147180559945,0.724204858925226
115,0,0.0953101798043249,0.724204858925226
115,0,-0.356674943938732,0.724204858925226
115,9,-0.916290731874155,0.724204858925226
117,0,0.832909122935104,0.554982212342484
117,0,0.587786664902119,0.554982212342484
117,0,0.993251773010283,0.554982212342484
117,0,1.30833281965018,0.554982212342484
117,1,0.693147180559945,0.554982212342484
117,0,1.45861502269952,0.554982212342484
117,1,-0.693147180559945,0.554982212342484
117,0,2.09186406167839,0.554982212342484
117,1,1.33500106673234,0.554982212342484
120,0,-0.356674943938732,0.720869345759461
120,1,0.741937344729377,0.720869345759461
120,1,0.0953101798043249,0.720869345759461
120,0,1.54756250871601,0.720869345759461
120,1,0.470003629245736,0.720869345759461
120,0,1.02961941718116,0.720869345759461
120,1,0.587786664902119,0.720869345759461
120,1,0.405465108108164,0.720869345759461
120,0,1.19392246847243,0.720869345759461
120,1,-0.916290731874155,0.720869345759461
120,0,2.39789527279837,0.720869345759461
120,0,1.33500106673234,0.720869345759461
120,0,1.28093384546206,0.720869345759461
120,1,-0.105360515657826,0.720869345759461
120,1,0,0.720869345759461
120,0,1.09861228866811,0.720869345759461
128,1,2.37954613413017,0.843711436851783
128,1,1.75785791755237,0.843711436851783
128,1,1.7227665977411,0.843711436851783
128,1,0.53062825106217,0.843711436851783
128,1,1.7404661748405,0.843711436851783
128,0,1.33500106673234,0.843711436851783
128,1,-0.510825623765991,0.843711436851783
128,3,2.11625551480255,0.843711436851783
128,0,1.1314021114911,0.843711436851783
128,1,0.182321556793955,0.843711436851783
128,1,3.11351530921037,0.843711436851783
128,0,0.336472236621213,0.843711436851783
128,1,1.85629799036563,0.843711436851783
129,0,0.53062825106217,0.768672005646191
129,0,0.993251773010283,0.768672005646191
129,1,-0.510825623765991,0.768672005646191
129,1,0.405465108108164,0.768672005646191
129,0,-0.510825623765991,0.768672005646191
129,1,-0.356674943938732,0.768672005646191
129,0,0.336472236621213,0.768672005646191
129,0,-0.356674943938732,0.768672005646191
129,1,1.09861228866811,0.768672005646191
129,1,0.0953101798043249,0.768672005646191
129,1,0,0.768672005646191
129,1,0.53062825106217,0.768672005646191
129,1,0.405465108108164,0.768672005646191
129,1,-0.105360515657826,0.768672005646191
129,0,-1.20397280432594,0.768672005646191
129,1,-0.693147180559945,0.768672005646191
133,0,1.19392246847243,0.828626050618667
133,0,2.00148000021012,0.828626050618667
133,1,0,0.828626050618667
133,1,0.336472236621213,0.828626050618667
133,0,1.58923520511658,0.828626050618667
133,0,1.02961941718116,0.828626050618667
133,1,0.0953101798043249,0.828626050618667
133,1,-0.356674943938732,0.828626050618667
133,1,0.0953101798043249,0.828626050618667
133,1,0.470003629245736,0.828626050618667
133,1,1.38629436111989,0.828626050618667
133,0,1.80828877117927,0.828626050618667
133,1,0.182321556793955,0.828626050618667
133,0,1.75785791755237,0.828626050618667
133,1,0.53062825106217,0.828626050618667
133,0,1.19392246847243,0.828626050618667
133,1,0,0.828626050618667
133,1,-0.105360515657826,0.828626050618667
133,0,1.16315080980568,0.828626050618667
133,0,2.83907846350861,0.828626050618667
133,0,2.07944154167984,0.828626050618667
133,1,1.28093384546206,0.828626050618667
133,1,0,0.828626050618667
136,0,2.74727091425549,0.890755464349817
136,1,0.641853886172395,0.890755464349817
136,1,0.0953101798043249,0.890755464349817
136,1,0.0953101798043249,0.890755464349817
136,1,0.182321556793955,0.890755464349817
136,1,0.955511445027436,0.890755464349817
136,0,1.22377543162212,0.890755464349817
136,1,0.405465108108164,0.890755464349817
138,0,3.12236492448736,0.784175478907509
138,0,3.36384159511839,0.784175478907509
138,0,0.182321556793955,0.784175478907509
138,0,2.3887627892351,0.784175478907509
138,1,1.1314021114911,0.784175478907509
138,0,2.14006616349627,0.784175478907509
138,0,0.832909122935104,0.784175478907509
138,0,2.40694510831829,0.784175478907509
138,0,1.3609765531356,0.784175478907509
138,0,1.70474809223843,0.784175478907509
138,1,-0.916290731874155,0.784175478907509
138,1,0.470003629245736,0.784175478907509
138,1,1.93152141160321,0.784175478907509
138,0,0.832909122935104,0.784175478907509
138,0,-0.916290731874155,0.784175478907509
138,1,0.587786664902119,0.784175478907509
138,9,0,0.784175478907509
138,1,1.50407739677627,0.784175478907509
138,1,0.78845736036427,0.784175478907509
139,1,1.7227665977411,0.853883271745538
139,0,1.1314021114911,0.853883271745538
139,1,0.182321556793955,0.853883271745538
139,1,-0.916290731874155,0.853883271745538
139,1,-0.105360515657826,0.853883271745538
139,1,0,0.853883271745538
139,0,1.75785791755237,0.853883271745538
139,1,0.8754687373539,0.853883271745538
139,0,1.19392246847243,0.853883271745538
139,1,-0.356674943938732,0.853883271745538
139,1,-0.693147180559945,0.853883271745538
139,1,-0.105360515657826,0.853883271745538
139,0,0.470003629245736,0.853883271745538
139,1,0.53062825106217,0.853883271745538
139,1,1.87180217690159,0.853883271745538
139,1,0.955511445027436,0.853883271745538
139,1,0,0.853883271745538
139,1,-0.693147180559945,0.853883271745538
139,0,1.30833281965018,0.853883271745538
139,1,-0.356674943938732,0.853883271745538
139,1,0,0.853883271745538
139,1,-0.105360515657826,0.853883271745538
141,0,1.25276296849537,0.83495919401569
141,1,1.02961941718116,0.83495919401569
141,1,-0.693147180559945,0.83495919401569
141,1,-0.693147180559945,0.83495919401569
141,0,1.43508452528932,0.83495919401569
141,1,2.59525470695687,0.83495919401569
141,1,1.90210752639692,0.83495919401569
141,1,0.470003629245736,0.83495919401569
141,1,-0.356674943938732,0.83495919401569
141,1,0.741937344729377,0.83495919401569
141,1,1.22377543162212,0.83495919401569
146,0,2.01490302054226,0.877928210369057
146,1,1.70474809223843,0.877928210369057
146,0,2.16332302566054,0.877928210369057
146,9,2.28238238567653,0.877928210369057
146,0,1.68639895357023,0.877928210369057
146,0,1.09861228866811,0.877928210369057
146,0,0.641853886172395,0.877928210369057
146,1,0.470003629245736,0.877928210369057
146,1,0.336472236621213,0.877928210369057
146,1,0.262364264467491,0.877928210369057
146,1,0,0.877928210369057
146,1,0.405465108108164,0.877928210369057
146,9,-0.916290731874155,0.877928210369057
146,1,0.470003629245736,0.877928210369057
146,1,-0.22314355131421,0.877928210369057
146,0,1.22377543162212,0.877928210369057
146,1,1.30833281965018,0.877928210369057
146,0,0.832909122935104,0.877928210369057
146,0,1.45861502269952,0.877928210369057
146,1,2.05412373369555,0.877928210369057
146,9,1.28093384546206,0.877928210369057
146,1,-0.693147180559945,0.877928210369057
150,1,1.06471073699243,0.906208072265923
150,0,1.41098697371026,0.906208072265923
150,1,0.405465108108164,0.906208072265923
150,1,-0.356674943938732,0.906208072265923
150,1,1.19392246847243,0.906208072265923
150,1,1.38629436111989,0.906208072265923
150,0,0.955511445027436,0.906208072265923
150,1,0.641853886172395,0.906208072265923
150,0,0.741937344729377,0.906208072265923
150,1,1.09861228866811,0.906208072265923
150,0,0,0.906208072265923
150,0,2.06686275947298,0.906208072265923
150,1,1.22377543162212,0.906208072265923
155,1,0.0953101798043249,0.81457246406021
155,0,0.78845736036427,0.81457246406021
155,0,1.1314021114911,0.81457246406021
155,0,1.79175946922805,0.81457246406021
155,1,0,0.81457246406021
155,1,-2.30258509299405,0.81457246406021
155,1,-0.105360515657826,0.81457246406021
156,0,-0.356674943938732,0.551963728318205
156,1,0.262364264467491,0.551963728318205
156,0,1.19392246847243,0.551963728318205
156,0,1.25276296849537,0.551963728318205
156,1,-0.693147180559945,0.551963728318205
156,1,0.8754687373539,0.551963728318205
156,0,0.916290731874155,0.551963728318205
156,1,-1.20397280432594,0.551963728318205
156,0,0.182321556793955,0.551963728318205
156,1,-0.510825623765991,0.551963728318205
156,0,0.262364264467491,0.551963728318205
157,1,-0.22314355131421,0.914192532191928
157,1,2.14006616349627,0.914192532191928
157,0,0.993251773010283,0.914192532191928
157,1,-0.22314355131421,0.914192532191928
157,0,1.52605630349505,0.914192532191928
158,0,0.262364264467491,0.696576294422848
158,1,1.16315080980568,0.696576294422848
158,1,-1.20397280432594,0.696576294422848
158,0,0.336472236621213,0.696576294422848
158,1,0.182321556793955,0.696576294422848
158,1,-0.22314355131421,0.696576294422848
158,1,2.05412373369555,0.696576294422848
158,0,0,0.696576294422848
158,1,0.0953101798043249,0.696576294422848
158,1,-1.20397280432594,0.696576294422848
158,1,-0.510825623765991,0.696576294422848
158,0,1.87180217690159,0.696576294422848
158,1,0.0953101798043249,0.696576294422848
158,1,0.693147180559945,0.696576294422848
158,0,1.70474809223843,0.696576294422848
158,1,0.587786664902119,0.696576294422848
159,0,1.97408102602201,0.711360309979303
159,0,0.8754687373539,0.711360309979303
159,1,-1.6094379124341,0.711360309979303
159,1,1.3609765531356,0.711360309979303
159,9,0.587786664902119,0.711360309979303
159,1,0.641853886172395,0.711360309979303
159,0,0.993251773010283,0.711360309979303
159,9,-0.22314355131421,0.711360309979303
159,1,-0.105360515657826,0.711360309979303
159,1,0.53062825106217,0.711360309979303
159,1,-0.916290731874155,0.711360309979303
159,0,2.35137525716348,0.711360309979303
159,1,-0.510825623765991,0.711360309979303
159,3,0.641853886172395,0.711360309979303
159,1,-1.20397280432594,0.711360309979303
159,0,1.33500106673234,0.711360309979303
159,1,-0.22314355131421,0.711360309979303
159,0,1.25276296849537,0.711360309979303
159,0,0.641853886172395,0.711360309979303
160,0,0.587786664902119,0.797043124255641
160,1,-0.510825623765991,0.797043124255641
160,0,0,0.797043124255641
160,1,0.470003629245736,0.797043124255641
160,0,1.48160454092422,0.797043124255641
160,0,1.28093384546206,0.797043124255641
160,0,2.17475172148416,0.797043124255641
160,1,-0.693147180559945,0.797043124255641
160,1,-0.693147180559945,0.797043124255641
160,1,-0.356674943938732,0.797043124255641
160,1,1.28093384546206,0.797043124255641
160,1,-0.693147180559945,0.797043124255641
160,0,1.98787434815435,0.797043124255641
160,1,0.336472236621213,0.797043124255641
160,1,0.336472236621213,0.797043124255641
160,0,1.7404661748405,0.797043124255641
160,1,0,0.797043124255641
160,1,-0.693147180559945,0.797043124255641
160,1,0.641853886172395,0.797043124255641
160,0,1.45861502269952,0.797043124255641
160,1,0.262364264467491,0.797043124255641
160,1,-0.693147180559945,0.797043124255641
160,0,2.01490302054226,0.797043124255641
160,1,-0.916290731874155,0.797043124255641
160,0,1.54756250871601,0.797043124255641
160,1,0,0.797043124255641
160,1,0.53062825106217,0.797043124255641
160,1,1.38629436111989,0.797043124255641
160,0,1.45861502269952,0.797043124255641
160,1,1.70474809223843,0.797043124255641
160,1,0.916290731874155,0.797043124255641
160,1,0.741937344729377,0.797043124255641
160,1,1.7227665977411,0.797043124255641
160,1,0.78845736036427,0.797043124255641
167,1,2.2082744135228,0.683944969795146
167,9,-0.693147180559945,0.683944969795146
167,1,-0.105360515657826,0.683944969795146
167,0,0.693147180559945,0.683944969795146
167,1,-0.356674943938732,0.683944969795146
167,0,1.62924053973028,0.683944969795146
167,0,1.66770682055808,0.683944969795146
167,1,0.832909122935104,0.683944969795146
167,1,1.70474809223843,0.683944969795146
169,1,1.64865862558738,0.519335313433399
169,0,2.97552956623647,0.519335313433399
169,1,-0.510825623765991,0.519335313433399
169,1,1.56861591791385,0.519335313433399
169,1,0.641853886172395,0.519335313433399
169,0,2.37954613413017,0.519335313433399
169,0,1.84054963339749,0.519335313433399
169,0,3.3603753871419,0.519335313433399
169,0,1.1314021114911,0.519335313433399
169,1,-0.510825623765991,0.519335313433399
169,0,1.54756250871601,0.519335313433399
169,0,1.52605630349505,0.519335313433399
169,1,0.741937344729377,0.519335313433399
169,0,2.12823170584927,0.519335313433399
169,0,1.58923520511658,0.519335313433399
169,1,1.62924053973028,0.519335313433399
169,0,1.02961941718116,0.519335313433399
169,0,1.94591014905531,0.519335313433399
169,0,1.06471073699243,0.519335313433399
169,0,1.66770682055808,0.519335313433399
169,1,0.693147180559945,0.519335313433399
169,0,2.9391619220656,0.519335313433399
169,1,1.50407739677627,0.519335313433399
169,1,0.955511445027436,0.519335313433399
169,1,0.182321556793955,0.519335313433399
169,0,1.06471073699243,0.519335313433399
169,1,-0.693147180559945,0.519335313433399
169,3,1.48160454092422,0.519335313433399
169,1,1.43508452528932,0.519335313433399
169,0,2.31253542384721,0.519335313433399
180,0,1.1314021114911,0.236075571125321
180,0,2.40694510831829,0.236075571125321
180,9,1.06471073699243,0.236075571125321
180,0,2.81540871942271,0.236075571125321
180,0,2.23001440015921,0.236075571125321
180,0,3.32143241319329,0.236075571125321
180,0,2.02814824729229,0.236075571125321
180,0,0.262364264467491,0.236075571125321
180,9,-0.105360515657826,0.236075571125321
181,0,0.916290731874155,0.638257954869921
181,0,0.78845736036427,0.638257954869921
181,9,0.693147180559945,0.638257954869921
181,1,-0.510825623765991,0.638257954869921
181,0,0.78845736036427,0.638257954869921
181,0,0.587786664902119,0.638257954869921
181,0,0,0.638257954869921
181,1,-0.510825623765991,0.638257954869921
181,0,0.182321556793955,0.638257954869921
181,0,-0.22314355131421,0.638257954869921
181,0,0.741937344729377,0.638257954869921
181,0,-0.356674943938732,0.638257954869921
181,0,1.50407739677627,0.638257954869921
181,0,0.587786664902119,0.638257954869921
181,1,-0.356674943938732,0.638257954869921
181,1,-0.356674943938732,0.638257954869921
181,0,0.53062825106217,0.638257954869921
181,0,0.741937344729377,0.638257954869921
181,0,0.0953101798043249,0.638257954869921
181,9,1.38629436111989,0.638257954869921
181,0,-0.510825623765991,0.638257954869921
181,1,-0.356674943938732,0.638257954869921
181,0,0.78845736036427,0.638257954869921
181,0,-0.356674943938732,0.638257954869921
181,0,1.02961941718116,0.638257954869921
181,1,-1.6094379124341,0.638257954869921
181,1,0,0.638257954869921
181,1,-1.20397280432594,0.638257954869921
181,1,-0.693147180559945,0.638257954869921
181,0,1.30833281965018,0.638257954869921
181,0,-1.20397280432594,0.638257954869921
181,0,-0.510825623765991,0.638257954869921
181,0,0.0953101798043249,0.638257954869921
181,0,0.832909122935104,0.638257954869921
181,0,0.470003629245736,0.638257954869921
181,0,0.0953101798043249,0.638257954869921
181,1,0.53062825106217,0.638257954869921
181,0,0.641853886172395,0.638257954869921
181,0,0.53062825106217,0.638257954869921
181,1,0.182321556793955,0.638257954869921
181,0,-0.916290731874155,0.638257954869921
181,1,0.8754687373539,0.638257954869921
181,1,-0.916290731874155,0.638257954869921
181,0,1.33500106673234,0.638257954869921
181,1,0.336472236621213,0.638257954869921
181,1,0.8754687373539,0.638257954869921
181,0,0.916290731874155,0.638257954869921
181,0,0.336472236621213,0.638257954869921
181,0,0,0.638257954869921
181,0,0.470003629245736,0.638257954869921
181,0,1.33500106673234,0.638257954869921
181,0,-0.105360515657826,0.638257954869921
181,0,0.641853886172395,0.638257954869921
181,0,0.336472236621213,0.638257954869921
181,0,-0.510825623765991,0.638257954869921
181,0,0.182321556793955,0.638257954869921
181,1,-0.916290731874155,0.638257954869921
181,0,-0.510825623765991,0.638257954869921
181,0,1.09861228866811,0.638257954869921
181,1,-0.105360515657826,0.638257954869921
181,0,-0.356674943938732,0.638257954869921
181,9,0.336472236621213,0.638257954869921
181,0,0.0953101798043249,0.638257954869921
181,1,0.0953101798043249,0.638257954869921
181,0,0.0953101798043249,0.638257954869921
181,0,-0.105360515657826,0.638257954869921
181,0,0.78845736036427,0.638257954869921
181,9,-0.693147180559945,0.638257954869921
181,0,-0.510825623765991,0.638257954869921
181,0,-0.22314355131421,0.638257954869921
181,0,-0.916290731874155,0.638257954869921
181,0,-0.510825623765991,0.638257954869921
181,0,-0.22314355131421,0.638257954869921
181,1,-0.916290731874155,0.638257954869921
181,0,-0.916290731874155,0.638257954869921
181,0,1.19392246847243,0.638257954869921
181,1,-0.510825623765991,0.638257954869921
181,0,-0.105360515657826,0.638257954869921
181,0,1.09861228866811,0.638257954869921
181,0,-0.693147180559945,0.638257954869921
181,0,0.693147180559945,0.638257954869921
181,0,-0.693147180559945,0.638257954869921
181,0,0.641853886172395,0.638257954869921
181,0,0.8754687373539,0.638257954869921
181,0,-0.693147180559945,0.638257954869921
181,0,-0.916290731874155,0.638257954869921
181,1,-1.20397280432594,0.638257954869921
181,0,-0.510825623765991,0.638257954869921
181,1,0.405465108108164,0.638257954869921
181,0,-0.356674943938732,0.638257954869921
181,0,0.78845736036427,0.638257954869921
181,0,1.06471073699243,0.638257954869921
181,0,-1.20397280432594,0.638257954869921
181,0,0.955511445027436,0.638257954869921
181,0,0,0.638257954869921
181,0,-0.356674943938732,0.638257954869921
181,0,-0.22314355131421,0.638257954869921
181,0,0,0.638257954869921
181,0,-0.105360515657826,0.638257954869921
181,0,0.0953101798043249,0.638257954869921
181,1,0.182321556793955,0.638257954869921
181,0,-0.510825623765991,0.638257954869921
181,1,-0.916290731874155,0.638257954869921
181,0,0.182321556793955,0.638257954869921
181,1,-0.510825623765991,0.638257954869921
181,1,-0.693147180559945,0.638257954869921
181,0,0.693147180559945,0.638257954869921
181,1,-0.916290731874155,0.638257954869921
181,0,1.66770682055808,0.638257954869921
181,0,-0.356674943938732,0.638257954869921
181,0,0.587786664902119,0.638257954869921
181,0,0.470003629245736,0.638257954869921
181,1,0.0953101798043249,0.638257954869921
181,0,-0.916290731874155,0.638257954869921
181,0,0.262364264467491,0.638257954869921
181,0,-0.22314355131421,0.638257954869921
181,9,0.955511445027436,0.638257954869921
181,0,-0.22314355131421,0.638257954869921
181,1,0.641853886172395,0.638257954869921
181,0,0.741937344729377,0.638257954869921
181,0,0.0953101798043249,0.638257954869921
181,0,-0.356674943938732,0.638257954869921
181,0,-0.22314355131421,0.638257954869921
181,0,0.693147180559945,0.638257954869921
181,1,-0.693147180559945,0.638257954869921
172,0,2.59525470695687,0.339218462289238
172,1,0.916290731874155,0.339218462289238
172,1,1.93152141160321,0.339218462289238
172,0,1.06471073699243,0.339218462289238
172,1,-0.510825623765991,0.339218462289238
172,1,0.832909122935104,0.339218462289238
172,0,1.02961941718116,0.339218462289238
172,1,1.22377543162212,0.339218462289238
172,0,2.2082744135228,0.339218462289238
172,1,0.693147180559945,0.339218462289238
172,1,0.470003629245736,0.339218462289238
172,0,0.741937344729377,0.339218462289238
172,0,2.34180580614733,0.339218462289238
172,0,2.66722820658195,0.339218462289238
172,0,2.73436750941958,0.339218462289238
172,0,0.405465108108164,0.339218462289238
172,0,2.36085400111802,0.339218462289238
172,0,0.587786664902119,0.339218462289238
172,0,1.66770682055808,0.339218462289238
172,0,2.7408400239252,0.339218462289238
172,1,0.53062825106217,0.339218462289238
172,0,1.22377543162212,0.339218462289238
172,0,1.93152141160321,0.339218462289238
172,1,-0.356674943938732,0.339218462289238
172,0,2.72785282839839,0.339218462289238
172,0,3.13549421592915,0.339218462289238
172,0,2.54944517092557,0.339218462289238
172,0,0.53062825106217,0.339218462289238
172,0,0.336472236621213,0.339218462289238
172,1,-0.510825623765991,0.339218462289238
172,1,1.09861228866811,0.339218462289238
172,0,0.8754687373539,0.339218462289238
172,1,2.17475172148416,0.339218462289238
172,1,-0.916290731874155,0.339218462289238
172,0,-0.693147180559945,0.339218462289238
172,0,2.67414864942653,0.339218462289238
172,0,-0.356674943938732,0.339218462289238
172,1,1.09861228866811,0.339218462289238
172,0,0.693147180559945,0.339218462289238
172,1,0.336472236621213,0.339218462289238
172,0,-0.510825623765991,0.339218462289238
172,0,0.832909122935104,0.339218462289238
172,1,-0.22314355131421,0.339218462289238
172,0,-0.22314355131421,0.339218462289238
172,0,0,0.339218462289238
172,0,1.50407739677627,0.339218462289238
172,0,0.78845736036427,0.339218462289238
172,1,0.0953101798043249,0.339218462289238
172,0,3.13983261752775,0.339218462289238
172,0,0.641853886172395,0.339218462289238
172,1,-0.510825623765991,0.339218462289238
172,0,-1.6094379124341,0.339218462289238
172,0,1.58923520511658,0.339218462289238
172,0,0.916290731874155,0.339218462289238
172,0,2.37024374146786,0.339218462289238
172,2,0.53062825106217,0.339218462289238
172,0,2.07944154167984,0.339218462289238
172,0,-0.22314355131421,0.339218462289238
172,9,-0.105360515657826,0.339218462289238
172,0,-0.693147180559945,0.339218462289238
172,1,-0.105360515657826,0.339218462289238
172,0,2.91777073208428,0.339218462289238
172,0,-0.510825623765991,0.339218462289238
172,0,-0.510825623765991,0.339218462289238
172,1,-0.356674943938732,0.339218462289238
172,1,-1.20397280432594,0.339218462289238
184,1,0.741937344729377,0.858369203406879
184,1,0.993251773010283,0.858369203406879
184,0,1.79175946922805,0.858369203406879
184,1,-0.510825623765991,0.858369203406879
184,1,0.832909122935104,0.858369203406879
184,1,0.641853886172395,0.858369203406879
184,1,-0.22314355131421,0.858369203406879
184,0,1.16315080980568,0.858369203406879
184,1,-0.356674943938732,0.858369203406879
184,1,-0.356674943938732,0.858369203406879
184,1,0.832909122935104,0.858369203406879
184,0,0,0.858369203406879
184,1,2.06686275947298,0.858369203406879
184,1,0.53062825106217,0.858369203406879
184,1,1.19392246847243,0.858369203406879
184,0,2.05412373369555,0.858369203406879
184,1,1.85629799036563,0.858369203406879
184,1,0.336472236621213,0.858369203406879
184,9,3.07269331469012,0.858369203406879
184,0,1.25276296849537,0.858369203406879
184,1,-0.510825623765991,0.858369203406879
184,1,0,0.858369203406879
184,1,-0.22314355131421,0.858369203406879
184,0,0.587786664902119,0.858369203406879
184,1,-0.105360515657826,0.858369203406879
184,1,0.336472236621213,0.858369203406879
184,1,0.0953101798043249,0.858369203406879
184,0,0.53062825106217,0.858369203406879
199,1,1.56861591791385,0.782036792561348
199,1,0.916290731874155,0.782036792561348
199,1,-0.510825623765991,0.782036792561348
199,1,1.87180217690159,0.782036792561348
199,1,0.587786664902119,0.782036792561348
199,0,2.98061863574394,0.782036792561348
199,1,-0.22314355131421,0.782036792561348
199,9,1.09861228866811,0.782036792561348
199,0,1.1314021114911,0.782036792561348
199,1,0,0.782036792561348
199,1,0.53062825106217,0.782036792561348
199,1,1.7404661748405,0.782036792561348
199,1,1.56861591791385,0.782036792561348
199,1,1.45861502269952,0.782036792561348
199,1,1.77495235091167,0.782036792561348
199,1,0,0.782036792561348
199,1,-1.20397280432594,0.782036792561348
199,1,0,0.782036792561348
199,1,-0.693147180559945,0.782036792561348
199,0,0.405465108108164,0.782036792561348
199,1,1.56861591791385,0.782036792561348
199,1,1.02961941718116,0.782036792561348
199,1,0.182321556793955,0.782036792561348
199,1,0.693147180559945,0.782036792561348
199,0,1.48160454092422,0.782036792561348
199,1,2.42480272571829,0.782036792561348
199,1,0.955511445027436,0.782036792561348
203,9,1.77495235091167,0.824039468810002
203,0,3.00071981506503,0.824039468810002
203,0,1.77495235091167,0.824039468810002
203,0,1.22377543162212,0.824039468810002
203,1,0.262364264467491,0.824039468810002
203,0,2.56494935746154,0.824039468810002
203,0,1.33500106673234,0.824039468810002
203,0,1.79175946922805,0.824039468810002
203,0,0.8754687373539,0.824039468810002
203,0,0.8754687373539,0.824039468810002
203,1,1.33500106673234,0.824039468810002
203,1,0.53062825106217,0.824039468810002
203,0,2.66025953726586,0.824039468810002
203,0,2.69462718077007,0.824039468810002
203,0,1.50407739677627,0.824039468810002
203,0,-0.22314355131421,0.824039468810002
203,0,-0.105360515657826,0.824039468810002
203,1,1.70474809223843,0.824039468810002
203,1,1.19392246847243,0.824039468810002
203,0,1.54756250871601,0.824039468810002
203,0,2.29253475714054,0.824039468810002
203,1,1.58923520511658,0.824039468810002
203,0,0.0953101798043249,0.824039468810002
203,0,2.14006616349627,0.824039468810002
203,1,0.53062825106217,0.824039468810002
203,0,1.43508452528932,0.824039468810002
203,1,3.28091121578765,0.824039468810002
203,0,1.79175946922805,0.824039468810002
203,1,0.182321556793955,0.824039468810002
203,0,1.38629436111989,0.824039468810002
203,0,0.641853886172395,0.824039468810002
203,0,1.88706964903238,0.824039468810002
203,0,1.33500106673234,0.824039468810002
203,1,0.470003629245736,0.824039468810002
203,1,-1.6094379124341,0.824039468810002
203,0,0.182321556793955,0.824039468810002
203,1,-0.22314355131421,0.824039468810002
203,0,1.90210752639692,0.824039468810002
203,0,0.741937344729377,0.824039468810002
203,1,1.93152141160321,0.824039468810002
203,1,0.8754687373539,0.824039468810002
203,1,0.916290731874155,0.824039468810002
203,1,0.53062825106217,0.824039468810002
203,1,0.405465108108164,0.824039468810002
203,0,1.58923520511658,0.824039468810002
203,1,-0.356674943938732,0.824039468810002
203,3,2.18605127673809,0.824039468810002
203,0,1.38629436111989,0.824039468810002
203,0,1.94591014905531,0.824039468810002
203,1,1.41098697371026,0.824039468810002
203,1,0.832909122935104,0.824039468810002
203,1,0,0.824039468810002
203,1,-0.22314355131421,0.824039468810002
203,1,0.53062825106217,0.824039468810002
203,1,0.262364264467491,0.824039468810002
203,1,-0.916290731874155,0.824039468810002
203,1,2.11625551480255,0.824039468810002
203,1,1.30833281965018,0.824039468810002
203,1,1.02961941718116,0.824039468810002
203,0,1.62924053973028,0.824039468810002
203,0,2.06686275947298,0.824039468810002
203,0,1.38629436111989,0.824039468810002
203,1,1.56861591791385,0.824039468810002
203,0,1.33500106673234,0.824039468810002
203,1,0.0953101798043249,0.824039468810002
203,0,1.1314021114911,0.824039468810002
203,0,3.17387845893747,0.824039468810002
203,9,0.587786664902119,0.824039468810002
203,1,1.06471073699243,0.824039468810002
203,1,1.6094379124341,0.824039468810002
203,1,0.78845736036427,0.824039468810002
203,0,1.80828877117927,0.824039468810002
203,0,2.98061863574394,0.824039468810002
203,0,1.7404661748405,0.824039468810002
203,1,-0.22314355131421,0.824039468810002
203,1,0.641853886172395,0.824039468810002
203,0,1.02961941718116,0.824039468810002
203,1,1.02961941718116,0.824039468810002
203,1,-0.356674943938732,0.824039468810002
203,0,0.693147180559945,0.824039468810002
203,0,0.8754687373539,0.824039468810002
203,0,4.10098910494077,0.824039468810002
203,1,0.693147180559945,0.824039468810002
203,0,1.50407739677627,0.824039468810002
203,1,-0.356674943938732,0.824039468810002
203,1,1.85629799036563,0.824039468810002
203,1,-0.105360515657826,0.824039468810002
203,1,-0.356674943938732,0.824039468810002
203,0,1.48160454092422,0.824039468810002
203,1,-0.356674943938732,0.824039468810002
203,1,0.0953101798043249,0.824039468810002
203,0,2.23001440015921,0.824039468810002
203,0,2.90142159408275,0.824039468810002
203,1,0.741937344729377,0.824039468810002
203,1,0.336472236621213,0.824039468810002
203,0,1.50407739677627,0.824039468810002
203,0,1.06471073699243,0.824039468810002
203,0,0.916290731874155,0.824039468810002
203,1,-1.20397280432594,0.824039468810002
203,0,1.85629799036563,0.824039468810002
203,1,-0.916290731874155,0.824039468810002
203,1,0.405465108108164,0.824039468810002
203,0,1.38629436111989,0.824039468810002
203,3,1.52605630349505,0.824039468810002
203,0,1.66770682055808,0.824039468810002
203,0,0.993251773010283,0.824039468810002
203,1,-0.356674943938732,0.824039468810002
203,1,1.19392246847243,0.824039468810002
203,1,0.262364264467491,0.824039468810002
203,1,1.41098697371026,0.824039468810002
203,0,0.955511445027436,0.824039468810002
203,1,1.25276296849537,0.824039468810002
203,1,2.46809953147162,0.824039468810002
203,1,-1.20397280432594,0.824039468810002
203,1,1.87180217690159,0.824039468810002
204,1,0,0.314781542333499
204,1,-0.510825623765991,0.314781542333499
204,1,0.405465108108164,0.314781542333499
205,0,1.38629436111989,0.729739442359534
205,1,0,0.729739442359534
205,2,0.182321556793955,0.729739442359534
205,0,0.8754687373539,0.729739442359534
205,9,0.262364264467491,0.729739442359534
216,1,1.68639895357023,0.848953631698145
216,1,0.262364264467491,0.848953631698145
216,1,0,0.848953631698145
216,1,0.262364264467491,0.848953631698145
216,0,1.68639895357023,0.848953631698145
216,0,1.68639895357023,0.848953631698145
216,0,2.72129542785223,0.848953631698145
216,1,1.66770682055808,0.848953631698145
216,1,0.336472236621213,0.848953631698145
216,0,2.63905732961526,0.848953631698145
216,0,2.2082744135228,0.848953631698145
216,3,2.59525470695687,0.848953631698145
216,1,0.0953101798043249,0.848953631698145
216,1,0.182321556793955,0.848953631698145
216,1,0.832909122935104,0.848953631698145
216,1,1.54756250871601,0.848953631698145
216,1,-0.105360515657826,0.848953631698145
216,0,3.34638914516716,0.848953631698145
216,1,-0.510825623765991,0.848953631698145
216,0,1.02961941718116,0.848953631698145
216,0,2.05412373369555,0.848953631698145
216,1,2.76000994003292,0.848953631698145
216,1,2.85647020622048,0.848953631698145
216,0,2.58776403522771,0.848953631698145
216,1,1.09861228866811,0.848953631698145
216,0,0.405465108108164,0.848953631698145
216,0,0.53062825106217,0.848953631698145
216,9,1.56861591791385,0.848953631698145
225,0,1.54756250871601,0.804679610709022
225,0,0.0953101798043249,0.804679610709022
225,0,1.38629436111989,0.804679610709022
225,0,1.41098697371026,0.804679610709022
225,0,2.89037175789616,0.804679610709022
225,1,0.641853886172395,0.804679610709022
225,0,2.17475172148416,0.804679610709022
225,0,0.993251773010283,0.804679610709022
225,0,0.587786664902119,0.804679610709022
225,1,0.336472236621213,0.804679610709022
225,1,-0.356674943938732,0.804679610709022
225,0,1.45861502269952,0.804679610709022
225,0,1.68639895357023,0.804679610709022
225,1,1.45861502269952,0.804679610709022
225,0,1.54756250871601,0.804679610709022
225,0,0.78845736036427,0.804679610709022
225,1,-0.916290731874155,0.804679610709022
225,0,-0.510825623765991,0.804679610709022
225,0,3.72810016726722,0.804679610709022
225,0,1.28093384546206,0.804679610709022
225,1,-0.510825623765991,0.804679610709022
225,1,0.182321556793955,0.804679610709022
225,0,1.1314021114911,0.804679610709022
225,0,0.53062825106217,0.804679610709022
225,1,1.3609765531356,0.804679610709022
225,1,0.336472236621213,0.804679610709022
225,1,0.182321556793955,0.804679610709022
225,1,1.09861228866811,0.804679610709022
225,0,1.19392246847243,0.804679610709022
225,0,1.7404661748405,0.804679610709022
226,0,1.30833281965018,0.872184182437683
226,0,2.51769647261099,0.872184182437683
226,0,2.52572864430826,0.872184182437683
226,0,2.54160199346455,0.872184182437683
226,1,1.58923520511658,0.872184182437683
226,1,-0.510825623765991,0.872184182437683
226,1,2.3887627892351,0.872184182437683
226,0,1.62924053973028,0.872184182437683
226,0,2.30258509299405,0.872184182437683
226,0,-0.105360515657826,0.872184182437683
226,1,0.262364264467491,0.872184182437683
226,0,0.587786664902119,0.872184182437683
226,0,2.12823170584927,0.872184182437683
226,1,1.43508452528932,0.872184182437683
226,1,1.30833281965018,0.872184182437683
226,0,2.79116510781272,0.872184182437683
226,1,0.262364264467491,0.872184182437683
226,0,1.09861228866811,0.872184182437683
226,1,0.832909122935104,0.872184182437683
226,9,0.587786664902119,0.872184182437683
226,1,1.45861502269952,0.872184182437683
228,1,0.641853886172395,0.75523896086693
228,0,1.66770682055808,0.75523896086693
228,0,1.7227665977411,0.75523896086693
228,0,2.2512917986065,0.75523896086693
228,1,1.19392246847243,0.75523896086693
228,1,0.470003629245736,0.75523896086693
228,1,-1.6094379124341,0.75523896086693
237,0,2.37024374146786,0.672444348200744
237,0,2.11625551480255,0.672444348200744
237,1,1.16315080980568,0.672444348200744
237,0,0,0.672444348200744
237,0,2.63188884013665,0.672444348200744
237,1,1.02961941718116,0.672444348200744
237,0,0.693147180559945,0.672444348200744
237,1,-0.693147180559945,0.672444348200744
237,1,0.182321556793955,0.672444348200744
237,1,-0.22314355131421,0.672444348200744
237,0,1.52605630349505,0.672444348200744
237,1,0.955511445027436,0.672444348200744
239,0,2.90690105984738,0.528826629115542
239,0,2.00148000021012,0.528826629115542
239,0,0.916290731874155,0.528826629115542
239,0,2.2082744135228,0.528826629115542
239,0,2.61006979274201,0.528826629115542
239,0,2.42480272571829,0.528826629115542
239,1,-2.30258509299405,0.528826629115542
239,0,1.64865862558738,0.528826629115542
239,0,2.34180580614733,0.528826629115542
239,1,0.0953101798043249,0.528826629115542
239,1,0.182321556793955,0.528826629115542
239,0,1.7404661748405,0.528826629115542
239,1,-0.693147180559945,0.528826629115542
239,0,2.2512917986065,0.528826629115542
239,1,-0.22314355131421,0.528826629115542
239,1,0.0953101798043249,0.528826629115542
239,1,0.470003629245736,0.528826629115542
239,0,1.7404661748405,0.528826629115542
239,0,0.587786664902119,0.528826629115542
239,0,0.336472236621213,0.528826629115542
246,1,0,0.65676842521623
246,0,1.30833281965018,0.65676842521623
246,1,0.53062825106217,0.65676842521623
246,1,1.1314021114911,0.65676842521623
250,1,0.262364264467491,0.729382673142041
250,0,1.19392246847243,0.729382673142041
250,0,1.94591014905531,0.729382673142041
250,1,-0.510825623765991,0.729382673142041
250,1,1.19392246847243,0.729382673142041
250,0,1.80828877117927,0.729382673142041
250,1,-1.6094379124341,0.729382673142041
250,0,1.45861502269952,0.729382673142041
250,0,4.275276264727,0.729382673142041
250,0,0.587786664902119,0.729382673142041
250,1,0.8754687373539,0.729382673142041
254,1,-1.20397280432594,0.734034772928615
254,1,1.7404661748405,0.734034772928615
254,1,-2.30258509299405,0.734034772928615
254,1,0.693147180559945,0.734034772928615
254,0,0.832909122935104,0.734034772928615
256,1,0.262364264467491,0.751887675582545
256,1,0.587786664902119,0.751887675582545
256,1,0.587786664902119,0.751887675582545
256,0,0.405465108108164,0.751887675582545
256,0,1.41098697371026,0.751887675582545
256,1,0.53062825106217,0.751887675582545
256,1,0.470003629245736,0.751887675582545
260,0,0.8754687373539,0.666469473973584
260,1,-0.22314355131421,0.666469473973584
260,0,1.16315080980568,0.666469473973584
265,0,1.02961941718116,0.860223957273337
265,0,1.09861228866811,0.860223957273337
265,0,1.3609765531356,0.860223957273337
265,1,-1.6094379124341,0.860223957273337
265,3,1.19392246847243,0.860223957273337
265,1,0,0.860223957273337
265,0,0.336472236621213,0.860223957273337
265,1,0,0.860223957273337
274,0,0.262364264467491,0.586880699083435
274,0,0,0.586880699083435
274,0,0.470003629245736,0.586880699083435
274,0,2.54944517092557,0.586880699083435
274,0,-0.510825623765991,0.586880699083435
274,0,0.832909122935104,0.586880699083435
274,0,0.916290731874155,0.586880699083435
274,0,1.56861591791385,0.586880699083435
274,0,0.832909122935104,0.586880699083435
274,1,0,0.586880699083435
274,0,2.3887627892351,0.586880699083435
274,0,0.8754687373539,0.586880699083435
274,0,1.45861502269952,0.586880699083435
274,0,2.74727091425549,0.586880699083435
274,0,-1.6094379124341,0.586880699083435
274,0,-0.105360515657826,0.586880699083435
274,0,0.0953101798043249,0.586880699083435
274,1,-0.916290731874155,0.586880699083435
274,0,1.19392246847243,0.586880699083435
274,0,-0.105360515657826,0.586880699083435
274,0,0.916290731874155,0.586880699083435
274,0,1.75785791755237,0.586880699083435
274,0,0.693147180559945,0.586880699083435
274,0,0.53062825106217,0.586880699083435
274,0,1.52605630349505,0.586880699083435
274,0,-1.20397280432594,0.586880699083435
274,1,0,0.586880699083435
274,1,-0.22314355131421,0.586880699083435
274,0,1.48160454092422,0.586880699083435
274,1,-0.693147180559945,0.586880699083435
274,0,0.641853886172395,0.586880699083435
274,0,1.19392246847243,0.586880699083435
274,1,-0.693147180559945,0.586880699083435
274,1,0.587786664902119,0.586880699083435
274,1,0.0953101798043249,0.586880699083435
274,0,0.262364264467491,0.586880699083435
274,0,0.587786664902119,0.586880699083435
274,1,-0.693147180559945,0.586880699083435
274,0,0.262364264467491,0.586880699083435
274,0,0.832909122935104,0.586880699083435
274,1,-0.916290731874155,0.586880699083435
274,0,-0.22314355131421,0.586880699083435
274,0,1.06471073699243,0.586880699083435
274,0,0.405465108108164,0.586880699083435
274,0,1.3609765531356,0.586880699083435
274,1,0.916290731874155,0.586880699083435
274,1,-0.356674943938732,0.586880699083435
274,0,1.16315080980568,0.586880699083435
274,0,2.12823170584927,0.586880699083435
274,1,0.0953101798043249,0.586880699083435
274,0,1.41098697371026,0.586880699083435
274,0,-0.105360515657826,0.586880699083435
274,1,0.78845736036427,0.586880699083435
274,0,0,0.586880699083435
274,0,0.336472236621213,0.586880699083435
274,0,-0.356674943938732,0.586880699083435
274,0,0.405465108108164,0.586880699083435
274,1,1.33500106673234,0.586880699083435
274,0,2.24070968927596,0.586880699083435
274,9,-0.22314355131421,0.586880699083435
274,0,0.470003629245736,0.586880699083435
274,0,2.64617479738412,0.586880699083435
274,1,-1.6094379124341,0.586880699083435
274,0,0.8754687373539,0.586880699083435
274,9,0.641853886172395,0.586880699083435
274,1,-0.693147180559945,0.586880699083435
274,1,0.916290731874155,0.586880699083435
274,0,1.84054963339749,0.586880699083435
274,0,1.1314021114911,0.586880699083435
274,0,-0.356674943938732,0.586880699083435
274,0,1.91692261218206,0.586880699083435
274,0,1.75785791755237,0.586880699083435
274,1,-0.693147180559945,0.586880699083435
274,0,2.47653840011748,0.586880699083435
274,9,0.78845736036427,0.586880699083435
274,0,0.53062825106217,0.586880699083435
274,0,0.993251773010283,0.586880699083435
274,1,0.0953101798043249,0.586880699083435
274,0,0.53062825106217,0.586880699083435
274,0,1.88706964903238,0.586880699083435
274,0,0.741937344729377,0.586880699083435
274,0,0.916290731874155,0.586880699083435
274,0,1.41098697371026,0.586880699083435
274,0,-0.356674943938732,0.586880699083435
275,1,-0.510825623765991,0.768305672153417
275,0,0.741937344729377,0.768305672153417
275,0,1.1314021114911,0.768305672153417
275,0,0.78845736036427,0.768305672153417
275,1,1.3609765531356,0.768305672153417
275,0,1.77495235091167,0.768305672153417
278,1,-0.22314355131421,0.490100330944858
278,1,0.693147180559945,0.490100330944858
278,0,1.22377543162212,0.490100330944858
278,0,0.182321556793955,0.490100330944858
278,0,-0.356674943938732,0.490100330944858
279,0,0.641853886172395,0.806948968222093
279,0,1.41098697371026,0.806948968222093
279,1,0,0.806948968222093
279,1,0.993251773010283,0.806948968222093
279,1,-0.356674943938732,0.806948968222093
279,1,-1.6094379124341,0.806948968222093
282,1,-0.916290731874155,0.895263194682065
282,0,1.90210752639692,0.895263194682065
282,1,1.97408102602201,0.895263194682065
282,1,1.02961941718116,0.895263194682065
282,1,1.91692261218206,0.895263194682065
282,0,2.00148000021012,0.895263194682065
282,1,-1.6094379124341,0.895263194682065
282,1,1.43508452528932,0.895263194682065
282,0,0.641853886172395,0.895263194682065
292,0,0.832909122935104,0.683399829105065
292,0,0.693147180559945,0.683399829105065
292,1,0.262364264467491,0.683399829105065
292,0,0.262364264467491,0.683399829105065
292,0,-0.693147180559945,0.683399829105065
292,1,-0.22314355131421,0.683399829105065
296,1,-0.356674943938732,0.811205733813425
321,1,0,0.20211601412212
321,0,0.641853886172395,0.20211601412212
321,0,2.09186406167839,0.20211601412212
321,0,-0.356674943938732,0.20211601412212
321,0,0.405465108108164,0.20211601412212
321,0,1.30833281965018,0.20211601412212
321,0,1.58923520511658,0.20211601412212
321,0,0.53062825106217,0.20211601412212
321,0,2.4423470353692,0.20211601412212
321,0,1.3609765531356,0.20211601412212
321,0,2.23001440015921,0.20211601412212
321,0,0.993251773010283,0.20211601412212
321,0,0.955511445027436,0.20211601412212
321,0,0.993251773010283,0.20211601412212
321,0,-0.105360515657826,0.20211601412212
321,0,0.8754687373539,0.20211601412212
321,1,-0.22314355131421,0.20211601412212
321,0,-0.22314355131421,0.20211601412212
321,1,0.8754687373539,0.20211601412212
321,1,0.53062825106217,0.20211601412212
321,0,0.955511445027436,0.20211601412212
321,1,0.182321556793955,0.20211601412212
321,1,2.01490302054226,0.20211601412212
321,0,0,0.20211601412212
321,0,1.88706964903238,0.20211601412212
321,0,0.78845736036427,0.20211601412212
321,0,1.22377543162212,0.20211601412212
321,0,3.25037449192757,0.20211601412212
321,0,1.64865862558738,0.20211601412212
321,1,1.62924053973028,0.20211601412212
321,0,1.16315080980568,0.20211601412212
321,0,1.45861502269952,0.20211601412212
321,1,1.06471073699243,0.20211601412212
321,0,2.18605127673809,0.20211601412212
321,0,0.993251773010283,0.20211601412212
321,0,1.25276296849537,0.20211601412212
321,0,2.12823170584927,0.20211601412212
321,0,0,0.20211601412212
321,1,0.955511445027436,0.20211601412212
321,0,0.741937344729377,0.20211601412212
321,0,0.78845736036427,0.20211601412212
321,0,0.916290731874155,0.20211601412212
321,9,2.05412373369555,0.20211601412212
321,0,1.48160454092422,0.20211601412212
321,0,1.19392246847243,0.20211601412212
321,0,1.88706964903238,0.20211601412212
321,0,1.02961941718116,0.20211601412212
321,1,0.641853886172395,0.20211601412212
321,0,1.52605630349505,0.20211601412212
321,0,1.09861228866811,0.20211601412212
321,0,0.693147180559945,0.20211601412212
321,0,0.916290731874155,0.20211601412212
321,0,-0.105360515657826,0.20211601412212
321,0,0.53062825106217,0.20211601412212
321,0,0.336472236621213,0.20211601412212
321,0,0,0.20211601412212
321,0,0.262364264467491,0.20211601412212
321,0,1.25276296849537,0.20211601412212
321,0,1.28093384546206,0.20211601412212
321,0,2.26176309847379,0.20211601412212
321,0,1.1314021114911,0.20211601412212
321,0,0.0953101798043249,0.20211601412212
321,3,1.50407739677627,0.20211601412212
321,0,1.06471073699243,0.20211601412212
321,0,1.64865862558738,0.20211601412212
321,9,-0.356674943938732,0.20211601412212
321,1,0.832909122935104,0.20211601412212
321,0,1.77495235091167,0.20211601412212
321,0,-0.693147180559945,0.20211601412212
321,9,-0.105360515657826,0.20211601412212
321,0,2.24070968927596,0.20211601412212
321,0,1.19392246847243,0.20211601412212
321,1,1.66770682055808,0.20211601412212
321,0,1.54756250871601,0.20211601412212
321,1,2.66722820658195,0.20211601412212
321,1,1.41098697371026,0.20211601412212
321,0,1.19392246847243,0.20211601412212
321,0,0.405465108108164,0.20211601412212
321,0,-0.510825623765991,0.20211601412212
321,1,-0.105360515657826,0.20211601412212
321,1,-0.22314355131421,0.20211601412212
321,0,0.182321556793955,0.20211601412212
321,0,-0.22314355131421,0.20211601412212
321,0,1.56861591791385,0.20211601412212
321,1,0.0953101798043249,0.20211601412212
321,0,1.6094379124341,0.20211601412212
321,1,1.28093384546206,0.20211601412212
321,1,0.587786664902119,0.20211601412212
321,0,1.25276296849537,0.20211601412212
321,0,0.470003629245736,0.20211601412212
321,0,0.955511445027436,0.20211601412212
321,0,2.77881927199042,0.20211601412212
321,0,1.80828877117927,0.20211601412212
321,0,3.2188758248682,0.20211601412212
321,0,0.470003629245736,0.20211601412212
321,0,0.262364264467491,0.20211601412212
321,0,0.693147180559945,0.20211601412212
321,0,0.262364264467491,0.20211601412212
321,1,-0.356674943938732,0.20211601412212
321,0,0.693147180559945,0.20211601412212
321,1,0.53062825106217,0.20211601412212
321,0,-0.22314355131421,0.20211601412212
321,0,2.07944154167984,0.20211601412212
321,0,1.02961941718116,0.20211601412212
321,0,1.38629436111989,0.20211601412212
321,0,0.741937344729377,0.20211601412212
321,1,0,0.20211601412212
321,0,0.262364264467491,0.20211601412212
321,0,1.30833281965018,0.20211601412212
321,0,0.8754687373539,0.20211601412212
321,1,0.8754687373539,0.20211601412212
321,1,-0.356674943938732,0.20211601412212
321,0,1.19392246847243,0.20211601412212
321,0,1.38629436111989,0.20211601412212
305,1,0,0.806676738547824
305,1,-0.510825623765991,0.806676738547824
305,0,0.955511445027436,0.806676738547824
305,1,0.182321556793955,0.806676738547824
305,0,2.50959926237837,0.806676738547824
305,1,-0.693147180559945,0.806676738547824
305,1,-1.20397280432594,0.806676738547824
305,1,1.25276296849537,0.806676738547824
305,1,-0.105360515657826,0.806676738547824
305,1,-0.916290731874155,0.806676738547824
305,1,-0.916290731874155,0.806676738547824
305,1,-0.105360515657826,0.806676738547824
305,3,0.470003629245736,0.806676738547824
305,1,0,0.806676738547824
305,0,1.41098697371026,0.806676738547824
305,1,-0.916290731874155,0.806676738547824
305,1,-0.916290731874155,0.806676738547824
305,1,0.0953101798043249,0.806676738547824
305,0,0.53062825106217,0.806676738547824
305,0,1.6094379124341,0.806676738547824
305,1,-1.6094379124341,0.806676738547824
308,1,2.07944154167984,0.83285259959856
308,1,2.62466859216316,0.83285259959856
308,0,0.470003629245736,0.83285259959856
308,1,0.8754687373539,0.83285259959856
308,1,2.09186406167839,0.83285259959856
308,9,0.0953101798043249,0.83285259959856
308,1,0.470003629245736,0.83285259959856
317,0,-0.105360515657826,0.823073959362974
317,1,-0.693147180559945,0.823073959362974
317,1,0.405465108108164,0.823073959362974
317,0,0.916290731874155,0.823073959362974
317,0,0.53062825106217,0.823073959362974
317,0,1.09861228866811,0.823073959362974
317,0,0.832909122935104,0.823073959362974
317,1,0.405465108108164,0.823073959362974
317,0,1.66770682055808,0.823073959362974
317,0,0.470003629245736,0.823073959362974
317,1,0.470003629245736,0.823073959362974
326,1,0.470003629245736,0.294608032522514
326,1,-0.510825623765991,0.294608032522514
326,0,0.470003629245736,0.294608032522514
326,1,-0.22314355131421,0.294608032522514
326,0,0.405465108108164,0.294608032522514
326,1,-0.510825623765991,0.294608032522514
326,0,1.22377543162212,0.294608032522514
326,1,0.0953101798043249,0.294608032522514
330,1,1.62924053973028,0.401457086710626
330,0,0.955511445027436,0.401457086710626
330,9,2.05412373369555,0.401457086710626
330,0,1.62924053973028,0.401457086710626
330,1,1.93152141160321,0.401457086710626
330,1,0.587786664902119,0.401457086710626
330,1,1.43508452528932,0.401457086710626
330,0,1.3609765531356,0.401457086710626
330,0,-0.105360515657826,0.401457086710626
330,0,2.14006616349627,0.401457086710626
330,0,1.45861502269952,0.401457086710626
330,0,2.3887627892351,0.401457086710626
330,1,2.01490302054226,0.401457086710626
337,1,-0.916290731874155,0.762080716953272
337,0,1.58923520511658,0.762080716953272
337,1,0,0.762080716953272
337,1,-0.693147180559945,0.762080716953272
337,1,-1.6094379124341,0.762080716953272
337,1,-0.510825623765991,0.762080716953272
337,0,0.993251773010283,0.762080716953272
337,1,-0.693147180559945,0.762080716953272
337,1,0,0.762080716953272
337,1,-0.693147180559945,0.762080716953272
337,1,0.993251773010283,0.762080716953272
337,0,0.693147180559945,0.762080716953272
340,1,0.53062825106217,0.608471256094952
340,1,0.78845736036427,0.608471256094952
344,0,0.916290731874155,0.784805244956553
344,0,3.45315712059287,0.784805244956553
344,1,1.06471073699243,0.784805244956553
344,1,1.94591014905531,0.784805244956553
344,0,1.19392246847243,0.784805244956553
344,1,1.02961941718116,0.784805244956553
344,1,1.90210752639692,0.784805244956553
344,1,0.405465108108164,0.784805244956553
344,0,1.70474809223843,0.784805244956553
344,1,-0.22314355131421,0.784805244956553
344,1,1.79175946922805,0.784805244956553
344,0,0.78845736036427,0.784805244956553
344,1,2.58776403522771,0.784805244956553
344,0,0.955511445027436,0.784805244956553
344,1,0,0.784805244956553
344,0,2.98568193770049,0.784805244956553
344,1,2.46809953147162,0.784805244956553
344,0,1.90210752639692,0.784805244956553
344,0,1.25276296849537,0.784805244956553
344,0,1.6094379124341,0.784805244956553
344,0,2.57261223020711,0.784805244956553
344,0,0.336472236621213,0.784805244956553
344,1,2.18605127673809,0.784805244956553
344,0,0.78845736036427,0.784805244956553
344,1,-0.22314355131421,0.784805244956553
344,0,2.76000994003292,0.784805244956553
344,0,1.22377543162212,0.784805244956553
344,1,3.82428409112014,0.784805244956553
344,0,0.993251773010283,0.784805244956553
344,1,-0.22314355131421,0.784805244956553
344,1,2.00148000021012,0.784805244956553
344,0,1.82454929205105,0.784805244956553
344,0,2.99573227355399,0.784805244956553
344,1,-1.20397280432594,0.784805244956553
344,1,0.916290731874155,0.784805244956553
344,0,1.25276296849537,0.784805244956553
344,0,1.45861502269952,0.784805244956553
344,0,-1.20397280432594,0.784805244956553
344,1,1.43508452528932,0.784805244956553
345,1,0.336472236621213,0.83725618250488
345,1,-0.356674943938732,0.83725618250488
345,1,0.405465108108164,0.83725618250488
345,1,-0.510825623765991,0.83725618250488
345,0,2.41591377830105,0.83725618250488
352,0,2.09186406167839,0.787879920950945
352,1,1.66770682055808,0.787879920950945
352,0,0.741937344729377,0.787879920950945
352,1,0.336472236621213,0.787879920950945
352,1,1.1314021114911,0.787879920950945
352,0,-0.916290731874155,0.787879920950945
352,0,0.587786664902119,0.787879920950945
352,0,0.182321556793955,0.787879920950945
352,1,-1.20397280432594,0.787879920950945
352,1,0.0953101798043249,0.787879920950945
352,1,-0.22314355131421,0.787879920950945
352,1,1.33500106673234,0.787879920950945
352,0,-0.105360515657826,0.787879920950945
352,0,0.587786664902119,0.787879920950945
352,0,2.30258509299405,0.787879920950945
352,1,1.68639895357023,0.787879920950945
352,0,0.916290731874155,0.787879920950945
352,0,1.43508452528932,0.787879920950945
352,0,0.955511445027436,0.787879920950945
352,0,-2.30258509299405,0.787879920950945
352,1,1.41098697371026,0.787879920950945
352,1,0.182321556793955,0.787879920950945
352,1,-0.22314355131421,0.787879920950945
352,0,-0.22314355131421,0.787879920950945
352,1,1.06471073699243,0.787879920950945
352,0,0.405465108108164,0.787879920950945
352,1,1.77495235091167,0.787879920950945
352,1,0,0.787879920950945
352,0,-0.510825623765991,0.787879920950945
352,0,0.0953101798043249,0.787879920950945
352,0,0.641853886172395,0.787879920950945
352,1,1.25276296849537,0.787879920950945
354,3,-0.693147180559945,0.766927241813907
354,0,3.70130197411249,0.766927241813907
354,0,2.12823170584927,0.766927241813907
354,1,-0.693147180559945,0.766927241813907
354,0,1.75785791755237,0.766927241813907
354,1,0.993251773010283,0.766927241813907
354,1,-0.510825623765991,0.766927241813907
354,0,1.56861591791385,0.766927241813907
356,1,0.741937344729377,0.735991129551835
356,0,2.37024374146786,0.735991129551835
356,1,2.11625551480255,0.735991129551835
356,1,2.2512917986065,0.735991129551835
356,0,1.90210752639692,0.735991129551835
356,0,2.92852352386054,0.735991129551835
356,1,1.22377543162212,0.735991129551835
356,1,0.78845736036427,0.735991129551835
356,1,0.587786664902119,0.735991129551835
356,1,0.0953101798043249,0.735991129551835
356,0,1.50407739677627,0.735991129551835
356,1,0.693147180559945,0.735991129551835
356,0,3.01062088604774,0.735991129551835
356,1,-0.22314355131421,0.735991129551835
356,1,2.09186406167839,0.735991129551835
356,1,1.7404661748405,0.735991129551835
356,0,1.19392246847243,0.735991129551835
356,1,0.8754687373539,0.735991129551835
356,1,-0.916290731874155,0.735991129551835
356,1,-0.356674943938732,0.735991129551835
356,0,0.470003629245736,0.735991129551835
356,1,0.641853886172395,0.735991129551835
356,0,2.05412373369555,0.735991129551835
356,1,0,0.735991129551835
356,0,1.1314021114911,0.735991129551835
356,1,-0.510825623765991,0.735991129551835
356,1,1.77495235091167,0.735991129551835
356,1,1.41098697371026,0.735991129551835
356,0,1.62924053973028,0.735991129551835
356,0,1.16315080980568,0.735991129551835
356,1,-0.356674943938732,0.735991129551835
356,0,1.58923520511658,0.735991129551835
356,0,1.70474809223843,0.735991129551835
356,0,2.07944154167984,0.735991129551835
357,1,1.58923520511658,0.852063628907578
357,0,2.40694510831829,0.852063628907578
357,1,2.27212588550934,0.852063628907578
357,0,1.90210752639692,0.852063628907578
357,0,2.35137525716348,0.852063628907578
357,1,0.405465108108164,0.852063628907578
357,0,1.56861591791385,0.852063628907578
357,0,0.916290731874155,0.852063628907578
357,1,0.182321556793955,0.852063628907578
357,1,-0.693147180559945,0.852063628907578
357,1,1.64865862558738,0.852063628907578
357,0,1.30833281965018,0.852063628907578
357,0,1.56861591791385,0.852063628907578
357,0,2.3887627892351,0.852063628907578
357,0,0.832909122935104,0.852063628907578
362,1,0.53062825106217,0.811507827144791
362,0,1.25276296849537,0.811507827144791
362,0,3.03495298670727,0.811507827144791
362,1,-0.22314355131421,0.811507827144791
363,1,-0.105360515657826,0.823359320555349
363,0,0.832909122935104,0.823359320555349
363,0,0.0953101798043249,0.823359320555349
363,1,-1.6094379124341,0.823359320555349
363,0,0.182321556793955,0.823359320555349
363,1,2.02814824729229,0.823359320555349
363,1,-0.22314355131421,0.823359320555349
363,0,0.741937344729377,0.823359320555349
363,0,1.06471073699243,0.823359320555349
363,9,0.182321556793955,0.823359320555349
363,0,-0.693147180559945,0.823359320555349
363,3,-0.356674943938732,0.823359320555349
363,0,-1.6094379124341,0.823359320555349
363,1,1.16315080980568,0.823359320555349
363,0,0.262364264467491,0.823359320555349
363,0,0.78845736036427,0.823359320555349
363,1,0.0953101798043249,0.823359320555349
363,1,-1.20397280432594,0.823359320555349
363,0,0.405465108108164,0.823359320555349
363,0,-0.22314355131421,0.823359320555349
363,0,0,0.823359320555349
365,1,-0.693147180559945,0.810072070336678
365,0,0.53062825106217,0.810072070336678
365,0,2.16332302566054,0.810072070336678
365,0,2.7408400239252,0.810072070336678
365,1,1.38629436111989,0.810072070336678
365,0,0.955511445027436,0.810072070336678
365,0,0.182321556793955,0.810072070336678
365,1,1.97408102602201,0.810072070336678
365,0,0.53062825106217,0.810072070336678
365,1,1.33500106673234,0.810072070336678
367,0,1.82454929205105,0.834625041209277
367,0,3.79548918917219,0.834625041209277
367,1,1.56861591791385,0.834625041209277
367,0,1.48160454092422,0.834625041209277
367,0,2.7408400239252,0.834625041209277
367,1,0.182321556793955,0.834625041209277
367,0,2.54160199346455,0.834625041209277
367,1,0.53062825106217,0.834625041209277
367,0,1.33500106673234,0.834625041209277
367,1,2.37954613413017,0.834625041209277
367,0,1.52605630349505,0.834625041209277
367,0,2.17475172148416,0.834625041209277
367,0,1.3609765531356,0.834625041209277
367,0,2.12823170584927,0.834625041209277
367,1,2.9704144655697,0.834625041209277
367,1,0.262364264467491,0.834625041209277
367,0,0.53062825106217,0.834625041209277
367,0,1.7227665977411,0.834625041209277
369,1,0.262364264467491,0.904238393349981
369,0,1.16315080980568,0.904238393349981
369,1,-1.20397280432594,0.904238393349981
369,1,0.0953101798043249,0.904238393349981
369,0,1.66770682055808,0.904238393349981
369,1,0.641853886172395,0.904238393349981
369,1,0.182321556793955,0.904238393349981
371,1,0.53062825106217,0.686570602198314
371,1,0.405465108108164,0.686570602198314
371,1,-0.693147180559945,0.686570602198314
371,0,1.19392246847243,0.686570602198314
371,1,-0.510825623765991,0.686570602198314
371,1,1.33500106673234,0.686570602198314
371,1,1.48160454092422,0.686570602198314
371,0,-0.916290731874155,0.686570602198314
371,0,0.262364264467491,0.686570602198314
371,1,0.336472236621213,0.686570602198314
371,0,1.84054963339749,0.686570602198314
371,1,-1.20397280432594,0.686570602198314
371,1,-0.22314355131421,0.686570602198314
371,1,0,0.686570602198314
371,1,0.470003629245736,0.686570602198314
371,1,-0.510825623765991,0.686570602198314
373,1,1.02961941718116,0.875197867338596
373,0,1.82454929205105,0.875197867338596
373,0,1.48160454092422,0.875197867338596
373,0,1.09861228866811,0.875197867338596
373,0,2.23001440015921,0.875197867338596
373,0,2.7408400239252,0.875197867338596
373,0,2.82137888640921,0.875197867338596
373,0,2.17475172148416,0.875197867338596
373,0,0.78845736036427,0.875197867338596
373,1,0.78845736036427,0.875197867338596
373,0,1.77495235091167,0.875197867338596
373,1,1.1314021114911,0.875197867338596
373,1,0.336472236621213,0.875197867338596
373,0,0.741937344729377,0.875197867338596
373,0,1.70474809223843,0.875197867338596
373,1,2.26176309847379,0.875197867338596
373,0,1.02961941718116,0.875197867338596
373,0,-0.356674943938732,0.875197867338596
373,1,-0.22314355131421,0.875197867338596
373,1,-0.693147180559945,0.875197867338596
373,0,2.2512917986065,0.875197867338596
373,0,-0.22314355131421,0.875197867338596
373,1,0,0.875197867338596
14,0,-0.356674943938732,-2.30258509299405
14,0,1.28093384546206,-2.30258509299405
14,0,1.70474809223843,-2.30258509299405
14,0,0.955511445027436,-2.30258509299405
14,0,0.832909122935104,-2.30258509299405
14,0,1.56861591791385,-2.30258509299405
14,0,0.993251773010283,-2.30258509299405
14,0,0,-2.30258509299405
14,0,-0.916290731874155,-2.30258509299405
14,1,-2.30258509299405,-2.30258509299405
14,1,1.19392246847243,-2.30258509299405
14,0,-0.105360515657826,-2.30258509299405
14,0,-0.105360515657826,-2.30258509299405
14,0,1.62924053973028,-2.30258509299405
14,0,0.641853886172395,-2.30258509299405
14,0,0.262364264467491,-2.30258509299405
14,0,0.336472236621213,-2.30258509299405
14,0,-0.105360515657826,-2.30258509299405
14,9,1.02961941718116,-2.30258509299405
14,0,-0.22314355131421,-2.30258509299405
14,0,0.8754687373539,-2.30258509299405
14,0,-0.105360515657826,-2.30258509299405
14,0,2.34180580614733,-2.30258509299405
14,0,0.53062825106217,-2.30258509299405
14,0,1.50407739677627,-2.30258509299405
14,0,1.41098697371026,-2.30258509299405
14,0,0.832909122935104,-2.30258509299405
14,0,0.336472236621213,-2.30258509299405
14,0,1.50407739677627,-2.30258509299405
14,0,-1.6094379124341,-2.30258509299405
14,0,-0.510825623765991,-2.30258509299405
14,0,1.28093384546206,-2.30258509299405
14,0,0.470003629245736,-2.30258509299405
14,1,0.182321556793955,-2.30258509299405
14,0,0.336472236621213,-2.30258509299405
14,0,2.53369681395743,-2.30258509299405
14,9,0.53062825106217,-2.30258509299405
14,9,-0.510825623765991,-2.30258509299405
14,9,1.96009478404727,-2.30258509299405
14,1,-0.105360515657826,-2.30258509299405
14,0,1.45861502269952,-2.30258509299405
14,0,-0.105360515657826,-2.30258509299405
14,0,1.06471073699243,-2.30258509299405
14,9,1.09861228866811,-2.30258509299405
14,0,0.470003629245736,-2.30258509299405
14,0,-1.6094379124341,-2.30258509299405
14,0,-0.22314355131421,-2.30258509299405
14,0,0.336472236621213,-2.30258509299405
14,0,0.405465108108164,-2.30258509299405
14,1,0.53062825106217,-2.30258509299405
14,0,-1.20397280432594,-2.30258509299405
14,0,0.587786664902119,-2.30258509299405
14,0,-0.105360515657826,-2.30258509299405
14,0,0.587786664902119,-2.30258509299405
14,1,-0.916290731874155,-2.30258509299405
14,0,1.45861502269952,-2.30258509299405
14,0,0.641853886172395,-2.30258509299405
14,0,0.53062825106217,-2.30258509299405
14,1,-0.356674943938732,-2.30258509299405
14,0,0.182321556793955,-2.30258509299405
14,0,0.587786664902119,-2.30258509299405
14,0,0.693147180559945,-2.30258509299405
14,0,0.741937344729377,-2.30258509299405
14,0,0.182321556793955,-2.30258509299405
14,0,1.19392246847243,-2.30258509299405
14,0,0,-2.30258509299405
14,0,1.16315080980568,-2.30258509299405
14,0,1.02961941718116,-2.30258509299405
14,0,1.06471073699243,-2.30258509299405
14,0,0.0953101798043249,-2.30258509299405
14,9,0,-2.30258509299405
14,0,0.53062825106217,-2.30258509299405
14,0,0.587786664902119,-2.30258509299405
14,0,0.53062825106217,-2.30258509299405
14,0,-1.20397280432594,-2.30258509299405
14,0,0,-2.30258509299405
14,0,-0.693147180559945,-2.30258509299405
14,0,1.52605630349505,-2.30258509299405
14,0,-0.356674943938732,-2.30258509299405
14,0,0.405465108108164,-2.30258509299405
14,0,0,-2.30258509299405
14,0,-0.22314355131421,-2.30258509299405
14,0,1.85629799036563,-2.30258509299405
14,0,-0.105360515657826,-2.30258509299405
14,0,0.693147180559945,-2.30258509299405
14,0,1.84054963339749,-2.30258509299405
14,0,0.993251773010283,-2.30258509299405
14,0,0.470003629245736,-2.30258509299405
14,0,0.53062825106217,-2.30258509299405
14,0,0.53062825106217,-2.30258509299405
14,0,1.06471073699243,-2.30258509299405
14,0,-0.22314355131421,-2.30258509299405
14,0,-0.22314355131421,-2.30258509299405
14,0,0.78845736036427,-2.30258509299405
14,0,0.53062825106217,-2.30258509299405
14,0,-0.356674943938732,-2.30258509299405
14,0,-0.356674943938732,-2.30258509299405
27,0,0,0.542190560953688
27,0,1.7227665977411,0.542190560953688
27,0,2.65324196460721,0.542190560953688
27,0,1.52605630349505,0.542190560953688
27,0,0.53062825106217,0.542190560953688
27,0,2.19722457733622,0.542190560953688
27,2,-0.510825623765991,0.542190560953688
27,0,0.405465108108164,0.542190560953688
27,0,-0.22314355131421,0.542190560953688
27,0,2.76000994003292,0.542190560953688
27,0,-0.22314355131421,0.542190560953688
27,0,1.09861228866811,0.542190560953688
27,0,1.3609765531356,0.542190560953688
27,0,-0.693147180559945,0.542190560953688
27,9,-0.356674943938732,0.542190560953688
27,0,2.54944517092557,0.542190560953688
27,0,0.262364264467491,0.542190560953688
27,9,-0.693147180559945,0.542190560953688
27,0,0.693147180559945,0.542190560953688
27,0,0.470003629245736,0.542190560953688
27,0,1.38629436111989,0.542190560953688
27,0,0.8754687373539,0.542190560953688
27,0,0.832909122935104,0.542190560953688
27,0,-0.693147180559945,0.542190560953688
27,0,0.262364264467491,0.542190560953688
27,0,-0.510825623765991,0.542190560953688
27,0,-0.510825623765991,0.542190560953688
27,0,1.02961941718116,0.542190560953688
27,0,2.45958884180371,0.542190560953688
27,9,2.26176309847379,0.542190560953688
27,0,1.3609765531356,0.542190560953688
27,0,0.8754687373539,0.542190560953688
27,0,0.693147180559945,0.542190560953688
27,0,0,0.542190560953688
27,1,-1.6094379124341,0.542190560953688
27,9,0,0.542190560953688
27,0,-0.356674943938732,0.542190560953688
27,0,1.16315080980568,0.542190560953688
27,0,-0.693147180559945,0.542190560953688
27,0,1.1314021114911,0.542190560953688
27,0,1.43508452528932,0.542190560953688
27,0,1.22377543162212,0.542190560953688
27,0,2.06686275947298,0.542190560953688
27,0,-0.105360515657826,0.542190560953688
27,0,-0.356674943938732,0.542190560953688
27,0,0.78845736036427,0.542190560953688
27,0,0.470003629245736,0.542190560953688
39,0,1.3609765531356,0.581729468180534
39,0,0.587786664902119,0.581729468180534
39,0,1.33500106673234,0.581729468180534
39,0,1.38629436111989,0.581729468180534
39,0,1.62924053973028,0.581729468180534
39,0,0,0.581729468180534
39,0,-0.510825623765991,0.581729468180534
39,0,-0.22314355131421,0.581729468180534
39,0,0.405465108108164,0.581729468180534
39,0,-0.510825623765991,0.581729468180534
39,0,0.741937344729377,0.581729468180534
39,0,1.68639895357023,0.581729468180534
39,0,0.405465108108164,0.581729468180534
39,0,0.0953101798043249,0.581729468180534
39,0,1.09861228866811,0.581729468180534
39,0,0.78845736036427,0.581729468180534
39,1,0,0.581729468180534
39,0,2.11625551480255,0.581729468180534
39,0,2.30258509299405,0.581729468180534
39,0,-0.693147180559945,0.581729468180534
39,0,0,0.581729468180534
39,0,0.693147180559945,0.581729468180534
39,0,1.19392246847243,0.581729468180534
39,0,-0.510825623765991,0.581729468180534
39,0,0,0.581729468180534
39,0,1.41098697371026,0.581729468180534
39,0,0.262364264467491,0.581729468180534
39,1,0.0953101798043249,0.581729468180534
39,0,0.405465108108164,0.581729468180534
39,9,0.641853886172395,0.581729468180534
39,0,-0.356674943938732,0.581729468180534
39,0,0.470003629245736,0.581729468180534
39,0,2.36085400111802,0.581729468180534
39,1,-2.30258509299405,0.581729468180534
39,0,0.916290731874155,0.581729468180534
39,0,0.78845736036427,0.581729468180534
39,0,1.50407739677627,0.581729468180534
39,0,0.641853886172395,0.581729468180534
39,0,1.28093384546206,0.581729468180534
39,0,1.56861591791385,0.581729468180534
39,0,-0.22314355131421,0.581729468180534
39,0,1.16315080980568,0.581729468180534
39,0,-0.105360515657826,0.581729468180534
39,0,0.993251773010283,0.581729468180534
39,0,1.77495235091167,0.581729468180534
39,1,-0.22314355131421,0.581729468180534
39,0,2.02814824729229,0.581729468180534
39,0,1.43508452528932,0.581729468180534
39,0,3.36384159511839,0.581729468180534
39,0,0.405465108108164,0.581729468180534
39,0,-0.693147180559945,0.581729468180534
39,0,1.02961941718116,0.581729468180534
39,0,1.28093384546206,0.581729468180534
39,0,1.70474809223843,0.581729468180534
39,0,-0.105360515657826,0.581729468180534
39,0,1.19392246847243,0.581729468180534
39,0,1.79175946922805,0.581729468180534
39,0,0.693147180559945,0.581729468180534
39,0,0.470003629245736,0.581729468180534
39,0,-0.916290731874155,0.581729468180534
39,0,-0.105360515657826,0.581729468180534
39,0,1.90210752639692,0.581729468180534
39,1,0.587786664902119,0.581729468180534
39,0,2.11625551480255,0.581729468180534
39,0,2.45100509811232,0.581729468180534
39,0,-1.20397280432594,0.581729468180534
39,0,1.25276296849537,0.581729468180534
39,0,-0.510825623765991,0.581729468180534
39,0,-0.693147180559945,0.581729468180534
39,0,0.741937344729377,0.581729468180534
39,0,1.6094379124341,0.581729468180534
39,9,0.470003629245736,0.581729468180534
39,0,0.641853886172395,0.581729468180534
39,0,2.14006616349627,0.581729468180534
39,0,0.641853886172395,0.581729468180534
39,9,0.693147180559945,0.581729468180534
39,0,0,0.581729468180534
39,0,0.405465108108164,0.581729468180534
39,0,0,0.581729468180534
39,0,-0.105360515657826,0.581729468180534
39,0,0.641853886172395,0.581729468180534
39,0,0.993251773010283,0.581729468180534
39,0,0.587786664902119,0.581729468180534
39,0,-0.105360515657826,0.581729468180534
39,0,0.916290731874155,0.581729468180534
39,0,-0.693147180559945,0.581729468180534
39,0,0.641853886172395,0.581729468180534
39,9,0.405465108108164,0.581729468180534
39,0,-2.30258509299405,0.581729468180534
39,0,0.641853886172395,0.581729468180534
39,0,0.0953101798043249,0.581729468180534
39,0,1.45861502269952,0.581729468180534
39,0,0.405465108108164,0.581729468180534
39,0,2.28238238567653,0.581729468180534
39,0,0.993251773010283,0.581729468180534
39,0,-0.510825623765991,0.581729468180534
39,0,0.53062825106217,0.581729468180534
39,0,0.641853886172395,0.581729468180534
39,0,-0.22314355131421,0.581729468180534
39,0,0.53062825106217,0.581729468180534
39,0,1.94591014905531,0.581729468180534
39,0,-0.356674943938732,0.581729468180534
39,0,1.58923520511658,0.581729468180534
39,9,1.6094379124341,0.581729468180534
39,9,-0.356674943938732,0.581729468180534
39,0,0.0953101798043249,0.581729468180534
39,0,-0.105360515657826,0.581729468180534
39,0,0.993251773010283,0.581729468180534
39,0,1.98787434815435,0.581729468180534
39,2,-0.510825623765991,0.581729468180534
39,1,-1.20397280432594,0.581729468180534
39,0,0.53062825106217,0.581729468180534
39,0,0.693147180559945,0.581729468180534
39,0,-0.693147180559945,0.581729468180534
97,9,0,-2.30258509299405
97,0,1.43508452528932,-2.30258509299405
97,0,2.97552956623647,-2.30258509299405
97,0,0.405465108108164,-2.30258509299405
97,1,-2.30258509299405,-2.30258509299405
97,9,0.0953101798043249,-2.30258509299405
105,0,-0.693147180559945,0.74525564260804
105,0,1.06471073699243,0.74525564260804
105,0,1.06471073699243,0.74525564260804
105,0,1.7227665977411,0.74525564260804
105,0,1.54756250871601,0.74525564260804
105,0,-0.22314355131421,0.74525564260804
105,0,0.336472236621213,0.74525564260804
105,1,-1.20397280432594,0.74525564260804
105,0,0.262364264467491,0.74525564260804
105,0,0.693147180559945,0.74525564260804
105,0,0.405465108108164,0.74525564260804
105,0,2.27212588550934,0.74525564260804
105,0,0.405465108108164,0.74525564260804
105,0,0.336472236621213,0.74525564260804
105,0,0.262364264467491,0.74525564260804
105,0,0.53062825106217,0.74525564260804
105,0,2.65324196460721,0.74525564260804
105,0,1.06471073699243,0.74525564260804
105,0,0.8754687373539,0.74525564260804
105,0,0.470003629245736,0.74525564260804
105,1,0.470003629245736,0.74525564260804
105,0,1.19392246847243,0.74525564260804
105,0,-1.6094379124341,0.74525564260804
105,1,0,0.74525564260804
105,0,2.62466859216316,0.74525564260804
105,0,-0.510825623765991,0.74525564260804
105,0,1.28093384546206,0.74525564260804
105,0,0.741937344729377,0.74525564260804
105,0,1.58923520511658,0.74525564260804
105,0,1.50407739677627,0.74525564260804
105,0,2.06686275947298,0.74525564260804
105,9,1.80828877117927,0.74525564260804
105,0,0.832909122935104,0.74525564260804
105,0,1.98787434815435,0.74525564260804
105,0,1.38629436111989,0.74525564260804
105,0,1.84054963339749,0.74525564260804
105,0,3.07269331469012,0.74525564260804
105,0,0.78845736036427,0.74525564260804
105,0,1.98787434815435,0.74525564260804
105,0,1.06471073699243,0.74525564260804
105,0,2.34180580614733,0.74525564260804
105,9,2.12823170584927,0.74525564260804
105,0,2.06686275947298,0.74525564260804
105,1,-1.20397280432594,0.74525564260804
105,0,0.78845736036427,0.74525564260804
105,9,2.45958884180371,0.74525564260804
105,0,0.693147180559945,0.74525564260804
105,0,0.993251773010283,0.74525564260804
105,0,0.741937344729377,0.74525564260804
105,0,1.30833281965018,0.74525564260804
105,0,-0.105360515657826,0.74525564260804
105,0,0.955511445027436,0.74525564260804
105,0,1.16315080980568,0.74525564260804
105,0,1.30833281965018,0.74525564260804
105,0,0.641853886172395,0.74525564260804
105,0,0.182321556793955,0.74525564260804
105,0,0,0.74525564260804
105,0,1.68639895357023,0.74525564260804
105,0,1.52605630349505,0.74525564260804
105,1,-0.356674943938732,0.74525564260804
105,1,-0.22314355131421,0.74525564260804
105,0,1.75785791755237,0.74525564260804
105,0,1.25276296849537,0.74525564260804
105,0,0.53062825106217,0.74525564260804
105,0,0.741937344729377,0.74525564260804
105,0,0.832909122935104,0.74525564260804
105,0,2.29253475714054,0.74525564260804
105,0,1.41098697371026,0.74525564260804
105,0,-0.693147180559945,0.74525564260804
105,0,-0.356674943938732,0.74525564260804
105,0,0.741937344729377,0.74525564260804
105,0,1.43508452528932,0.74525564260804
105,0,1.84054963339749,0.74525564260804
105,0,0.741937344729377,0.74525564260804
105,0,1.62924053973028,0.74525564260804
105,0,0.182321556793955,0.74525564260804
105,1,-0.510825623765991,0.74525564260804
105,0,0.832909122935104,0.74525564260804
105,0,1.19392246847243,0.74525564260804
105,0,0,0.74525564260804
105,0,2.73436750941958,0.74525564260804
105,9,0.916290731874155,0.74525564260804
105,0,0.741937344729377,0.74525564260804
105,0,1.1314021114911,0.74525564260804
105,0,-0.693147180559945,0.74525564260804
105,0,1.50407739677627,0.74525564260804
105,0,2.99071973173045,0.74525564260804
105,0,0.262364264467491,0.74525564260804
105,1,-0.916290731874155,0.74525564260804
105,0,1.82454929205105,0.74525564260804
105,0,-0.356674943938732,0.74525564260804
105,2,1.02961941718116,0.74525564260804
105,0,0.470003629245736,0.74525564260804
105,0,1.43508452528932,0.74525564260804
105,0,1.45861502269952,0.74525564260804
105,0,1.38629436111989,0.74525564260804
105,0,0.741937344729377,0.74525564260804
105,0,2.55722731136763,0.74525564260804
105,0,1.48160454092422,0.74525564260804
105,9,1.22377543162212,0.74525564260804
105,0,2.16332302566054,0.74525564260804
105,0,0.587786664902119,0.74525564260804
105,0,0.405465108108164,0.74525564260804
105,0,2.82137888640921,0.74525564260804
105,0,2.27212588550934,0.74525564260804
105,0,0,0.74525564260804
105,0,0.182321556793955,0.74525564260804
105,0,-0.916290731874155,0.74525564260804
105,0,0.741937344729377,0.74525564260804
105,9,1.41098697371026,0.74525564260804
105,0,0.693147180559945,0.74525564260804
105,0,1.1314021114911,0.74525564260804
105,0,0.262364264467491,0.74525564260804
105,0,0.955511445027436,0.74525564260804
105,0,0.182321556793955,0.74525564260804
105,0,0.587786664902119,0.74525564260804
105,0,0.53062825106217,0.74525564260804
105,0,-1.20397280432594,0.74525564260804
105,0,1.06471073699243,0.74525564260804
105,1,0,0.74525564260804
105,0,1.02961941718116,0.74525564260804
105,0,1.38629436111989,0.74525564260804
105,0,1.22377543162212,0.74525564260804
105,0,1.45861502269952,0.74525564260804
105,0,1.41098697371026,0.74525564260804
105,0,2.79116510781272,0.74525564260804
105,0,1.41098697371026,0.74525564260804
105,0,1.88706964903238,0.74525564260804
105,0,1.09861228866811,0.74525564260804
105,0,2.61739583283408,0.74525564260804
105,0,-0.510825623765991,0.74525564260804
105,0,0.182321556793955,0.74525564260804
105,0,1.43508452528932,0.74525564260804
105,0,-0.22314355131421,0.74525564260804
105,0,1.66770682055808,0.74525564260804
105,0,1.52605630349505,0.74525564260804
105,0,1.75785791755237,0.74525564260804
105,0,1.58923520511658,0.74525564260804
105,0,1.75785791755237,0.74525564260804
105,0,1.06471073699243,0.74525564260804
105,0,0.78845736036427,0.74525564260804
105,0,1.54756250871601,0.74525564260804
105,0,0.53062825106217,0.74525564260804
105,1,-0.510825623765991,0.74525564260804
105,9,-0.22314355131421,0.74525564260804
105,0,0.693147180559945,0.74525564260804
105,9,0.405465108108164,0.74525564260804
105,0,0.182321556793955,0.74525564260804
105,0,-0.105360515657826,0.74525564260804
105,0,0.78845736036427,0.74525564260804
105,0,0.832909122935104,0.74525564260804
105,9,0.470003629245736,0.74525564260804
105,0,-0.510825623765991,0.74525564260804
105,0,1.70474809223843,0.74525564260804
105,0,1.68639895357023,0.74525564260804
105,0,0.693147180559945,0.74525564260804
105,0,2.35137525716348,0.74525564260804
105,1,1.50407739677627,0.74525564260804
105,0,1.19392246847243,0.74525564260804
105,0,2.63188884013665,0.74525564260804
105,0,0.693147180559945,0.74525564260804
105,1,-1.6094379124341,0.74525564260804
105,0,0.693147180559945,0.74525564260804
105,0,2.05412373369555,0.74525564260804
105,0,-1.6094379124341,0.74525564260804
105,0,1.33500106673234,0.74525564260804
105,0,1.43508452528932,0.74525564260804
105,0,2.05412373369555,0.74525564260804
105,0,1.88706964903238,0.74525564260804
105,0,0,0.74525564260804
105,0,0.741937344729377,0.74525564260804
105,0,0.0953101798043249,0.74525564260804
105,0,1.54756250871601,0.74525564260804
105,0,1.28093384546206,0.74525564260804
105,0,1.77495235091167,0.74525564260804
105,0,1.3609765531356,0.74525564260804
105,0,0.470003629245736,0.74525564260804
105,0,0.262364264467491,0.74525564260804
105,1,-1.20397280432594,0.74525564260804
105,0,1.87180217690159,0.74525564260804
105,0,0,0.74525564260804
105,0,3.96081316959758,0.74525564260804
105,0,1.16315080980568,0.74525564260804
105,0,1.25276296849537,0.74525564260804
105,0,-1.20397280432594,0.74525564260804
105,0,2.33214389523559,0.74525564260804
105,0,1.58923520511658,0.74525564260804
105,0,-1.6094379124341,0.74525564260804
105,0,1.79175946922805,0.74525564260804
105,0,-0.22314355131421,0.74525564260804
105,0,2.06686275947298,0.74525564260804
105,0,1.58923520511658,0.74525564260804
105,9,0.693147180559945,0.74525564260804
105,0,2.06686275947298,0.74525564260804
105,0,1.62924053973028,0.74525564260804
105,0,0.741937344729377,0.74525564260804
105,0,1.30833281965018,0.74525564260804
105,0,0.78845736036427,0.74525564260804
105,0,0.78845736036427,0.74525564260804
105,0,1.1314021114911,0.74525564260804
105,0,2.50143595173921,0.74525564260804
115,0,1.02961941718116,0.584079802970793
115,0,1.54756250871601,0.584079802970793
115,0,1.45861502269952,0.584079802970793
115,1,-0.356674943938732,0.584079802970793
115,0,0.0953101798043249,0.584079802970793
115,0,-0.22314355131421,0.584079802970793
115,1,0,0.584079802970793
115,0,2.24070968927596,0.584079802970793
115,0,0.693147180559945,0.584079802970793
115,0,1.22377543162212,0.584079802970793
115,0,0.336472236621213,0.584079802970793
115,1,-2.30258509299405,0.584079802970793
115,0,2.29253475714054,0.584079802970793
115,0,0.587786664902119,0.584079802970793
115,0,1.66770682055808,0.584079802970793
115,0,0.182321556793955,0.584079802970793
115,0,0.470003629245736,0.584079802970793
115,0,1.56861591791385,0.584079802970793
115,0,2.32238772029023,0.584079802970793
115,0,0.262364264467491,0.584079802970793
115,0,0.0953101798043249,0.584079802970793
115,0,-2.30258509299405,0.584079802970793
115,0,2.54160199346455,0.584079802970793
115,1,0.182321556793955,0.584079802970793
115,0,0.693147180559945,0.584079802970793
115,0,-0.105360515657826,0.584079802970793
115,0,0.405465108108164,0.584079802970793
134,0,-0.356674943938732,0.726122470053898
134,0,0.405465108108164,0.726122470053898
134,0,0,0.726122470053898
134,0,0.8754687373539,0.726122470053898
134,0,1.1314021114911,0.726122470053898
134,1,-0.510825623765991,0.726122470053898
134,0,0.8754687373539,0.726122470053898
134,0,0,0.726122470053898
134,0,1.85629799036563,0.726122470053898
134,0,0.336472236621213,0.726122470053898
134,0,0.470003629245736,0.726122470053898
134,9,0.78845736036427,0.726122470053898
134,9,2.10413415427021,0.726122470053898
134,0,0.262364264467491,0.726122470053898
134,0,0.405465108108164,0.726122470053898
134,0,-0.22314355131421,0.726122470053898
134,1,-0.693147180559945,0.726122470053898
134,0,0,0.726122470053898
134,0,0.262364264467491,0.726122470053898
134,9,0.182321556793955,0.726122470053898
134,0,0.8754687373539,0.726122470053898
134,0,1.09861228866811,0.726122470053898
134,0,-0.916290731874155,0.726122470053898
134,0,-1.20397280432594,0.726122470053898
134,0,0.470003629245736,0.726122470053898
134,0,0.0953101798043249,0.726122470053898
134,0,0.262364264467491,0.726122470053898
134,0,0.262364264467491,0.726122470053898
134,0,0.262364264467491,0.726122470053898
134,0,0.336472236621213,0.726122470053898
134,1,-0.693147180559945,0.726122470053898
134,0,-0.356674943938732,0.726122470053898
134,0,0.262364264467491,0.726122470053898
134,0,0,0.726122470053898
134,0,0.693147180559945,0.726122470053898
134,0,1.41098697371026,0.726122470053898
134,0,0.262364264467491,0.726122470053898
134,9,0.262364264467491,0.726122470053898
134,0,0.336472236621213,0.726122470053898
134,0,0.587786664902119,0.726122470053898
134,0,-0.105360515657826,0.726122470053898
134,0,0.693147180559945,0.726122470053898
134,0,1.09861228866811,0.726122470053898
134,0,1.68639895357023,0.726122470053898
134,0,1.16315080980568,0.726122470053898
134,0,0.641853886172395,0.726122470053898
134,9,-2.30258509299405,0.726122470053898
134,0,-0.105360515657826,0.726122470053898
134,0,0.336472236621213,0.726122470053898
134,0,0.262364264467491,0.726122470053898
134,0,0.641853886172395,0.726122470053898
134,0,0.470003629245736,0.726122470053898
134,0,-0.105360515657826,0.726122470053898
134,0,0.693147180559945,0.726122470053898
134,0,0.832909122935104,0.726122470053898
134,0,0.832909122935104,0.726122470053898
134,0,0.336472236621213,0.726122470053898
134,0,1.54756250871601,0.726122470053898
134,0,1.56861591791385,0.726122470053898
134,0,0,0.726122470053898
134,1,0.336472236621213,0.726122470053898
134,9,-1.20397280432594,0.726122470053898
134,1,0,0.726122470053898
134,0,-0.105360515657826,0.726122470053898
134,0,-0.356674943938732,0.726122470053898
134,9,-0.916290731874155,0.726122470053898
134,0,0.405465108108164,0.726122470053898
134,9,0.336472236621213,0.726122470053898
134,0,1.16315080980568,0.726122470053898
134,0,-0.105360515657826,0.726122470053898
134,0,0.641853886172395,0.726122470053898
134,0,1.41098697371026,0.726122470053898
134,0,3.13549421592915,0.726122470053898
134,0,0.336472236621213,0.726122470053898
134,9,-0.105360515657826,0.726122470053898
134,0,1.50407739677627,0.726122470053898
134,0,-1.6094379124341,0.726122470053898
134,0,0.336472236621213,0.726122470053898
134,9,0.955511445027436,0.726122470053898
134,0,1.09861228866811,0.726122470053898
134,0,-0.105360515657826,0.726122470053898
134,0,0.641853886172395,0.726122470053898
134,0,-0.693147180559945,0.726122470053898
134,0,0,0.726122470053898
134,0,-1.20397280432594,0.726122470053898
134,1,-0.105360515657826,0.726122470053898
134,9,0.336472236621213,0.726122470053898
134,0,1.58923520511658,0.726122470053898
134,0,1.33500106673234,0.726122470053898
134,0,1.54756250871601,0.726122470053898
134,0,1.25276296849537,0.726122470053898
134,0,0.262364264467491,0.726122470053898
134,0,0.693147180559945,0.726122470053898
134,0,-0.22314355131421,0.726122470053898
134,0,0.741937344729377,0.726122470053898
134,0,1.1314021114911,0.726122470053898
134,0,0.587786664902119,0.726122470053898
134,0,0.0953101798043249,0.726122470053898
134,0,1.87180217690159,0.726122470053898
134,0,0.405465108108164,0.726122470053898
134,0,0.262364264467491,0.726122470053898
134,0,0.182321556793955,0.726122470053898
134,0,0.78845736036427,0.726122470053898
134,0,0.741937344729377,0.726122470053898
134,0,0.8754687373539,0.726122470053898
134,0,-0.916290731874155,0.726122470053898
134,0,0.0953101798043249,0.726122470053898
134,0,1.62924053973028,0.726122470053898
134,0,0.182321556793955,0.726122470053898
134,0,1.1314021114911,0.726122470053898
134,0,-0.693147180559945,0.726122470053898
134,0,-0.356674943938732,0.726122470053898
134,0,-0.356674943938732,0.726122470053898
134,0,1.02961941718116,0.726122470053898
134,0,0.336472236621213,0.726122470053898
134,0,1.52605630349505,0.726122470053898
134,0,0.336472236621213,0.726122470053898
134,0,0.693147180559945,0.726122470053898
134,0,-0.105360515657826,0.726122470053898
134,9,-0.916290731874155,0.726122470053898
134,0,0.470003629245736,0.726122470053898
134,0,0.0953101798043249,0.726122470053898
134,0,-0.510825623765991,0.726122470053898
134,0,0.262364264467491,0.726122470053898
134,0,-0.22314355131421,0.726122470053898
135,0,0.405465108108164,0.655777553089941
135,0,0.262364264467491,0.655777553089941
135,0,1.28093384546206,0.655777553089941
135,0,1.85629799036563,0.655777553089941
135,0,1.25276296849537,0.655777553089941
135,0,1.96009478404727,0.655777553089941
135,0,0.53062825106217,0.655777553089941
135,9,1.06471073699243,0.655777553089941
135,0,2.04122032885964,0.655777553089941
135,0,2.11625551480255,0.655777553089941
135,9,-0.916290731874155,0.655777553089941
135,0,0.336472236621213,0.655777553089941
135,0,0.182321556793955,0.655777553089941
135,0,0.336472236621213,0.655777553089941
135,0,1.62924053973028,0.655777553089941
135,0,1.19392246847243,0.655777553089941
135,0,1.09861228866811,0.655777553089941
135,1,0.693147180559945,0.655777553089941
135,0,-0.22314355131421,0.655777553089941
135,0,0.78845736036427,0.655777553089941
135,0,0,0.655777553089941
135,9,-1.6094379124341,0.655777553089941
135,9,0.693147180559945,0.655777553089941
135,0,-0.693147180559945,0.655777553089941
135,0,1.50407739677627,0.655777553089941
135,0,0.0953101798043249,0.655777553089941
135,0,1.09861228866811,0.655777553089941
135,9,0.405465108108164,0.655777553089941
135,0,0.53062825106217,0.655777553089941
135,0,0.693147180559945,0.655777553089941
135,0,2.65324196460721,0.655777553089941
135,0,0,0.655777553089941
135,0,0.336472236621213,0.655777553089941
135,0,1.19392246847243,0.655777553089941
135,0,0.78845736036427,0.655777553089941
135,0,0.0953101798043249,0.655777553089941
135,0,0.993251773010283,0.655777553089941
135,0,0.78845736036427,0.655777553089941
135,0,0.53062825106217,0.655777553089941
135,1,1.45861502269952,0.655777553089941
135,0,1.75785791755237,0.655777553089941
135,9,0.741937344729377,0.655777553089941
135,0,-0.356674943938732,0.655777553089941
135,0,0.262364264467491,0.655777553089941
135,0,1.30833281965018,0.655777553089941
135,1,0,0.655777553089941
135,0,-0.22314355131421,0.655777553089941
135,0,2.06686275947298,0.655777553089941
135,0,-0.916290731874155,0.655777553089941
135,0,0.53062825106217,0.655777553089941
135,0,1.09861228866811,0.655777553089941
135,0,0.336472236621213,0.655777553089941
135,0,-0.693147180559945,0.655777553089941
135,1,-0.105360515657826,0.655777553089941
217,0,2.06686275947298,0.929574115790919
217,0,-0.105360515657826,0.929574115790919
217,1,2.4932054526027,0.929574115790919
217,0,0.0953101798043249,0.929574115790919
217,0,2.50143595173921,0.929574115790919
217,0,0.993251773010283,0.929574115790919
217,0,1.28093384546206,0.929574115790919
217,0,1.06471073699243,0.929574115790919
217,0,1.45861502269952,0.929574115790919
217,0,0.262364264467491,0.929574115790919
217,0,0.587786664902119,0.929574115790919
217,0,0.641853886172395,0.929574115790919
217,0,0.916290731874155,0.929574115790919
217,0,1.38629436111989,0.929574115790919
217,0,2.01490302054226,0.929574115790919
217,0,-1.20397280432594,0.929574115790919
217,0,1.16315080980568,0.929574115790919
217,0,0.741937344729377,0.929574115790919
217,0,0.587786664902119,0.929574115790919
217,0,-0.510825623765991,0.929574115790919
217,0,0.916290731874155,0.929574115790919
217,0,0.916290731874155,0.929574115790919
217,0,-0.693147180559945,0.929574115790919
217,1,0.405465108108164,0.929574115790919
217,0,0.587786664902119,0.929574115790919
217,0,2.61739583283408,0.929574115790919
217,1,3.18221184049661,0.929574115790919
217,0,0.336472236621213,0.929574115790919
217,0,0.0953101798043249,0.929574115790919
217,1,0.336472236621213,0.929574115790919
217,0,0.405465108108164,0.929574115790919
217,0,0.470003629245736,0.929574115790919
217,0,0.916290731874155,0.929574115790919
217,0,0.641853886172395,0.929574115790919
217,0,1.58923520511658,0.929574115790919
217,0,-0.105360515657826,0.929574115790919
217,0,1.19392246847243,0.929574115790919
217,0,1.50407739677627,0.929574115790919
217,0,0.641853886172395,0.929574115790919
217,1,-0.22314355131421,0.929574115790919
217,0,1.62924053973028,0.929574115790919
217,0,1.96009478404727,0.929574115790919
217,0,1.6094379124341,0.929574115790919
217,0,0.832909122935104,0.929574115790919
217,0,1.1314021114911,0.929574115790919
217,0,-0.105360515657826,0.929574115790919
217,1,0.262364264467491,0.929574115790919
217,9,1.52605630349505,0.929574115790919
217,0,1.28093384546206,0.929574115790919
217,0,1.6094379124341,0.929574115790919
217,0,0.0953101798043249,0.929574115790919
217,0,0.405465108108164,0.929574115790919
217,9,0.832909122935104,0.929574115790919
217,0,-0.105360515657826,0.929574115790919
217,0,1.96009478404727,0.929574115790919
217,0,2.12823170584927,0.929574115790919
217,0,1.93152141160321,0.929574115790919
217,0,1.09861228866811,0.929574115790919
217,0,1.64865862558738,0.929574115790919
217,0,2.43361335540045,0.929574115790919
217,0,0.8754687373539,0.929574115790919
217,0,1.98787434815435,0.929574115790919
217,0,1.68639895357023,0.929574115790919
217,0,1.62924053973028,0.929574115790919
217,0,0.587786664902119,0.929574115790919
217,0,0.53062825106217,0.929574115790919
217,0,0.78845736036427,0.929574115790919
217,0,0.641853886172395,0.929574115790919
217,0,0.8754687373539,0.929574115790919
217,9,-1.6094379124341,0.929574115790919
217,0,1.02961941718116,0.929574115790919
217,9,-1.6094379124341,0.929574115790919
217,0,-0.22314355131421,0.929574115790919
217,0,-0.105360515657826,0.929574115790919
217,0,1.41098697371026,0.929574115790919
217,0,0.405465108108164,0.929574115790919
217,9,-0.105360515657826,0.929574115790919
217,0,0.262364264467491,0.929574115790919
217,0,-0.693147180559945,0.929574115790919
217,0,0.8754687373539,0.929574115790919
217,0,-0.105360515657826,0.929574115790919
217,0,0.53062825106217,0.929574115790919
217,0,0.53062825106217,0.929574115790919
217,0,-1.6094379124341,0.929574115790919
217,0,1.22377543162212,0.929574115790919
217,0,0.0953101798043249,0.929574115790919
217,0,1.16315080980568,0.929574115790919
217,0,2.95491027903374,0.929574115790919
217,0,0.182321556793955,0.929574115790919
217,0,0.78845736036427,0.929574115790919
217,0,1.3609765531356,0.929574115790919
217,0,1.1314021114911,0.929574115790919
217,0,0.587786664902119,0.929574115790919
217,0,1.41098697371026,0.929574115790919
217,0,0.955511445027436,0.929574115790919
217,0,0.336472236621213,0.929574115790919
217,0,2.3887627892351,0.929574115790919
217,9,1.09861228866811,0.929574115790919
217,0,1.82454929205105,0.929574115790919
217,0,1.6094379124341,0.929574115790919
217,0,1.09861228866811,0.929574115790919
217,0,1.02961941718116,0.929574115790919
217,0,-1.20397280432594,0.929574115790919
217,0,0,0.929574115790919
217,0,1.1314021114911,0.929574115790919
217,0,1.1314021114911,0.929574115790919
217,0,0.470003629245736,0.929574115790919
217,0,0.262364264467491,0.929574115790919
217,0,1.02961941718116,0.929574115790919
217,0,1.6094379124341,0.929574115790919
217,0,0.470003629245736,0.929574115790919
217,0,-0.22314355131421,0.929574115790919
217,0,1.30833281965018,0.929574115790919
217,0,1.41098697371026,0.929574115790919
217,0,0,0.929574115790919
217,0,0.993251773010283,0.929574115790919
217,0,0.741937344729377,0.929574115790919
217,0,-0.510825623765991,0.929574115790919
217,0,0.0953101798043249,0.929574115790919
217,0,0.693147180559945,0.929574115790919
217,1,0.336472236621213,0.929574115790919
217,0,1.25276296849537,0.929574115790919
217,1,2.36085400111802,0.929574115790919
217,0,0.916290731874155,0.929574115790919
217,0,-0.356674943938732,0.929574115790919
217,0,3.07269331469012,0.929574115790919
217,1,-2.30258509299405,0.929574115790919
217,0,4.1174098351531,0.929574115790919
217,0,2.23001440015921,0.929574115790919
217,0,0.53062825106217,0.929574115790919
217,0,0.641853886172395,0.929574115790919
217,0,0.78845736036427,0.929574115790919
217,0,1.25276296849537,0.929574115790919
217,0,1.75785791755237,0.929574115790919
217,0,0.0953101798043249,0.929574115790919
217,0,1.02961941718116,0.929574115790919
217,0,0.53062825106217,0.929574115790919
217,1,0.262364264467491,0.929574115790919
217,0,0.916290731874155,0.929574115790919
217,0,0.587786664902119,0.929574115790919
217,0,0.8754687373539,0.929574115790919
217,1,-0.22314355131421,0.929574115790919
217,0,0.693147180559945,0.929574115790919
217,0,0.336472236621213,0.929574115790919
217,0,1.19392246847243,0.929574115790919
217,0,0.53062825106217,0.929574115790919
217,0,0.916290731874155,0.929574115790919
217,9,0.182321556793955,0.929574115790919
217,0,0.8754687373539,0.929574115790919
217,0,0.993251773010283,0.929574115790919
217,9,0.53062825106217,0.929574115790919
217,0,-0.916290731874155,0.929574115790919
217,0,0.78845736036427,0.929574115790919
217,0,0.641853886172395,0.929574115790919
217,0,1.77495235091167,0.929574115790919
217,0,0.587786664902119,0.929574115790919
217,0,-0.916290731874155,0.929574115790919
217,0,-0.510825623765991,0.929574115790919
217,0,0.53062825106217,0.929574115790919
217,0,1.58923520511658,0.929574115790919
217,0,1.66770682055808,0.929574115790919
217,1,-0.356674943938732,0.929574115790919
217,9,2.4423470353692,0.929574115790919
217,0,2.70805020110221,0.929574115790919
217,0,0.916290731874155,0.929574115790919
217,0,1.06471073699243,0.929574115790919
217,0,2.10413415427021,0.929574115790919
217,0,3.8308129500026,0.929574115790919
217,1,0.641853886172395,0.929574115790919
217,0,-0.105360515657826,0.929574115790919
217,0,0.993251773010283,0.929574115790919
217,0,1.22377543162212,0.929574115790919
217,0,-0.510825623765991,0.929574115790919
217,0,-0.105360515657826,0.929574115790919
217,9,0.832909122935104,0.929574115790919
217,0,2.87919845729804,0.929574115790919
217,0,2.68784749378469,0.929574115790919
217,0,1.48160454092422,0.929574115790919
217,0,0.262364264467491,0.929574115790919
217,0,1.38629436111989,0.929574115790919
217,0,2.21920348405499,0.929574115790919
217,0,1.48160454092422,0.929574115790919
217,0,-1.20397280432594,0.929574115790919
217,0,0.587786664902119,0.929574115790919
217,0,1.68639895357023,0.929574115790919
217,0,0.916290731874155,0.929574115790919
217,1,-0.22314355131421,0.929574115790919
217,1,1.30833281965018,0.929574115790919
217,0,-0.105360515657826,0.929574115790919
217,1,0.78845736036427,0.929574115790919
217,0,2.18605127673809,0.929574115790919
217,0,1.25276296849537,0.929574115790919
217,0,2.92316158071916,0.929574115790919
217,1,3.04927304048202,0.929574115790919
217,0,1.19392246847243,0.929574115790919
217,0,0.0953101798043249,0.929574115790919
217,1,0.262364264467491,0.929574115790919
217,1,0.955511445027436,0.929574115790919
217,1,0,0.929574115790919
217,0,1.6094379124341,0.929574115790919
217,0,0.336472236621213,0.929574115790919
217,1,0.693147180559945,0.929574115790919
217,0,1.22377543162212,0.929574115790919
217,0,0.262364264467491,0.929574115790919
217,9,-0.916290731874155,0.929574115790919
217,0,0.693147180559945,0.929574115790919
217,0,-0.510825623765991,0.929574115790919
217,0,1.6094379124341,0.929574115790919
217,0,0.336472236621213,0.929574115790919
217,0,0.182321556793955,0.929574115790919
217,9,0.641853886172395,0.929574115790919
217,0,0.641853886172395,0.929574115790919
217,0,0.955511445027436,0.929574115790919
217,9,0.741937344729377,0.929574115790919
217,0,0.832909122935104,0.929574115790919
217,0,0.916290731874155,0.929574115790919
217,0,1.50407739677627,0.929574115790919
217,0,1.25276296849537,0.929574115790919
217,0,1.09861228866811,0.929574115790919
217,0,1.7404661748405,0.929574115790919
217,0,0.262364264467491,0.929574115790919
217,0,-0.510825623765991,0.929574115790919
217,0,0.53062825106217,0.929574115790919
217,0,1.94591014905531,0.929574115790919
217,0,1.25276296849537,0.929574115790919
217,1,1.98787434815435,0.929574115790919
217,1,1.62924053973028,0.929574115790919
217,0,1.3609765531356,0.929574115790919
217,0,0.916290731874155,0.929574115790919
217,0,2.16332302566054,0.929574115790919
217,0,0.741937344729377,0.929574115790919
217,0,1.30833281965018,0.929574115790919
217,0,0.262364264467491,0.929574115790919
217,0,1.41098697371026,0.929574115790919
217,0,1.30833281965018,0.929574115790919
217,0,0.587786664902119,0.929574115790919
217,0,1.25276296849537,0.929574115790919
217,0,0.470003629245736,0.929574115790919
217,0,1.56861591791385,0.929574115790919
217,0,-1.6094379124341,0.929574115790919
217,0,1.02961941718116,0.929574115790919
217,0,0.262364264467491,0.929574115790919
217,9,2.18605127673809,0.929574115790919
217,0,1.1314021114911,0.929574115790919
217,0,1.30833281965018,0.929574115790919
217,0,0.741937344729377,0.929574115790919
217,0,1.58923520511658,0.929574115790919
217,0,0,0.929574115790919
217,0,0.405465108108164,0.929574115790919
217,1,1.54756250871601,0.929574115790919
217,0,0.53062825106217,0.929574115790919
217,0,1.58923520511658,0.929574115790919
217,0,2.77258872223978,0.929574115790919
217,0,-0.510825623765991,0.929574115790919
217,0,0.53062825106217,0.929574115790919
217,0,4.05352256770185,0.929574115790919
217,0,-0.693147180559945,0.929574115790919
217,0,0.955511445027436,0.929574115790919
217,0,2.04122032885964,0.929574115790919
217,1,-0.105360515657826,0.929574115790919
217,0,1.02961941718116,0.929574115790919
217,0,-0.105360515657826,0.929574115790919
217,0,0.8754687373539,0.929574115790919
217,0,0.0953101798043249,0.929574115790919
217,1,-0.916290731874155,0.929574115790919
217,0,0.182321556793955,0.929574115790919
217,0,0.0953101798043249,0.929574115790919
217,0,0,0.929574115790919
217,0,-0.105360515657826,0.929574115790919
217,1,0,0.929574115790919
217,0,0.8754687373539,0.929574115790919
217,0,1.50407739677627,0.929574115790919
217,0,1.79175946922805,0.929574115790919
217,0,1.80828877117927,0.929574115790919
217,0,3.79548918917219,0.929574115790919
217,0,1.62924053973028,0.929574115790919
217,1,0.405465108108164,0.929574115790919
217,0,1.28093384546206,0.929574115790919
217,0,1.93152141160321,0.929574115790919
217,0,2.23001440015921,0.929574115790919
217,1,0.8754687373539,0.929574115790919
217,0,0.470003629245736,0.929574115790919
217,0,0.53062825106217,0.929574115790919
217,0,4.01096295328305,0.929574115790919
217,0,-0.105360515657826,0.929574115790919
217,0,3.39450839351136,0.929574115790919
217,0,2.65324196460721,0.929574115790919
217,0,0.78845736036427,0.929574115790919
217,0,2.83907846350861,0.929574115790919
217,9,0.916290731874155,0.929574115790919
217,0,0.693147180559945,0.929574115790919
217,0,1.1314021114911,0.929574115790919
217,0,0.262364264467491,0.929574115790919
217,0,0.832909122935104,0.929574115790919
217,0,1.25276296849537,0.929574115790919
217,0,1.84054963339749,0.929574115790919
217,0,1.25276296849537,0.929574115790919
217,0,2.72785282839839,0.929574115790919
217,0,0.641853886172395,0.929574115790919
217,0,0.993251773010283,0.929574115790919
217,0,0.405465108108164,0.929574115790919
217,0,1.7404661748405,0.929574115790919
217,9,0.8754687373539,0.929574115790919
217,0,-0.356674943938732,0.929574115790919
217,0,-0.510825623765991,0.929574115790919
217,0,0.53062825106217,0.929574115790919
217,0,-0.356674943938732,0.929574115790919
217,0,1.50407739677627,0.929574115790919
217,0,0.53062825106217,0.929574115790919
217,1,-0.510825623765991,0.929574115790919
217,0,-0.693147180559945,0.929574115790919
217,0,3.85439389259151,0.929574115790919
217,0,1.06471073699243,0.929574115790919
217,0,2.09186406167839,0.929574115790919
217,0,0.470003629245736,0.929574115790919
217,0,0.182321556793955,0.929574115790919
217,9,0.262364264467491,0.929574115790919
217,0,0,0.929574115790919
217,0,0,0.929574115790919
217,0,0.916290731874155,0.929574115790919
217,1,0.741937344729377,0.929574115790919
217,0,0.470003629245736,0.929574115790919
217,0,1.16315080980568,0.929574115790919
217,9,0.78845736036427,0.929574115790919
217,0,0.470003629245736,0.929574115790919
217,0,0.587786664902119,0.929574115790919
217,0,0.262364264467491,0.929574115790919
217,0,1.93152141160321,0.929574115790919
217,0,0.832909122935104,0.929574115790919
217,0,1.28093384546206,0.929574115790919
217,0,0.0953101798043249,0.929574115790919
217,0,0.336472236621213,0.929574115790919
217,0,0.0953101798043249,0.929574115790919
217,0,1.62924053973028,0.929574115790919
217,0,1.77495235091167,0.929574115790919
217,0,1.48160454092422,0.929574115790919
217,0,-0.356674943938732,0.929574115790919
217,0,2.2082744135228,0.929574115790919
217,0,1.85629799036563,0.929574115790919
217,0,0.916290731874155,0.929574115790919
217,0,0.470003629245736,0.929574115790919
217,0,0.993251773010283,0.929574115790919
217,0,0.470003629245736,0.929574115790919
217,0,0.993251773010283,0.929574115790919
217,0,1.97408102602201,0.929574115790919
217,9,0.470003629245736,0.929574115790919
217,0,0.832909122935104,0.929574115790919
217,9,0.741937344729377,0.929574115790919
217,0,1.3609765531356,0.929574115790919
217,0,0.587786664902119,0.929574115790919
217,0,1.22377543162212,0.929574115790919
217,1,0.0953101798043249,0.929574115790919
217,0,1.54756250871601,0.929574115790919
217,9,0.693147180559945,0.929574115790919
217,0,0.693147180559945,0.929574115790919
217,0,0.832909122935104,0.929574115790919
217,0,1.64865862558738,0.929574115790919
217,0,1.7227665977411,0.929574115790919
217,0,-0.22314355131421,0.929574115790919
217,0,-0.356674943938732,0.929574115790919
217,0,0.832909122935104,0.929574115790919
217,0,-0.22314355131421,0.929574115790919
217,0,0.262364264467491,0.929574115790919
217,0,0.182321556793955,0.929574115790919
217,0,-0.693147180559945,0.929574115790919
217,0,0.641853886172395,0.929574115790919
217,0,0.0953101798043249,0.929574115790919
217,9,1.56861591791385,0.929574115790919
217,0,2.09186406167839,0.929574115790919
217,0,-0.105360515657826,0.929574115790919
217,0,0,0.929574115790919
217,0,0.78845736036427,0.929574115790919
217,1,0.182321556793955,0.929574115790919
217,0,0.262364264467491,0.929574115790919
217,0,0.641853886172395,0.929574115790919
217,0,0.405465108108164,0.929574115790919
217,0,0.641853886172395,0.929574115790919
217,0,0.262364264467491,0.929574115790919
217,0,0.693147180559945,0.929574115790919
217,0,0.336472236621213,0.929574115790919
217,0,1.09861228866811,0.929574115790919
217,0,2.63188884013665,0.929574115790919
217,0,0.587786664902119,0.929574115790919
217,1,0.641853886172395,0.929574115790919
217,0,0.916290731874155,0.929574115790919
217,0,1.43508452528932,0.929574115790919
217,0,0.587786664902119,0.929574115790919
217,0,1.79175946922805,0.929574115790919
217,9,1.1314021114911,0.929574115790919
217,0,1.90210752639692,0.929574115790919
217,0,2.61739583283408,0.929574115790919
242,0,2.26176309847379,0.761277680311257
242,1,2.36085400111802,0.761277680311257
242,1,1.09861228866811,0.761277680311257
242,9,-1.6094379124341,0.761277680311257
242,0,0.405465108108164,0.761277680311257
242,0,0.262364264467491,0.761277680311257
242,0,0.405465108108164,0.761277680311257
242,0,0.741937344729377,0.761277680311257
242,0,0.0953101798043249,0.761277680311257
242,0,2.19722457733622,0.761277680311257
242,0,0.641853886172395,0.761277680311257
242,0,-0.22314355131421,0.761277680311257
242,0,0.78845736036427,0.761277680311257
242,9,1.02961941718116,0.761277680311257
242,0,0.0953101798043249,0.761277680311257
242,0,2.62466859216316,0.761277680311257
242,0,0,0.761277680311257
242,1,0.693147180559945,0.761277680311257
242,0,-1.20397280432594,0.761277680311257
242,0,1.64865862558738,0.761277680311257
242,0,1.41098697371026,0.761277680311257
242,0,0.405465108108164,0.761277680311257
242,9,0.741937344729377,0.761277680311257
242,0,0.182321556793955,0.761277680311257
242,0,-0.693147180559945,0.761277680311257
242,0,0.0953101798043249,0.761277680311257
242,0,0,0.761277680311257
242,0,-0.105360515657826,0.761277680311257
242,0,1.38629436111989,0.761277680311257
242,0,0.336472236621213,0.761277680311257
242,0,-0.356674943938732,0.761277680311257
242,0,1.3609765531356,0.761277680311257
242,0,-0.356674943938732,0.761277680311257
242,0,1.68639895357023,0.761277680311257
242,0,0.336472236621213,0.761277680311257
242,0,0.470003629245736,0.761277680311257
242,0,1.30833281965018,0.761277680311257
242,0,1.33500106673234,0.761277680311257
242,0,-1.20397280432594,0.761277680311257
242,0,0.832909122935104,0.761277680311257
242,0,-2.30258509299405,0.761277680311257
242,0,0.993251773010283,0.761277680311257
242,9,0.53062825106217,0.761277680311257
242,0,0.8754687373539,0.761277680311257
242,0,-0.22314355131421,0.761277680311257
242,0,0.262364264467491,0.761277680311257
242,0,0.8754687373539,0.761277680311257
242,0,0.405465108108164,0.761277680311257
242,9,1.75785791755237,0.761277680311257
242,1,-0.22314355131421,0.761277680311257
242,0,1.16315080980568,0.761277680311257
242,0,2.31253542384721,0.761277680311257
242,0,0.587786664902119,0.761277680311257
242,0,1.97408102602201,0.761277680311257
242,0,-0.356674943938732,0.761277680311257
242,0,0.916290731874155,0.761277680311257
242,0,1.48160454092422,0.761277680311257
242,0,1.82454929205105,0.761277680311257
242,0,0.78845736036427,0.761277680311257
242,9,1.28093384546206,0.761277680311257
242,0,-0.510825623765991,0.761277680311257
242,0,1.22377543162212,0.761277680311257
242,0,0.587786664902119,0.761277680311257
242,0,2.46809953147162,0.761277680311257
242,0,0.587786664902119,0.761277680311257
242,0,1.6094379124341,0.761277680311257
242,2,-0.510825623765991,0.761277680311257
242,0,-2.30258509299405,0.761277680311257
242,0,1.45861502269952,0.761277680311257
242,9,-1.6094379124341,0.761277680311257
242,0,-0.356674943938732,0.761277680311257
242,9,1.30833281965018,0.761277680311257
242,0,0.262364264467491,0.761277680311257
242,0,0.470003629245736,0.761277680311257
242,0,1.06471073699243,0.761277680311257
242,0,0.262364264467491,0.761277680311257
242,0,-0.22314355131421,0.761277680311257
242,0,-0.356674943938732,0.761277680311257
242,0,1.52605630349505,0.761277680311257
242,0,1.38629436111989,0.761277680311257
242,0,1.06471073699243,0.761277680311257
242,0,-0.510825623765991,0.761277680311257
242,0,2.55722731136763,0.761277680311257
242,0,2.02814824729229,0.761277680311257
242,0,-0.510825623765991,0.761277680311257
242,0,0.916290731874155,0.761277680311257
242,0,-0.693147180559945,0.761277680311257
242,0,0.993251773010283,0.761277680311257
242,0,0.0953101798043249,0.761277680311257
242,0,0.470003629245736,0.761277680311257
242,0,0,0.761277680311257
242,0,0.955511445027436,0.761277680311257
242,0,0.693147180559945,0.761277680311257
242,0,-0.510825623765991,0.761277680311257
242,0,0.78845736036427,0.761277680311257
242,0,-0.22314355131421,0.761277680311257
242,0,1.6094379124341,0.761277680311257
242,0,1.09861228866811,0.761277680311257
242,0,0.182321556793955,0.761277680311257
242,0,0.693147180559945,0.761277680311257
242,0,-0.356674943938732,0.761277680311257
242,0,1.90210752639692,0.761277680311257
242,0,0.53062825106217,0.761277680311257
242,0,1.85629799036563,0.761277680311257
242,0,2.19722457733622,0.761277680311257
242,1,0.993251773010283,0.761277680311257
242,0,1.06471073699243,0.761277680311257
242,0,1.09861228866811,0.761277680311257
242,0,-0.693147180559945,0.761277680311257
242,0,0.832909122935104,0.761277680311257
242,0,0.78845736036427,0.761277680311257
242,0,1.52605630349505,0.761277680311257
242,0,0.955511445027436,0.761277680311257
242,0,0.641853886172395,0.761277680311257
242,9,2.89591193827178,0.761277680311257
242,0,1.62924053973028,0.761277680311257
242,0,-0.693147180559945,0.761277680311257
242,0,1.28093384546206,0.761277680311257
242,0,1.28093384546206,0.761277680311257
242,0,-0.693147180559945,0.761277680311257
242,0,0.336472236621213,0.761277680311257
242,0,2.26176309847379,0.761277680311257
242,1,-0.693147180559945,0.761277680311257
242,0,0.470003629245736,0.761277680311257
242,0,0.182321556793955,0.761277680311257
242,0,-0.105360515657826,0.761277680311257
242,0,0.405465108108164,0.761277680311257
242,0,0.262364264467491,0.761277680311257
242,0,-1.20397280432594,0.761277680311257
242,0,-0.356674943938732,0.761277680311257
242,0,0.693147180559945,0.761277680311257
242,0,0,0.761277680311257
242,0,0.587786664902119,0.761277680311257
242,0,0.741937344729377,0.761277680311257
242,1,0.470003629245736,0.761277680311257
242,0,1.87180217690159,0.761277680311257
242,0,1.09861228866811,0.761277680311257
242,0,3.40784192438082,0.761277680311257
242,0,1.96009478404727,0.761277680311257
242,9,1.62924053973028,0.761277680311257
242,0,0.693147180559945,0.761277680311257
242,9,1.41098697371026,0.761277680311257
242,1,0.182321556793955,0.761277680311257
242,0,1.43508452528932,0.761277680311257
242,0,0.336472236621213,0.761277680311257
242,0,0.182321556793955,0.761277680311257
242,0,2.26176309847379,0.761277680311257
242,0,0.0953101798043249,0.761277680311257
242,0,0.693147180559945,0.761277680311257
242,0,2.26176309847379,0.761277680311257
242,0,0.955511445027436,0.761277680311257
242,9,1.54756250871601,0.761277680311257
242,0,0.182321556793955,0.761277680311257
242,0,0.78845736036427,0.761277680311257
242,0,0.470003629245736,0.761277680311257
242,0,1.41098697371026,0.761277680311257
242,0,1.3609765531356,0.761277680311257
242,0,0.470003629245736,0.761277680311257
242,1,0.182321556793955,0.761277680311257
242,0,1.25276296849537,0.761277680311257
242,0,1.06471073699243,0.761277680311257
242,0,1.30833281965018,0.761277680311257
271,0,0.693147180559945,0.424980112345451
271,0,-0.356674943938732,0.424980112345451
271,0,1.06471073699243,0.424980112345451
271,0,1.98787434815435,0.424980112345451
271,0,-0.693147180559945,0.424980112345451
271,1,0.470003629245736,0.424980112345451
271,0,1.80828877117927,0.424980112345451
271,0,0.832909122935104,0.424980112345451
271,0,1.25276296849537,0.424980112345451
271,0,5.29330482472449,0.424980112345451
271,0,1.38629436111989,0.424980112345451
271,0,-0.356674943938732,0.424980112345451
271,0,-1.6094379124341,0.424980112345451
271,0,2.15176220325946,0.424980112345451
271,0,0.0953101798043249,0.424980112345451
271,9,-0.356674943938732,0.424980112345451
271,0,-0.105360515657826,0.424980112345451
271,0,-0.105360515657826,0.424980112345451
271,0,0.641853886172395,0.424980112345451
271,0,-0.356674943938732,0.424980112345451
271,0,1.16315080980568,0.424980112345451
271,0,0.693147180559945,0.424980112345451
271,0,-0.105360515657826,0.424980112345451
271,0,0.405465108108164,0.424980112345451
271,0,1.68639895357023,0.424980112345451
271,9,-0.105360515657826,0.424980112345451
271,0,0.405465108108164,0.424980112345451
271,1,0.8754687373539,0.424980112345451
271,0,-0.105360515657826,0.424980112345451
271,9,0.0953101798043249,0.424980112345451
271,0,1.1314021114911,0.424980112345451
271,0,0.336472236621213,0.424980112345451
271,0,1.43508452528932,0.424980112345451
271,0,1.16315080980568,0.424980112345451
271,1,-0.22314355131421,0.424980112345451
271,9,1.06471073699243,0.424980112345451
271,0,1.06471073699243,0.424980112345451
271,0,-0.22314355131421,0.424980112345451
271,0,0.470003629245736,0.424980112345451
271,1,1.62924053973028,0.424980112345451
271,0,1.30833281965018,0.424980112345451
271,1,0.78845736036427,0.424980112345451
271,0,1.25276296849537,0.424980112345451
271,0,-0.105360515657826,0.424980112345451
271,0,-0.693147180559945,0.424980112345451
271,0,1.3609765531356,0.424980112345451
271,0,1.50407739677627,0.424980112345451
271,0,-1.6094379124341,0.424980112345451
271,0,-0.693147180559945,0.424980112345451
271,0,0.693147180559945,0.424980112345451
271,0,0.641853886172395,0.424980112345451
271,0,0.641853886172395,0.424980112345451
271,0,1.87180217690159,0.424980112345451
271,0,-0.693147180559945,0.424980112345451
271,0,-0.356674943938732,0.424980112345451
271,0,-0.22314355131421,0.424980112345451
271,0,-0.356674943938732,0.424980112345451
271,0,-0.510825623765991,0.424980112345451
271,0,2.09186406167839,0.424980112345451
271,1,-1.6094379124341,0.424980112345451
271,1,-0.356674943938732,0.424980112345451
271,0,1.41098697371026,0.424980112345451
271,0,0.693147180559945,0.424980112345451
271,0,0.262364264467491,0.424980112345451
271,0,0.470003629245736,0.424980112345451
271,0,0.832909122935104,0.424980112345451
271,1,-0.510825623765991,0.424980112345451
271,0,1.88706964903238,0.424980112345451
271,0,0.8754687373539,0.424980112345451
271,0,1.33500106673234,0.424980112345451
271,0,1.38629436111989,0.424980112345451
271,0,0.262364264467491,0.424980112345451
271,0,0.832909122935104,0.424980112345451
271,0,1.75785791755237,0.424980112345451
271,0,-1.20397280432594,0.424980112345451
271,0,0.693147180559945,0.424980112345451
271,0,0.741937344729377,0.424980112345451
271,2,-0.22314355131421,0.424980112345451
271,0,0.262364264467491,0.424980112345451
271,1,-1.20397280432594,0.424980112345451
271,0,-1.6094379124341,0.424980112345451
271,9,-1.6094379124341,0.424980112345451
271,0,0.832909122935104,0.424980112345451
271,0,1.25276296849537,0.424980112345451
271,0,0.78845736036427,0.424980112345451
271,0,0.741937344729377,0.424980112345451
271,0,-0.22314355131421,0.424980112345451
271,0,2.69462718077007,0.424980112345451
271,0,0.470003629245736,0.424980112345451
271,0,0.336472236621213,0.424980112345451
271,1,-0.105360515657826,0.424980112345451
271,0,-0.356674943938732,0.424980112345451
271,0,-0.693147180559945,0.424980112345451
271,0,0.0953101798043249,0.424980112345451
271,0,-0.22314355131421,0.424980112345451
271,0,1.02961941718116,0.424980112345451
271,0,-0.693147180559945,0.424980112345451
271,1,-0.22314355131421,0.424980112345451
271,0,0.262364264467491,0.424980112345451
271,0,1.19392246847243,0.424980112345451
271,0,1.1314021114911,0.424980112345451
271,0,2.07944154167984,0.424980112345451
271,0,-0.105360515657826,0.424980112345451
271,0,0.741937344729377,0.424980112345451
271,0,-0.356674943938732,0.424980112345451
271,0,0.693147180559945,0.424980112345451
271,0,0.405465108108164,0.424980112345451
271,1,-1.20397280432594,0.424980112345451
271,0,-0.22314355131421,0.424980112345451
271,0,1.38629436111989,0.424980112345451
271,1,1.02961941718116,0.424980112345451
271,9,-0.916290731874155,0.424980112345451
271,0,0.262364264467491,0.424980112345451
271,0,-0.916290731874155,0.424980112345451
271,0,0.53062825106217,0.424980112345451
271,0,1.19392246847243,0.424980112345451
271,0,-0.510825623765991,0.424980112345451
271,1,-0.356674943938732,0.424980112345451
271,0,0.336472236621213,0.424980112345451
271,0,0.587786664902119,0.424980112345451
271,0,0.0953101798043249,0.424980112345451
271,1,-2.30258509299405,0.424980112345451
271,0,-0.510825623765991,0.424980112345451
271,1,-0.693147180559945,0.424980112345451
271,0,1.06471073699243,0.424980112345451
271,0,0.470003629245736,0.424980112345451
271,9,0.182321556793955,0.424980112345451
271,0,1.43508452528932,0.424980112345451
271,0,0.262364264467491,0.424980112345451
271,0,0.641853886172395,0.424980112345451
271,0,1.06471073699243,0.424980112345451
271,0,-0.693147180559945,0.424980112345451
271,0,0.53062825106217,0.424980112345451
271,0,1.56861591791385,0.424980112345451
271,9,0.0953101798043249,0.424980112345451
271,1,-0.105360515657826,0.424980112345451
271,0,0.470003629245736,0.424980112345451
271,0,0.0953101798043249,0.424980112345451
271,9,-0.22314355131421,0.424980112345451
271,1,-0.916290731874155,0.424980112345451
271,1,-1.6094379124341,0.424980112345451
336,9,-0.510825623765991,-2.30258509299405
336,0,-0.105360515657826,-2.30258509299405
336,0,0.182321556793955,-2.30258509299405
336,0,-0.510825623765991,-2.30258509299405
336,0,-0.105360515657826,-2.30258509299405
336,0,1.22377543162212,-2.30258509299405
336,0,0.0953101798043249,-2.30258509299405
336,0,0.993251773010283,-2.30258509299405
336,0,-0.693147180559945,-2.30258509299405
336,0,0.336472236621213,-2.30258509299405
336,0,0.587786664902119,-2.30258509299405
336,0,-0.22314355131421,-2.30258509299405
336,0,0.587786664902119,-2.30258509299405
336,9,-1.6094379124341,-2.30258509299405
336,0,1.16315080980568,-2.30258509299405
336,0,1.41098697371026,-2.30258509299405
336,0,0.262364264467491,-2.30258509299405
336,0,1.02961941718116,-2.30258509299405
336,9,0,-2.30258509299405
336,0,0.0953101798043249,-2.30258509299405
336,1,1.52605630349505,-2.30258509299405
336,0,0.587786664902119,-2.30258509299405
336,0,0.262364264467491,-2.30258509299405
336,0,0.8754687373539,-2.30258509299405
336,0,-1.20397280432594,-2.30258509299405
336,0,0.8754687373539,-2.30258509299405
336,0,0.470003629245736,-2.30258509299405
336,0,0.78845736036427,-2.30258509299405
336,0,1.1314021114911,-2.30258509299405
336,0,1.1314021114911,-2.30258509299405
336,0,0.0953101798043249,-2.30258509299405
336,0,-0.105360515657826,-2.30258509299405
336,0,0.0953101798043249,-2.30258509299405
336,0,-0.105360515657826,-2.30258509299405
336,0,-0.105360515657826,-2.30258509299405
336,0,0.693147180559945,-2.30258509299405
336,0,0.182321556793955,-2.30258509299405
336,9,-1.20397280432594,-2.30258509299405
336,0,-0.22314355131421,-2.30258509299405
336,0,-0.105360515657826,-2.30258509299405
336,0,0.587786664902119,-2.30258509299405
336,1,-1.6094379124341,-2.30258509299405
336,0,0.641853886172395,-2.30258509299405
336,0,1.06471073699243,-2.30258509299405
336,9,1.19392246847243,-2.30258509299405
336,0,0.693147180559945,-2.30258509299405
336,1,1.02961941718116,-2.30258509299405
336,0,0.641853886172395,-2.30258509299405
336,0,0.470003629245736,-2.30258509299405
336,0,0.8754687373539,-2.30258509299405
336,0,-0.105360515657826,-2.30258509299405
336,0,1.1314021114911,-2.30258509299405
336,0,-0.105360515657826,-2.30258509299405
336,0,2.09186406167839,-2.30258509299405
336,9,0.955511445027436,-2.30258509299405
336,0,1.02961941718116,-2.30258509299405
336,1,1.25276296849537,-2.30258509299405
336,0,0,-2.30258509299405
336,0,0,-2.30258509299405
336,0,0.182321556793955,-2.30258509299405
336,0,0.993251773010283,-2.30258509299405
336,0,1.02961941718116,-2.30258509299405
336,0,0.405465108108164,-2.30258509299405
336,0,0,-2.30258509299405
336,1,0.0953101798043249,-2.30258509299405
336,0,1.06471073699243,-2.30258509299405
336,0,0.741937344729377,-2.30258509299405
336,0,0.587786664902119,-2.30258509299405
336,9,0.336472236621213,-2.30258509299405
336,0,0.262364264467491,-2.30258509299405
336,0,1.06471073699243,-2.30258509299405
336,0,-0.356674943938732,-2.30258509299405
336,0,-0.356674943938732,-2.30258509299405
336,1,-0.510825623765991,-2.30258509299405
336,0,-0.510825623765991,-2.30258509299405
378,1,0.262364264467491,0.959963060330341
378,0,1.16315080980568,0.959963060330341
378,0,0.336472236621213,0.959963060330341
378,0,2.484906649788,0.959963060330341
378,0,-0.22314355131421,0.959963060330341
378,0,2.43361335540045,0.959963060330341
378,0,1.84054963339749,0.959963060330341
378,0,2.41591377830105,0.959963060330341
378,0,1.87180217690159,0.959963060330341
378,0,-0.105360515657826,0.959963060330341
378,0,0.741937344729377,0.959963060330341
378,0,0.8754687373539,0.959963060330341
378,0,1.87180217690159,0.959963060330341
378,0,2.46809953147162,0.959963060330341
378,9,1.7404661748405,0.959963060330341
378,0,0.641853886172395,0.959963060330341
378,0,1.02961941718116,0.959963060330341
378,0,0.470003629245736,0.959963060330341
378,0,-0.510825623765991,0.959963060330341
378,0,1.7404661748405,0.959963060330341
378,0,3.15700042115011,0.959963060330341
378,0,3.44680789291421,0.959963060330341
378,0,1.09861228866811,0.959963060330341
378,0,2.4423470353692,0.959963060330341
378,0,3.04927304048202,0.959963060330341
378,0,1.79175946922805,0.959963060330341
378,0,0.641853886172395,0.959963060330341
378,0,3.42751468997953,0.959963060330341
378,0,0.8754687373539,0.959963060330341
378,0,0.587786664902119,0.959963060330341
378,0,2.02814824729229,0.959963060330341
378,0,1.30833281965018,0.959963060330341
378,0,0.916290731874155,0.959963060330341
378,0,2.66722820658195,0.959963060330341
378,0,0.0953101798043249,0.959963060330341
378,0,1.6094379124341,0.959963060330341
378,0,1.09861228866811,0.959963060330341
378,0,1.22377543162212,0.959963060330341
378,0,0.262364264467491,0.959963060330341
378,0,2.46809953147162,0.959963060330341
378,0,0,0.959963060330341
378,0,1.22377543162212,0.959963060330341
378,0,1.62924053973028,0.959963060330341
378,0,0.0953101798043249,0.959963060330341
378,1,0.993251773010283,0.959963060330341
378,0,0.641853886172395,0.959963060330341
378,0,0.955511445027436,0.959963060330341
378,1,0.182321556793955,0.959963060330341
378,0,0.741937344729377,0.959963060330341
378,0,1.02961941718116,0.959963060330341
378,1,0.78845736036427,0.959963060330341
378,0,0.470003629245736,0.959963060330341
378,0,1.82454929205105,0.959963060330341
378,0,1.28093384546206,0.959963060330341
378,0,0.916290731874155,0.959963060330341
378,0,0.693147180559945,0.959963060330341
378,0,0.262364264467491,0.959963060330341
378,1,-0.916290731874155,0.959963060330341
378,0,1.93152141160321,0.959963060330341
378,0,1.79175946922805,0.959963060330341
378,0,2.21920348405499,0.959963060330341
378,0,1.16315080980568,0.959963060330341
378,0,0.262364264467491,0.959963060330341
378,0,0.78845736036427,0.959963060330341
378,0,0.470003629245736,0.959963060330341
378,0,0.587786664902119,0.959963060330341
378,0,0,0.959963060330341
378,0,1.68639895357023,0.959963060330341
378,0,2.35137525716348,0.959963060330341
378,1,-0.916290731874155,0.959963060330341
378,0,1.22377543162212,0.959963060330341
378,0,0.336472236621213,0.959963060330341
378,0,1.06471073699243,0.959963060330341
378,0,1.02961941718116,0.959963060330341
378,0,1.56861591791385,0.959963060330341
378,0,0.405465108108164,0.959963060330341
378,0,2.05412373369555,0.959963060330341
378,0,0.741937344729377,0.959963060330341
378,0,1.91692261218206,0.959963060330341
378,0,1.28093384546206,0.959963060330341
378,0,3.71843825635548,0.959963060330341
378,0,0.587786664902119,0.959963060330341
378,9,1.79175946922805,0.959963060330341
378,0,1.62924053973028,0.959963060330341
378,0,-0.105360515657826,0.959963060330341
378,0,1.30833281965018,0.959963060330341
378,9,2.00148000021012,0.959963060330341
378,0,1.06471073699243,0.959963060330341
378,0,1.43508452528932,0.959963060330341
378,0,1.25276296849537,0.959963060330341
378,0,2.09186406167839,0.959963060330341
378,0,-0.693147180559945,0.959963060330341
378,9,0.53062825106217,0.959963060330341
378,0,1.06471073699243,0.959963060330341
378,0,0.78845736036427,0.959963060330341
378,0,1.64865862558738,0.959963060330341
378,0,0.741937344729377,0.959963060330341
378,0,0.8754687373539,0.959963060330341
378,0,0.182321556793955,0.959963060330341
378,0,1.43508452528932,0.959963060330341
378,0,0.0953101798043249,0.959963060330341
378,0,0,0.959963060330341
378,0,2.37024374146786,0.959963060330341
378,0,1.30833281965018,0.959963060330341
378,0,1.38629436111989,0.959963060330341
378,0,0.262364264467491,0.959963060330341
378,0,1.77495235091167,0.959963060330341
378,0,-0.510825623765991,0.959963060330341
378,0,3.07731226054641,0.959963060330341
378,0,0,0.959963060330341
378,9,1.25276296849537,0.959963060330341
378,0,0.53062825106217,0.959963060330341
378,0,-0.356674943938732,0.959963060330341
378,0,0.587786664902119,0.959963060330341
378,0,1.02961941718116,0.959963060330341
378,0,1.64865862558738,0.959963060330341
378,0,1.33500106673234,0.959963060330341
378,0,0.53062825106217,0.959963060330341
378,0,1.43508452528932,0.959963060330341
378,9,0.641853886172395,0.959963060330341
378,0,1.70474809223843,0.959963060330341
378,0,-0.356674943938732,0.959963060330341
378,0,-0.356674943938732,0.959963060330341
378,0,0.336472236621213,0.959963060330341
378,0,2.82731362192903,0.959963060330341
378,0,0.53062825106217,0.959963060330341
378,9,0.641853886172395,0.959963060330341
378,0,0.8754687373539,0.959963060330341
378,0,0.741937344729377,0.959963060330341
378,0,0.470003629245736,0.959963060330341
378,0,-0.356674943938732,0.959963060330341
378,0,-0.22314355131421,0.959963060330341
378,0,0.470003629245736,0.959963060330341
378,0,0.0953101798043249,0.959963060330341
378,0,0.741937344729377,0.959963060330341
378,0,1.28093384546206,0.959963060330341
378,0,1.6094379124341,0.959963060330341
378,0,1.19392246847243,0.959963060330341
378,0,1.90210752639692,0.959963060330341
378,0,1.84054963339749,0.959963060330341
378,0,0,0.959963060330341
378,0,1.06471073699243,0.959963060330341
378,0,0.741937344729377,0.959963060330341
378,0,0.182321556793955,0.959963060330341
378,0,2.11625551480255,0.959963060330341
378,1,1.66770682055808,0.959963060330341
378,0,0.78845736036427,0.959963060330341
378,0,0.8754687373539,0.959963060330341
378,0,1.02961941718116,0.959963060330341
378,0,0.832909122935104,0.959963060330341
378,0,2.54160199346455,0.959963060330341
378,0,1.68639895357023,0.959963060330341
378,1,0.993251773010283,0.959963060330341
378,0,0.470003629245736,0.959963060330341
378,0,2.63188884013665,0.959963060330341
378,0,-2.30258509299405,0.959963060330341
378,0,0,0.959963060330341
378,0,-0.22314355131421,0.959963060330341
378,0,2.11625551480255,0.959963060330341
378,1,2.77881927199042,0.959963060330341
378,0,-0.356674943938732,0.959963060330341
378,0,1.79175946922805,0.959963060330341
378,1,2.50959926237837,0.959963060330341
378,1,2.4423470353692,0.959963060330341
378,0,1.41098697371026,0.959963060330341
378,0,2.21920348405499,0.959963060330341
378,0,0.78845736036427,0.959963060330341
378,0,1.56861591791385,0.959963060330341
378,1,-1.20397280432594,0.959963060330341
378,0,1.54756250871601,0.959963060330341
378,0,0.262364264467491,0.959963060330341
378,1,2.28238238567653,0.959963060330341
378,0,1.28093384546206,0.959963060330341
378,0,2.61006979274201,0.959963060330341
378,0,0.916290731874155,0.959963060330341
378,0,1.09861228866811,0.959963060330341
378,0,1.62924053973028,0.959963060330341
378,1,2.30258509299405,0.959963060330341
378,9,2.42480272571829,0.959963060330341
378,1,1.94591014905531,0.959963060330341
378,0,0.0953101798043249,0.959963060330341
378,0,1.84054963339749,0.959963060330341
378,0,1.09861228866811,0.959963060330341
378,1,-0.693147180559945,0.959963060330341
378,0,0.405465108108164,0.959963060330341
378,0,1.48160454092422,0.959963060330341
378,0,1.22377543162212,0.959963060330341
378,0,2.00148000021012,0.959963060330341
378,0,1.50407739677627,0.959963060330341
378,0,1.02961941718116,0.959963060330341
378,0,2.01490302054226,0.959963060330341
378,0,0.0953101798043249,0.959963060330341
378,0,2.26176309847379,0.959963060330341
378,0,2.00148000021012,0.959963060330341
378,0,0.53062825106217,0.959963060330341
378,0,0.0953101798043249,0.959963060330341
378,0,1.66770682055808,0.959963060330341
378,0,-2.30258509299405,0.959963060330341
378,9,-0.916290731874155,0.959963060330341
378,0,1.30833281965018,0.959963060330341
378,0,0.262364264467491,0.959963060330341
378,0,1.87180217690159,0.959963060330341
378,0,0,0.959963060330341
378,0,1.82454929205105,0.959963060330341
378,0,-0.22314355131421,0.959963060330341
378,0,0.78845736036427,0.959963060330341
378,0,1.43508452528932,0.959963060330341
378,0,0.955511445027436,0.959963060330341
378,0,1.25276296849537,0.959963060330341
378,0,1.96009478404727,0.959963060330341
378,0,1.90210752639692,0.959963060330341
378,0,0.0953101798043249,0.959963060330341
378,0,1.52605630349505,0.959963060330341
378,0,1.48160454092422,0.959963060330341
378,0,0.741937344729377,0.959963060330341
378,1,-0.510825623765991,0.959963060330341
378,1,0.0953101798043249,0.959963060330341
378,0,1.54756250871601,0.959963060330341
378,0,1.02961941718116,0.959963060330341
301,1,-0.510825623765991,-0.86870605591852
301,1,0.262364264467491,-0.86870605591852
301,0,-0.510825623765991,-0.86870605591852
301,1,1.28093384546206,-0.86870605591852
301,0,-0.510825623765991,-0.86870605591852
301,1,-0.22314355131421,-0.86870605591852
301,1,-0.510825623765991,-0.86870605591852
301,0,-1.20397280432594,-0.86870605591852
301,1,-0.356674943938732,-0.86870605591852
301,0,-0.105360515657826,-0.86870605591852
301,0,-0.916290731874155,-0.86870605591852
301,0,-0.510825623765991,-0.86870605591852
164,0,1.38629436111989,-0.0309500495774661
164,0,0.262364264467491,-0.0309500495774661
164,0,-0.916290731874155,-0.0309500495774661
164,0,-0.356674943938732,-0.0309500495774661
164,0,0.78845736036427,-0.0309500495774661
164,0,-0.916290731874155,-0.0309500495774661
164,0,0.0953101798043249,-0.0309500495774661
164,0,-0.105360515657826,-0.0309500495774661
164,0,1.33500106673234,-0.0309500495774661
164,0,-0.356674943938732,-0.0309500495774661
164,0,-0.510825623765991,-0.0309500495774661
164,1,-0.693147180559945,-0.0309500495774661
164,0,0.182321556793955,-0.0309500495774661
164,0,0.0953101798043249,-0.0309500495774661
164,0,0.470003629245736,-0.0309500495774661
164,1,0.0953101798043249,-0.0309500495774661
164,0,-0.105360515657826,-0.0309500495774661
164,0,-1.6094379124341,-0.0309500495774661
164,0,0.587786664902119,-0.0309500495774661
164,0,-0.693147180559945,-0.0309500495774661
164,1,-0.916290731874155,-0.0309500495774661
164,0,-0.105360515657826,-0.0309500495774661
164,0,0.8754687373539,-0.0309500495774661
164,0,-0.22314355131421,-0.0309500495774661
164,0,-0.356674943938732,-0.0309500495774661
164,0,-0.356674943938732,-0.0309500495774661
164,0,0,-0.0309500495774661
164,1,-0.693147180559945,-0.0309500495774661
164,0,-0.693147180559945,-0.0309500495774661
164,0,0.641853886172395,-0.0309500495774661
164,1,-0.510825623765991,-0.0309500495774661
164,0,0.0953101798043249,-0.0309500495774661
164,0,-0.356674943938732,-0.0309500495774661
164,0,-0.22314355131421,-0.0309500495774661
164,0,0.0953101798043249,-0.0309500495774661
164,0,0.336472236621213,-0.0309500495774661
164,0,-0.22314355131421,-0.0309500495774661
164,0,3.68135118769314,-0.0309500495774661
164,0,-0.105360515657826,-0.0309500495774661
164,0,0,-0.0309500495774661
164,0,-0.356674943938732,-0.0309500495774661
164,1,0,-0.0309500495774661
164,1,-1.20397280432594,-0.0309500495774661
164,0,0.405465108108164,-0.0309500495774661
164,0,0.470003629245736,-0.0309500495774661
164,0,1.56861591791385,-0.0309500495774661
164,1,0.262364264467491,-0.0309500495774661
164,1,-0.916290731874155,-0.0309500495774661
164,0,0.405465108108164,-0.0309500495774661
164,0,1.25276296849537,-0.0309500495774661
164,0,-0.916290731874155,-0.0309500495774661
164,0,0.182321556793955,-0.0309500495774661
164,0,-0.693147180559945,-0.0309500495774661
164,0,-0.356674943938732,-0.0309500495774661
164,1,-0.22314355131421,-0.0309500495774661
164,1,-1.20397280432594,-0.0309500495774661
164,0,0.262364264467491,-0.0309500495774661
164,0,0,-0.0309500495774661
164,0,-0.916290731874155,-0.0309500495774661
164,0,-0.916290731874155,-0.0309500495774661
301,1,-1.6094379124341,-0.135054838192942
19,0,0.0953101798043249,-0.135054838192942
19,1,-1.20397280432594,-0.135054838192942
19,1,-0.916290731874155,-0.135054838192942
301,0,-0.356674943938732,-0.135054838192942
19,1,-2.30258509299405,0.148075118065364
301,1,-1.20397280432594,-0.650541817187649
301,0,0.336472236621213,-0.650541817187649
19,1,-0.22314355131421,-0.650541817187649
301,0,0.641853886172395,-0.650541817187649
301,1,-2.30258509299405,-0.650541817187649
19,1,0.8754687373539,-0.650541817187649
19,1,0.993251773010283,-0.650541817187649
301,0,-1.20397280432594,-0.650541817187649
301,1,-0.916290731874155,-0.650541817187649
301,1,-0.916290731874155,-0.650541817187649
301,0,-0.356674943938732,-0.650541817187649
301,0,0.0953101798043249,-0.650541817187649
301,1,-1.20397280432594,-0.650541817187649
301,1,-0.510825623765991,-0.650541817187649
301,1,-0.916290731874155,-0.650541817187649
301,0,-0.22314355131421,-0.650541817187649
301,0,0.0953101798043249,-0.650541817187649
19,1,1.91692261218206,-0.650541817187649
19,1,0.182321556793955,-0.650541817187649
19,1,-0.510825623765991,-0.650541817187649
19,1,0.53062825106217,-0.650541817187649
301,1,-0.916290731874155,-0.650541817187649
19,1,-0.510825623765991,-0.650541817187649
301,1,-1.6094379124341,-0.650541817187649
19,1,-1.20397280432594,-0.650541817187649
301,1,-2.30258509299405,-0.650541817187649
301,1,-0.356674943938732,-0.650541817187649
19,1,-1.6094379124341,-0.650541817187649
301,1,-0.356674943938732,-0.650541817187649
301,1,0,-0.650541817187649
301,1,-1.20397280432594,-0.650541817187649
19,1,1.16315080980568,-0.650541817187649
19,1,-1.20397280432594,-0.650541817187649
301,1,-1.20397280432594,-0.650541817187649
301,1,0.336472236621213,-0.650541817187649
19,0,0.336472236621213,-0.650541817187649
301,1,0.8754687373539,-0.650541817187649
176,1,0.336472236621213,-0.0480931571352812
176,0,-0.22314355131421,-0.0480931571352812
176,0,1.22377543162212,-0.0480931571352812
176,1,-0.693147180559945,-0.0480931571352812
176,0,1.28093384546206,-0.0480931571352812
176,0,1.3609765531356,-0.0480931571352812
176,1,-0.693147180559945,-0.0480931571352812
176,1,-0.356674943938732,-0.0480931571352812
176,0,1.3609765531356,-0.0480931571352812
176,0,1.41098697371026,-0.0480931571352812
176,1,-0.693147180559945,-0.0480931571352812
176,1,-0.916290731874155,-0.0480931571352812
127,1,0.53062825106217,-0.501514110774897
127,1,-0.105360515657826,-0.501514110774897
127,1,-2.30258509299405,-0.501514110774897
127,1,-0.22314355131421,-0.501514110774897
297,1,0.641853886172395,-0.229133958026494
297,1,1.09861228866811,-0.229133958026494
297,1,0.470003629245736,-0.229133958026494
297,1,1.22377543162212,-0.229133958026494
297,1,1.02961941718116,-0.229133958026494
297,0,0.993251773010283,-0.229133958026494
297,1,0.8754687373539,-0.229133958026494
297,0,0.182321556793955,-0.229133958026494
297,1,0.336472236621213,-0.229133958026494
297,1,2.27212588550934,-0.229133958026494
297,1,0.641853886172395,-0.229133958026494
297,1,-0.22314355131421,-0.229133958026494
297,1,-0.356674943938732,-0.229133958026494
297,1,-0.916290731874155,-0.229133958026494
297,1,-0.693147180559945,-0.229133958026494
297,1,0.182321556793955,-0.229133958026494
297,1,-1.20397280432594,-0.229133958026494
297,0,0.182321556793955,-0.229133958026494
297,1,-1.6094379124341,-0.229133958026494
297,1,1.02961941718116,-0.229133958026494
297,1,-0.22314355131421,-0.229133958026494
297,0,0,-0.229133958026494
297,1,0.0953101798043249,-0.229133958026494
297,1,0.262364264467491,-0.229133958026494
297,1,-1.20397280432594,-0.229133958026494
297,1,1.19392246847243,-0.229133958026494
297,0,0.741937344729377,-0.229133958026494
297,1,0.53062825106217,-0.229133958026494
297,1,-0.693147180559945,-0.229133958026494
297,1,-0.356674943938732,-0.229133958026494
297,1,-0.510825623765991,-0.229133958026494
297,1,0.0953101798043249,-0.229133958026494
297,1,0.336472236621213,-0.229133958026494
297,1,1.70474809223843,-0.229133958026494
297,1,0.741937344729377,-0.229133958026494
297,1,-0.105360515657826,-0.229133958026494
127,1,-0.916290731874155,-0.449575315379288
127,1,0,-0.449575315379288
127,1,-0.510825623765991,-0.449575315379288
127,1,0.0953101798043249,-0.449575315379288
127,1,1.38629436111989,-0.449575315379288
127,1,0.182321556793955,-0.449575315379288
127,1,0.336472236621213,-0.449575315379288
137,0,-0.356674943938732,-0.381305808435557
137,1,-1.20397280432594,-0.381305808435557
137,1,0.336472236621213,-0.381305808435557
137,0,0.262364264467491,-0.381305808435557
137,0,-0.105360515657826,-0.381305808435557
137,0,0,-0.381305808435557
301,0,-0.916290731874155,-1.07097572108592
301,1,-1.6094379124341,-1.07097572108592
301,1,-2.30258509299405,-1.07097572108592
301,0,-0.356674943938732,-1.07097572108592
301,0,-1.20397280432594,-1.07097572108592
301,1,-0.510825623765991,-1.07097572108592
301,1,0.0953101798043249,-1.07097572108592
301,1,-1.20397280432594,-1.07097572108592
301,0,-1.20397280432594,-1.07097572108592
301,0,1.06471073699243,-1.07097572108592
301,1,-1.6094379124341,-1.07097572108592
301,1,-0.22314355131421,-1.07097572108592
301,1,0.741937344729377,-1.07097572108592
301,0,-0.510825623765991,-1.07097572108592
301,1,-1.20397280432594,-1.07097572108592
301,1,-0.693147180559945,-1.07097572108592
301,1,-1.6094379124341,-1.07097572108592
301,1,-0.916290731874155,-1.07097572108592
3,0,0.0953101798043249,-0.507408136699532
3,0,0.832909122935104,-0.507408136699532
3,0,1.09861228866811,-0.507408136699532
3,1,0.832909122935104,-0.507408136699532
221,1,-0.693147180559945,-0.507408136699532
7,0,0.0953101798043249,-0.637589491641256
7,0,1.09861228866811,-0.637589491641256
7,0,1.22377543162212,-0.637589491641256
7,1,0.182321556793955,-0.637589491641256
7,0,0.955511445027436,-0.637589491641256
7,0,0.262364264467491,-0.637589491641256
7,0,0.693147180559945,-0.637589491641256
7,0,0.832909122935104,-0.637589491641256
7,0,0.336472236621213,-0.637589491641256
7,0,0.182321556793955,-0.637589491641256
7,0,0.470003629245736,-0.637589491641256
7,0,1.52605630349505,-0.637589491641256
7,0,0.641853886172395,-0.637589491641256
7,0,1.16315080980568,-0.637589491641256
7,0,1.85629799036563,-0.637589491641256
7,0,1.22377543162212,-0.637589491641256
7,0,0.405465108108164,-0.637589491641256
7,0,0.587786664902119,-0.637589491641256
7,0,-0.693147180559945,-0.637589491641256
7,0,1.96009478404727,-0.637589491641256
7,0,2.05412373369555,-0.637589491641256
7,0,1.66770682055808,-0.637589491641256
7,0,1.52605630349505,-0.637589491641256
7,0,0.916290731874155,-0.637589491641256
7,0,1.06471073699243,-0.637589491641256
7,0,2.10413415427021,-0.637589491641256
7,0,-0.22314355131421,-0.637589491641256
7,0,1.45861502269952,-0.637589491641256
7,0,1.09861228866811,-0.637589491641256
7,0,0.336472236621213,-0.637589491641256
7,0,1.16315080980568,-0.637589491641256
7,0,1.09861228866811,-0.637589491641256
7,0,0.405465108108164,-0.637589491641256
7,0,0.405465108108164,-0.637589491641256
7,0,0.641853886172395,-0.637589491641256
7,1,-1.20397280432594,-0.637589491641256
7,0,1.79175946922805,-0.637589491641256
7,0,1.50407739677627,-0.637589491641256
7,0,1.41098697371026,-0.637589491641256
7,0,0.78845736036427,-0.637589491641256
7,0,1.70474809223843,-0.637589491641256
7,0,1.93152141160321,-0.637589491641256
7,0,0.587786664902119,-0.637589491641256
7,0,0.832909122935104,-0.637589491641256
7,0,0.262364264467491,-0.637589491641256
7,1,0.641853886172395,-0.637589491641256
7,0,-0.356674943938732,-0.637589491641256
7,0,1.90210752639692,-0.637589491641256
7,0,0.53062825106217,-0.637589491641256
7,0,0.693147180559945,-0.637589491641256
7,0,1.70474809223843,-0.637589491641256
7,0,0.8754687373539,-0.637589491641256
372,0,1.45861502269952,-0.00728547473838742
372,0,1.68639895357023,-0.00728547473838742
21,1,0.262364264467491,-0.00728547473838742
21,0,1.48160454092422,-0.00728547473838742
372,0,1.66770682055808,-0.00728547473838742
372,1,1.75785791755237,-0.00728547473838742
372,1,0.405465108108164,-0.00728547473838742
372,0,2.17475172148416,-0.00728547473838742
372,0,1.43508452528932,-0.00728547473838742
372,0,0.336472236621213,-0.00728547473838742
372,0,1.09861228866811,-0.00728547473838742
372,9,2.39789527279837,-0.00728547473838742
372,0,1.88706964903238,-0.00728547473838742
21,1,1.52605630349505,-0.00728547473838742
372,0,1.16315080980568,-0.00728547473838742
372,0,3.09104245335832,-0.00728547473838742
286,0,1.38629436111989,-0.426987052583424
286,0,0.0953101798043249,-0.426987052583424
286,1,0.262364264467491,-0.426987052583424
286,0,0.53062825106217,-0.426987052583424
286,0,0.832909122935104,-0.426987052583424
286,1,0.78845736036427,-0.426987052583424
286,1,0.955511445027436,-0.426987052583424
286,0,0.262364264467491,-0.426987052583424
286,0,0.741937344729377,-0.426987052583424
286,0,0.587786664902119,-0.426987052583424
286,0,0.470003629245736,-0.426987052583424
286,0,1.09861228866811,-0.426987052583424
286,0,0.641853886172395,-0.426987052583424
286,0,-0.356674943938732,-0.426987052583424
286,0,-0.105360515657826,-0.426987052583424
286,0,0.0953101798043249,-0.426987052583424
286,1,0.693147180559945,-0.426987052583424
286,0,0.993251773010283,-0.426987052583424
286,0,1.19392246847243,-0.426987052583424
286,0,1.45861502269952,-0.426987052583424
286,0,0.182321556793955,-0.426987052583424
286,0,0.832909122935104,-0.426987052583424
286,0,0.832909122935104,-0.426987052583424
286,0,-0.356674943938732,-0.426987052583424
286,0,1.09861228866811,-0.426987052583424
286,0,1.1314021114911,-0.426987052583424
286,0,0.0953101798043249,-0.426987052583424
286,0,0.741937344729377,-0.426987052583424
286,0,0.955511445027436,-0.426987052583424
286,0,-0.356674943938732,-0.426987052583424
286,0,0.405465108108164,-0.426987052583424
23,1,1.50407739677627,-0.426987052583424
286,0,0.741937344729377,-0.426987052583424
286,0,0.955511445027436,-0.426987052583424
286,0,1.19392246847243,-0.426987052583424
286,0,0.955511445027436,-0.426987052583424
286,0,1.3609765531356,-0.426987052583424
286,0,0.405465108108164,-0.426987052583424
286,0,0.955511445027436,-0.426987052583424
286,1,0,-0.426987052583424
286,0,1.43508452528932,-0.426987052583424
286,1,0.405465108108164,-0.426987052583424
187,1,1.1314021114911,-0.426987052583424
286,0,1.09861228866811,-0.426987052583424
286,0,1.25276296849537,-0.426987052583424
286,0,3.29953372788566,-0.426987052583424
286,0,0.336472236621213,-0.426987052583424
286,0,1.02961941718116,-0.426987052583424
286,0,2.04122032885964,-0.426987052583424
286,1,-1.6094379124341,-0.426987052583424
286,0,-0.510825623765991,-0.426987052583424
187,1,-0.22314355131421,-0.426987052583424
286,0,0.182321556793955,-0.426987052583424
286,0,0.53062825106217,-0.426987052583424
286,0,-1.20397280432594,-0.426987052583424
286,0,1.1314021114911,-0.426987052583424
23,1,1.54756250871601,-0.426987052583424
286,0,0.993251773010283,-0.426987052583424
286,0,0.336472236621213,-0.426987052583424
187,0,1.19392246847243,-0.426987052583424
286,0,-0.105360515657826,-0.426987052583424
286,0,0.693147180559945,-0.426987052583424
187,0,1.3609765531356,-0.426987052583424
23,1,-0.693147180559945,-0.426987052583424
23,0,1.75785791755237,-0.426987052583424
187,1,0.955511445027436,-0.426987052583424
23,0,1.54756250871601,-0.426987052583424
187,0,0.955511445027436,-0.426987052583424
286,1,0.470003629245736,-0.426987052583424
286,0,1.3609765531356,-0.426987052583424
23,0,1.85629799036563,-0.426987052583424
286,0,0.78845736036427,-0.426987052583424
187,0,0.405465108108164,-0.426987052583424
23,1,0.832909122935104,-0.426987052583424
286,0,0.916290731874155,-0.426987052583424
25,0,1.90210752639692,-0.0337129487726719
25,1,1.09861228866811,-0.0337129487726719
25,0,1.09861228866811,-0.0337129487726719
25,0,1.02961941718116,-0.0337129487726719
28,0,1.62924053973028,0.452755735836182
28,0,0.993251773010283,0.452755735836182
28,0,1.98787434815435,0.452755735836182
32,0,1.62924053973028,0.345063794689886
32,0,0.641853886172395,0.345063794689886
32,0,2.26176309847379,0.345063794689886
32,0,1.56861591791385,0.345063794689886
32,0,1.3609765531356,0.345063794689886
32,0,2.55722731136763,0.345063794689886
32,0,1.98787434815435,0.345063794689886
32,0,1.94591014905531,0.345063794689886
32,0,2.57261223020711,0.345063794689886
32,1,1.77495235091167,0.345063794689886
32,1,2.66722820658195,0.345063794689886
32,0,1.80828877117927,0.345063794689886
32,0,2.26176309847379,0.345063794689886
32,0,1.93152141160321,0.345063794689886
40,1,0.955511445027436,0.350607574623445
40,0,1.91692261218206,0.350607574623445
40,1,1.41098697371026,0.350607574623445
40,0,2.32238772029023,0.350607574623445
110,1,1.64865862558738,-0.201796773694768
53,1,1.7404661748405,-0.201796773694768
110,0,2.14006616349627,-0.201796773694768
110,0,1.87180217690159,-0.201796773694768
53,0,1.48160454092422,-0.201796773694768
110,0,2.02814824729229,-0.201796773694768
53,0,0.336472236621213,-0.201796773694768
110,0,1.48160454092422,-0.201796773694768
53,0,0.641853886172395,-0.201796773694768
110,0,1.22377543162212,-0.201796773694768
110,0,0.262364264467491,-0.201796773694768
110,0,1.50407739677627,-0.201796773694768
53,0,1.45861502269952,-0.201796773694768
53,0,0.741937344729377,-0.201796773694768
110,1,0,-0.201796773694768
53,0,1.38629436111989,-0.201796773694768
110,0,0.993251773010283,-0.201796773694768
53,0,-0.105360515657826,-0.201796773694768
53,0,1.25276296849537,-0.201796773694768
53,0,0.832909122935104,-0.201796773694768
110,0,1.98787434815435,-0.201796773694768
110,0,1.50407739677627,-0.201796773694768
56,0,2.27212588550934,0.182829760969667
56,1,-2.30258509299405,0.182829760969667
56,1,1.56861591791385,0.182829760969667
56,0,0.53062825106217,0.182829760969667
56,1,2.69462718077007,0.182829760969667
56,0,2.56494935746154,0.182829760969667
187,1,0.470003629245736,-0.439561333904037
187,1,0.587786664902119,-0.439561333904037
187,0,0.405465108108164,-0.439561333904037
187,1,-0.693147180559945,-0.439561333904037
187,1,0.955511445027436,-0.439561333904037
187,1,0.741937344729377,-0.439561333904037
187,1,0.587786664902119,-0.439561333904037
187,1,0.182321556793955,-0.439561333904037
57,0,1.33500106673234,-0.439561333904037
187,0,0.832909122935104,-0.439561333904037
187,0,1.19392246847243,-0.439561333904037
187,0,1.1314021114911,-0.439561333904037
57,0,1.41098697371026,-0.439561333904037
187,0,0.470003629245736,-0.439561333904037
187,0,0.470003629245736,-0.439561333904037
187,1,0.741937344729377,-0.439561333904037
187,1,-0.105360515657826,-0.439561333904037
187,0,1.62924053973028,-0.439561333904037
187,0,2.05412373369555,-0.439561333904037
187,1,0.0953101798043249,-0.439561333904037
187,0,0.832909122935104,-0.439561333904037
187,1,-0.510825623765991,-0.439561333904037
187,1,0.405465108108164,-0.439561333904037
187,1,0.182321556793955,-0.439561333904037
187,1,-0.356674943938732,-0.439561333904037
187,0,1.09861228866811,-0.439561333904037
187,1,0.0953101798043249,-0.439561333904037
187,0,1.30833281965018,-0.439561333904037
187,0,1.3609765531356,-0.439561333904037
187,0,-0.105360515657826,-0.439561333904037
187,0,0.832909122935104,-0.439561333904037
187,1,-0.105360515657826,-0.439561333904037
187,1,-0.916290731874155,-0.439561333904037
187,1,0.336472236621213,-0.439561333904037
187,0,-0.916290731874155,-0.439561333904037
187,0,1.28093384546206,-0.439561333904037
187,0,1.50407739677627,-0.439561333904037
187,0,0.470003629245736,-0.439561333904037
57,0,0.693147180559945,-0.439561333904037
187,0,1.7404661748405,-0.439561333904037
187,1,0.993251773010283,-0.439561333904037
187,1,-2.30258509299405,-0.439561333904037
187,1,0.405465108108164,-0.439561333904037
187,1,0.993251773010283,-0.439561333904037
187,1,0.182321556793955,-0.439561333904037
187,1,0.336472236621213,-0.439561333904037
187,0,0.832909122935104,-0.439561333904037
187,0,0.336472236621213,-0.439561333904037
57,0,1.68639895357023,-0.439561333904037
187,0,0.641853886172395,-0.439561333904037
57,0,2.01490302054226,-0.439561333904037
187,1,0.405465108108164,-0.439561333904037
187,1,-0.105360515657826,-0.439561333904037
187,1,-0.22314355131421,-0.439561333904037
187,1,0.470003629245736,-0.439561333904037
187,0,0.641853886172395,-0.439561333904037
187,1,0.741937344729377,-0.439561333904037
187,0,2.01490302054226,-0.439561333904037
187,1,-0.22314355131421,-0.439561333904037
187,1,-0.356674943938732,-0.439561333904037
63,0,2.05412373369555,0.346988178349189
63,0,2.31253542384721,0.346988178349189
63,0,0.405465108108164,0.346988178349189
63,0,2.2512917986065,0.346988178349189
64,0,-0.105360515657826,-0.54584504140038
64,0,0.587786664902119,-0.54584504140038
64,0,2.10413415427021,-0.54584504140038
64,0,0.78845736036427,-0.54584504140038
64,0,1.62924053973028,-0.54584504140038
64,0,1.50407739677627,-0.54584504140038
68,0,2.2082744135228,0.412288442789617
68,1,1.94591014905531,0.412288442789617
68,0,3.2846635654062,0.412288442789617
68,0,2.97552956623647,0.412288442789617
68,0,2.56494935746154,0.412288442789617
68,0,2.57261223020711,0.412288442789617
68,0,0.993251773010283,0.412288442789617
68,1,1.28093384546206,0.412288442789617
68,0,2.58021682959233,0.412288442789617
68,1,0,0.412288442789617
68,0,0.470003629245736,0.412288442789617
68,1,0.955511445027436,0.412288442789617
68,0,2.18605127673809,0.412288442789617
68,0,1.30833281965018,0.412288442789617
70,0,1.25276296849537,0.0410421302885988
286,0,1.09861228866811,0.0410421302885988
372,0,0.832909122935104,0.0410421302885988
286,0,-0.22314355131421,0.0410421302885988
70,1,0,0.0410421302885988
70,1,1.58923520511658,0.0410421302885988
372,0,0.78845736036427,0.0410421302885988
70,0,1.25276296849537,0.0410421302885988
372,1,-0.356674943938732,0.0410421302885988
126,1,0.336472236621213,-0.351676030779486
126,1,-0.22314355131421,-0.351676030779486
126,1,0.78845736036427,-0.351676030779486
126,0,1.62924053973028,-0.351676030779486
126,1,1.06471073699243,-0.351676030779486
126,1,2.14006616349627,-0.351676030779486
126,0,0.336472236621213,-0.351676030779486
126,1,1.80828877117927,-0.351676030779486
126,0,0.8754687373539,-0.351676030779486
126,1,-0.693147180559945,-0.351676030779486
126,1,0.0953101798043249,-0.351676030779486
126,0,2.2512917986065,-0.351676030779486
126,1,0.993251773010283,-0.351676030779486
126,1,0.405465108108164,-0.351676030779486
126,0,0.955511445027436,-0.351676030779486
126,1,-0.693147180559945,-0.351676030779486
126,0,1.16315080980568,-0.351676030779486
76,0,0.405465108108164,-0.351676030779486
126,1,0.53062825106217,-0.351676030779486
126,0,0.470003629245736,-0.351676030779486
126,0,3.06339092202781,-0.351676030779486
126,1,-0.356674943938732,-0.351676030779486
76,0,1.02961941718116,-0.351676030779486
126,0,1.33500106673234,-0.351676030779486
126,1,0.405465108108164,-0.351676030779486
126,0,1.16315080980568,-0.351676030779486
126,0,2.43361335540045,-0.351676030779486
78,1,2.41591377830105,0.408347616353338
78,1,-2.30258509299405,0.408347616353338
78,1,0.955511445027436,0.408347616353338
78,0,1.93152141160321,0.408347616353338
80,0,1.50407739677627,-0.460783862219048
80,0,1.48160454092422,-0.460783862219048
80,0,0.53062825106217,-0.460783862219048
80,1,1.91692261218206,-0.460783862219048
80,0,1.43508452528932,-0.460783862219048
80,0,0.470003629245736,-0.460783862219048
80,0,0,-0.460783862219048
80,0,1.09861228866811,-0.460783862219048
80,1,0.955511445027436,-0.460783862219048
80,0,0.641853886172395,-0.460783862219048
80,1,0.0953101798043249,-0.460783862219048
80,0,1.7227665977411,-0.460783862219048
83,0,2.68784749378469,0.073384281781574
83,0,0.741937344729377,0.073384281781574
83,1,1.06471073699243,0.073384281781574
83,0,2.21920348405499,0.073384281781574
83,0,0.741937344729377,0.073384281781574
83,0,1.45861502269952,0.073384281781574
83,0,0.955511445027436,0.073384281781574
83,0,1.91692261218206,0.073384281781574
83,0,1.30833281965018,0.073384281781574
83,0,0.993251773010283,0.073384281781574
83,0,1.06471073699243,0.073384281781574
83,0,1.56861591791385,0.073384281781574
83,0,1.50407739677627,0.073384281781574
83,0,0.405465108108164,0.073384281781574
83,0,1.30833281965018,0.073384281781574
83,0,1.25276296849537,0.073384281781574
83,0,3.05870707271538,0.073384281781574
83,0,0.405465108108164,0.073384281781574
83,1,0.587786664902119,0.073384281781574
83,0,2.27212588550934,0.073384281781574
83,0,0.182321556793955,0.073384281781574
83,0,2.09186406167839,0.073384281781574
83,0,1.70474809223843,0.073384281781574
83,0,1.28093384546206,0.073384281781574
83,0,1.64865862558738,0.073384281781574
83,0,1.88706964903238,0.073384281781574
83,0,1.19392246847243,0.073384281781574
83,0,1.22377543162212,0.073384281781574
83,0,2.11625551480255,0.073384281781574
83,0,1.50407739677627,0.073384281781574
83,0,1.52605630349505,0.073384281781574
83,0,1.6094379124341,0.073384281781574
83,0,1.58923520511658,0.073384281781574
83,0,0,0.073384281781574
83,0,2.04122032885964,0.073384281781574
83,0,1.62924053973028,0.073384281781574
83,0,0.53062825106217,0.073384281781574
83,0,1.58923520511658,0.073384281781574
83,1,0.405465108108164,0.073384281781574
83,0,0.587786664902119,0.073384281781574
83,0,1.6094379124341,0.073384281781574
83,0,2.3887627892351,0.073384281781574
83,0,1.50407739677627,0.073384281781574
83,0,1.48160454092422,0.073384281781574
83,0,0.182321556793955,0.073384281781574
83,0,1.85629799036563,0.073384281781574
83,0,0.470003629245736,0.073384281781574
83,0,1.77495235091167,0.073384281781574
83,0,0.8754687373539,0.073384281781574
83,0,2.10413415427021,0.073384281781574
83,0,0.693147180559945,0.073384281781574
83,0,1.06471073699243,0.073384281781574
83,1,-0.105360515657826,0.073384281781574
83,0,1.54756250871601,0.073384281781574
83,0,1.3609765531356,0.073384281781574
83,0,2.17475172148416,0.073384281781574
83,0,1.80828877117927,0.073384281781574
83,0,1.93152141160321,0.073384281781574
83,0,2.18605127673809,0.073384281781574
83,0,0.405465108108164,0.073384281781574
83,0,0.832909122935104,0.073384281781574
83,0,2.18605127673809,0.073384281781574
83,0,-0.510825623765991,0.073384281781574
94,0,1.70474809223843,0.337856991690917
94,0,1.75785791755237,0.337856991690917
94,0,1.98787434815435,0.337856991690917
95,0,1.93152141160321,0.237827216699362
95,0,2.06686275947298,0.237827216699362
95,0,1.58923520511658,0.237827216699362
95,0,1.50407739677627,0.237827216699362
95,0,1.7227665977411,0.237827216699362
95,0,1.02961941718116,0.237827216699362
95,0,2.01490302054226,0.237827216699362
95,0,1.87180217690159,0.237827216699362
95,1,1.33500106673234,0.237827216699362
106,0,0.8754687373539,0.366835153755869
106,0,1.45861502269952,0.366835153755869
106,1,0.336472236621213,0.366835153755869
106,0,-1.6094379124341,0.366835153755869
106,0,1.25276296849537,0.366835153755869
106,0,1.66770682055808,0.366835153755869
108,0,1.19392246847243,0.478864257677932
108,1,0.955511445027436,0.478864257677932
116,1,1.7404661748405,0.3010892926591
116,0,1.45861502269952,0.3010892926591
116,0,2.58776403522771,0.3010892926591
116,0,2.27212588550934,0.3010892926591
116,1,0.832909122935104,0.3010892926591
116,0,1.85629799036563,0.3010892926591
116,0,2.2082744135228,0.3010892926591
116,0,1.19392246847243,0.3010892926591
116,0,3.48737507790321,0.3010892926591
123,0,1.58923520511658,0.275561413138703
277,0,0.916290731874155,0.275561413138703
277,0,2.57261223020711,0.275561413138703
123,0,3.77505715035499,0.275561413138703
123,0,0.993251773010283,0.275561413138703
123,0,1.28093384546206,0.275561413138703
277,0,0.0953101798043249,0.275561413138703
277,1,1.52605630349505,0.275561413138703
123,0,1.91692261218206,0.275561413138703
123,0,1.38629436111989,0.275561413138703
123,1,1.94591014905531,0.275561413138703
123,0,2.66722820658195,0.275561413138703
123,0,2.04122032885964,0.275561413138703
123,0,1.7404661748405,0.275561413138703
123,0,1.6094379124341,0.275561413138703
123,0,1.28093384546206,0.275561413138703
277,1,0.587786664902119,0.275561413138703
123,1,2.29253475714054,0.275561413138703
123,0,1.6094379124341,0.275561413138703
140,1,0.955511445027436,0.00795924103788845
140,0,1.38629436111989,0.00795924103788845
140,0,1.3609765531356,0.00795924103788845
140,0,-0.693147180559945,0.00795924103788845
140,0,0,0.00795924103788845
140,0,1.7227665977411,0.00795924103788845
140,0,1.43508452528932,0.00795924103788845
140,0,1.19392246847243,0.00795924103788845
140,0,1.02961941718116,0.00795924103788845
140,0,2.01490302054226,0.00795924103788845
140,0,1.7404661748405,0.00795924103788845
140,0,2.57261223020711,0.00795924103788845
140,1,1.06471073699243,0.00795924103788845
140,0,1.02961941718116,0.00795924103788845
140,0,1.80828877117927,0.00795924103788845
140,0,0.336472236621213,0.00795924103788845
140,0,2.16332302566054,0.00795924103788845
140,0,1.09861228866811,0.00795924103788845
140,0,1.75785791755237,0.00795924103788845
140,0,1.56861591791385,0.00795924103788845
140,0,1.41098697371026,0.00795924103788845
140,0,0.641853886172395,0.00795924103788845
140,0,1.45861502269952,0.00795924103788845
140,0,1.38629436111989,0.00795924103788845
140,0,0.8754687373539,0.00795924103788845
140,0,1.7227665977411,0.00795924103788845
140,1,2.04122032885964,0.00795924103788845
140,0,1.50407739677627,0.00795924103788845
140,0,1.70474809223843,0.00795924103788845
140,0,1.84054963339749,0.00795924103788845
140,0,1.22377543162212,0.00795924103788845
140,0,0.587786664902119,0.00795924103788845
140,0,0.53062825106217,0.00795924103788845
140,0,1.1314021114911,0.00795924103788845
140,0,0.641853886172395,0.00795924103788845
140,0,0.955511445027436,0.00795924103788845
140,0,2.16332302566054,0.00795924103788845
140,0,0.993251773010283,0.00795924103788845
140,0,2.70805020110221,0.00795924103788845
140,0,0.955511445027436,0.00795924103788845
140,0,0.993251773010283,0.00795924103788845
140,0,0.741937344729377,0.00795924103788845
140,0,1.54756250871601,0.00795924103788845
140,0,0.470003629245736,0.00795924103788845
140,0,1.1314021114911,0.00795924103788845
140,0,2.16332302566054,0.00795924103788845
140,0,1.7404661748405,0.00795924103788845
140,0,1.43508452528932,0.00795924103788845
140,0,1.1314021114911,0.00795924103788845
140,1,-0.22314355131421,0.00795924103788845
140,0,1.56861591791385,0.00795924103788845
140,0,0.955511445027436,0.00795924103788845
140,0,1.98787434815435,0.00795924103788845
140,1,1.09861228866811,0.00795924103788845
140,0,2.14006616349627,0.00795924103788845
140,0,1.06471073699243,0.00795924103788845
140,0,2.07944154167984,0.00795924103788845
140,0,1.22377543162212,0.00795924103788845
140,1,0.78845736036427,0.00795924103788845
140,0,1.06471073699243,0.00795924103788845
140,0,1.79175946922805,0.00795924103788845
140,0,0.53062825106217,0.00795924103788845
140,0,1.3609765531356,0.00795924103788845
140,0,2.42480272571829,0.00795924103788845
140,1,1.22377543162212,0.00795924103788845
140,0,1.7404661748405,0.00795924103788845
140,1,-0.693147180559945,0.00795924103788845
140,0,1.75785791755237,0.00795924103788845
140,1,-0.105360515657826,0.00795924103788845
140,0,1.30833281965018,0.00795924103788845
140,0,3.16547504814109,0.00795924103788845
140,0,1.48160454092422,0.00795924103788845
140,0,1.09861228866811,0.00795924103788845
140,0,1.64865862558738,0.00795924103788845
140,0,0.832909122935104,0.00795924103788845
140,0,1.80828877117927,0.00795924103788845
140,0,1.41098697371026,0.00795924103788845
140,0,1.7227665977411,0.00795924103788845
140,0,1.1314021114911,0.00795924103788845
140,0,2.63188884013665,0.00795924103788845
140,0,1.48160454092422,0.00795924103788845
140,0,2.04122032885964,0.00795924103788845
140,0,0.78845736036427,0.00795924103788845
140,0,2.04122032885964,0.00795924103788845
140,0,2.8094026953625,0.00795924103788845
140,0,1.52605630349505,0.00795924103788845
140,0,1.38629436111989,0.00795924103788845
140,0,1.6094379124341,0.00795924103788845
140,0,2.39789527279837,0.00795924103788845
140,1,0,0.00795924103788845
140,0,1.7227665977411,0.00795924103788845
140,0,0.693147180559945,0.00795924103788845
140,1,0.53062825106217,0.00795924103788845
140,0,1.54756250871601,0.00795924103788845
140,0,1.56861591791385,0.00795924103788845
140,0,1.1314021114911,0.00795924103788845
140,0,0.993251773010283,0.00795924103788845
140,0,1.54756250871601,0.00795924103788845
140,0,0.641853886172395,0.00795924103788845
140,0,1.38629436111989,0.00795924103788845
140,0,1.38629436111989,0.00795924103788845
140,0,0.470003629245736,0.00795924103788845
140,0,1.48160454092422,0.00795924103788845
140,0,1.16315080980568,0.00795924103788845
140,0,0.916290731874155,0.00795924103788845
145,0,1.30833281965018,0.562212413782689
145,0,2.15176220325946,0.562212413782689
145,0,2.2082744135228,0.562212413782689
145,0,1.25276296849537,0.562212413782689
145,1,1.58923520511658,0.562212413782689
145,1,0.832909122935104,0.562212413782689
148,0,1.54756250871601,-0.261468665635878
148,1,1.06471073699243,-0.261468665635878
148,1,1.33500106673234,-0.261468665635878
148,0,0.470003629245736,-0.261468665635878
148,1,-0.105360515657826,-0.261468665635878
153,0,1.1314021114911,-0.559520542471416
153,0,1.30833281965018,-0.559520542471416
153,0,0.832909122935104,-0.559520542471416
187,0,0.262364264467491,-0.485931405483152
187,1,0.53062825106217,-0.485931405483152
187,0,1.06471073699243,-0.485931405483152
187,1,0.182321556793955,-0.485931405483152
187,1,0.693147180559945,-0.485931405483152
187,1,0.832909122935104,-0.485931405483152
154,0,1.48160454092422,-0.485931405483152
187,1,0.336472236621213,-0.485931405483152
187,1,-0.105360515657826,-0.485931405483152
187,1,0,-0.485931405483152
154,0,0.955511445027436,-0.485931405483152
187,1,0,-0.485931405483152
187,0,0.916290731874155,-0.485931405483152
187,1,0.741937344729377,-0.485931405483152
187,1,0.470003629245736,-0.485931405483152
154,0,0.916290731874155,-0.485931405483152
187,0,-0.356674943938732,-0.485931405483152
154,0,0.641853886172395,-0.485931405483152
154,0,0.693147180559945,-0.485931405483152
187,0,0.336472236621213,-0.485931405483152
187,1,-0.22314355131421,-0.485931405483152
187,1,-0.356674943938732,-0.485931405483152
154,0,1.22377543162212,-0.485931405483152
154,0,0.182321556793955,-0.485931405483152
187,1,0.262364264467491,-0.485931405483152
154,0,2.2512917986065,-0.485931405483152
154,0,0.336472236621213,-0.485931405483152
187,1,-0.105360515657826,-0.485931405483152
187,1,0.641853886172395,-0.485931405483152
154,0,0.993251773010283,-0.485931405483152
154,0,0.993251773010283,-0.485931405483152
155,0,2.14006616349627,0.379866918940402
155,0,2.73436750941958,0.379866918940402
155,0,2.58021682959233,0.379866918940402
155,0,1.62924053973028,0.379866918940402
155,0,1.09861228866811,0.379866918940402
162,0,1.3609765531356,0.0468969445882487
162,0,0.993251773010283,0.0468969445882487
162,0,2.07944154167984,0.0468969445882487
162,0,0.641853886172395,0.0468969445882487
163,0,1.43508452528932,0.195550336040295
163,0,2.51769647261099,0.195550336040295
163,0,1.91692261218206,0.195550336040295
163,0,2.43361335540045,0.195550336040295
166,0,1.94591014905531,0.0882187311774796
166,1,0,0.0882187311774796
166,1,1.52605630349505,0.0882187311774796
33,1,0.262364264467491,-0.665483376577472
33,1,1.52605630349505,-0.665483376577472
168,0,0.587786664902119,-0.665483376577472
168,0,0.0953101798043249,-0.665483376577472
168,1,0.0953101798043249,-0.665483376577472
168,0,0.405465108108164,-0.665483376577472
168,1,0.336472236621213,-0.665483376577472
168,1,1.06471073699243,-0.665483376577472
168,1,0.741937344729377,-0.665483376577472
175,1,2.43361335540045,0.381739194780127
175,0,2.77881927199042,0.381739194780127
181,0,-0.510825623765991,-0.509533126067787
181,0,-0.510825623765991,-0.509533126067787
181,1,0.336472236621213,-0.509533126067787
181,0,0.53062825106217,-0.509533126067787
181,0,0.336472236621213,-0.509533126067787
181,0,0.470003629245736,-0.509533126067787
181,0,1.97408102602201,-0.509533126067787
181,0,1.06471073699243,-0.509533126067787
181,0,0,-0.509533126067787
182,0,2.32238772029023,-0.501284617598835
182,1,1.48160454092422,-0.501284617598835
182,1,1.09861228866811,-0.501284617598835
182,0,1.22377543162212,-0.501284617598835
185,1,1.45861502269952,0.273562863890897
185,0,2.53369681395743,0.273562863890897
185,0,1.38629436111989,0.273562863890897
185,0,1.52605630349505,0.273562863890897
185,0,1.22377543162212,0.273562863890897
190,0,2.07944154167984,0.507022400672956
190,0,2.37024374146786,0.507022400672956
190,0,2.86789890204411,0.507022400672956
190,1,1.28093384546206,0.507022400672956
197,0,2.19722457733622,0.459946980240993
197,0,2.4932054526027,0.459946980240993
197,0,1.64865862558738,0.459946980240993
197,1,1.94591014905531,0.459946980240993
197,0,1.54756250871601,0.459946980240993
197,0,1.64865862558738,0.459946980240993
197,0,1.88706964903238,0.459946980240993
197,0,1.77495235091167,0.459946980240993
212,0,0.641853886172395,0.223751366557094
212,0,0.262364264467491,0.223751366557094
212,0,1.50407739677627,0.223751366557094
212,0,0.8754687373539,0.223751366557094
212,1,-2.30258509299405,0.223751366557094
212,0,1.06471073699243,0.223751366557094
212,0,2.37024374146786,0.223751366557094
212,0,2.30258509299405,0.223751366557094
212,1,3.23867845216438,0.223751366557094
212,0,1.38629436111989,0.223751366557094
212,0,2.34180580614733,0.223751366557094
212,1,0.182321556793955,0.223751366557094
212,1,0.53062825106217,0.223751366557094
372,0,0.916290731874155,0.232198431866447
372,1,0.336472236621213,0.232198431866447
372,0,2.14006616349627,0.232198431866447
200,0,1.38629436111989,0.232198431866447
372,0,1.19392246847243,0.232198431866447
372,0,2.16332302566054,0.232198431866447
372,0,0.916290731874155,0.232198431866447
372,0,1.43508452528932,0.232198431866447
372,1,0.832909122935104,0.232198431866447
372,0,0.916290731874155,0.232198431866447
204,0,1.06471073699243,0.107831460357997
204,1,0,0.107831460357997
204,1,0.405465108108164,0.107831460357997
204,1,0.182321556793955,0.107831460357997
204,1,0.470003629245736,0.107831460357997
204,0,2.12823170584927,0.107831460357997
204,0,3.87743156065853,0.107831460357997
204,1,0,0.107831460357997
204,0,3.17387845893747,0.107831460357997
205,0,2.02814824729229,0.247180339142429
205,0,2.23001440015921,0.247180339142429
205,0,1.91692261218206,0.247180339142429
205,1,-0.510825623765991,0.247180339142429
205,0,0.470003629245736,0.247180339142429
205,0,-0.510825623765991,0.247180339142429
205,0,1.43508452528932,0.247180339142429
213,0,1.19392246847243,0.117107251810353
213,0,0.8754687373539,0.117107251810353
213,0,1.98787434815435,0.117107251810353
213,0,1.38629436111989,0.117107251810353
213,0,0.78845736036427,0.117107251810353
221,1,0.405465108108164,-0.093721841881117
221,1,0.262364264467491,-0.093721841881117
219,1,-0.510825623765991,-0.093721841881117
221,1,0.0953101798043249,-0.093721841881117
221,1,0.182321556793955,-0.093721841881117
221,1,0.405465108108164,-0.093721841881117
219,0,1.75785791755237,-0.093721841881117
221,1,0.405465108108164,-0.093721841881117
229,0,0.405465108108164,0.0109270813997772
229,1,1.1314021114911,0.0109270813997772
229,0,1.38629436111989,0.0109270813997772
229,0,0.78845736036427,0.0109270813997772
229,0,1.1314021114911,0.0109270813997772
229,0,1.50407739677627,0.0109270813997772
229,0,1.6094379124341,0.0109270813997772
229,0,1.06471073699243,0.0109270813997772
229,0,0.916290731874155,0.0109270813997772
232,0,0.741937344729377,0.335142781859153
232,0,2.39789527279837,0.335142781859153
232,0,1.52605630349505,0.335142781859153
232,1,0.336472236621213,0.335142781859153
232,0,2.23001440015921,0.335142781859153
232,0,1.87180217690159,0.335142781859153
232,1,0.182321556793955,0.335142781859153
232,0,2.21920348405499,0.335142781859153
232,0,1.1314021114911,0.335142781859153
232,0,2.37024374146786,0.335142781859153
232,0,2.09186406167839,0.335142781859153
232,0,0.78845736036427,0.335142781859153
232,0,3.18221184049661,0.335142781859153
233,0,2.50143595173921,0.463803196229086
238,0,2.10413415427021,0.323184342294278
238,0,1.45861502269952,0.323184342294278
238,0,2.76000994003292,0.323184342294278
238,0,2.3887627892351,0.323184342294278
240,0,1.84054963339749,0.46999112916761
240,0,1.70474809223843,0.46999112916761
240,0,2.28238238567653,0.46999112916761
243,0,2.10413415427021,0.339125855515343
243,0,0.53062825106217,0.339125855515343
243,1,0.53062825106217,0.339125855515343
248,0,2.42480272571829,0.318642804152193
248,0,1.62924053973028,0.318642804152193
248,1,0.587786664902119,0.318642804152193
248,0,0.8754687373539,0.318642804152193
248,1,0.182321556793955,0.318642804152193
248,0,1.43508452528932,0.318642804152193
248,0,2.09186406167839,0.318642804152193
248,0,0.78845736036427,0.318642804152193
248,0,1.50407739677627,0.318642804152193
248,0,1.3609765531356,0.318642804152193
248,0,1.19392246847243,0.318642804152193
248,0,0.741937344729377,0.318642804152193
248,0,2.2512917986065,0.318642804152193
248,0,1.09861228866811,0.318642804152193
248,0,1.52605630349505,0.318642804152193
248,0,2.31253542384721,0.318642804152193
248,0,1.09861228866811,0.318642804152193
248,0,0.955511445027436,0.318642804152193
248,0,0.955511445027436,0.318642804152193
248,1,-0.356674943938732,0.318642804152193
248,0,1.87180217690159,0.318642804152193
248,0,0.182321556793955,0.318642804152193
248,0,2.06686275947298,0.318642804152193
253,0,1.19392246847243,-0.0889765794629622
253,0,2.4932054526027,-0.0889765794629622
253,0,1.02961941718116,-0.0889765794629622
253,1,2.54160199346455,-0.0889765794629622
253,0,1.45861502269952,-0.0889765794629622
253,1,0.182321556793955,-0.0889765794629622
253,1,0.78845736036427,-0.0889765794629622
253,0,1.3609765531356,-0.0889765794629622
259,1,1.33500106673234,0.0282433743386983
259,1,-0.916290731874155,0.0282433743386983
259,0,1.77495235091167,0.0282433743386983
268,1,0.262364264467491,-0.0519851125859529
268,0,0.693147180559945,-0.0519851125859529
268,0,0.262364264467491,-0.0519851125859529
221,1,0.53062825106217,-0.0519851125859529
221,1,-0.22314355131421,-0.0519851125859529
268,0,0.470003629245736,-0.0519851125859529
268,0,1.43508452528932,-0.0519851125859529
221,1,0.78845736036427,-0.0519851125859529
268,0,1.06471073699243,-0.0519851125859529
221,1,0.182321556793955,-0.0519851125859529
269,1,1.48160454092422,0.538724797157947
269,0,2.50143595173921,0.538724797157947
269,0,2.2512917986065,0.538724797157947
269,0,0.587786664902119,0.538724797157947
272,1,0.955511445027436,0.339951889885462
272,0,2.27212588550934,0.339951889885462
272,1,0.405465108108164,0.339951889885462
272,0,1.94591014905531,0.339951889885462
273,0,1.25276296849537,0.353926169517459
273,0,1.3609765531356,0.353926169517459
281,0,1.28093384546206,-0.276640587948423
281,0,1.30833281965018,-0.276640587948423
281,0,1.41098697371026,-0.276640587948423
281,0,1.96009478404727,-0.276640587948423
281,0,1.6094379124341,-0.276640587948423
281,0,1.7227665977411,-0.276640587948423
281,0,1.45861502269952,-0.276640587948423
281,1,0.53062825106217,-0.276640587948423
281,0,0.0953101798043249,-0.276640587948423
281,0,1.93152141160321,-0.276640587948423
281,0,1.02961941718116,-0.276640587948423
281,0,1.02961941718116,-0.276640587948423
281,0,0.262364264467491,-0.276640587948423
281,0,1.3609765531356,-0.276640587948423
281,0,0.78845736036427,-0.276640587948423
281,0,1.84054963339749,-0.276640587948423
281,0,1.28093384546206,-0.276640587948423
281,0,1.16315080980568,-0.276640587948423
281,0,0.262364264467491,-0.276640587948423
281,0,1.28093384546206,-0.276640587948423
281,0,1.66770682055808,-0.276640587948423
281,1,2.32238772029023,-0.276640587948423
281,0,0.262364264467491,-0.276640587948423
281,1,1.06471073699243,-0.276640587948423
281,0,0.832909122935104,-0.276640587948423
281,0,0.955511445027436,-0.276640587948423
281,0,1.7227665977411,-0.276640587948423
281,0,-0.22314355131421,-0.276640587948423
281,0,2.16332302566054,-0.276640587948423
281,0,0.993251773010283,-0.276640587948423
281,0,0.262364264467491,-0.276640587948423
281,0,0.587786664902119,-0.276640587948423
194,1,1.70474809223843,0.433352611595055
194,1,-0.510825623765991,0.433352611595055
194,1,1.85629799036563,0.433352611595055
194,1,-0.510825623765991,0.433352611595055
194,1,0.262364264467491,0.433352611595055
287,1,3.03495298670727,0.433352611595055
287,0,1.3609765531356,0.433352611595055
287,0,2.01490302054226,0.433352611595055
287,0,2.19722457733622,0.433352611595055
287,0,0.693147180559945,0.433352611595055
288,1,1.77495235091167,0.446690221365142
288,0,0.78845736036427,0.446690221365142
288,0,1.80828877117927,0.446690221365142
290,0,1.56861591791385,0.272360291153969
290,0,1.87180217690159,0.272360291153969
290,0,2.10413415427021,0.272360291153969
290,0,2.94968833505258,0.272360291153969
290,0,2.05412373369555,0.272360291153969
290,0,1.54756250871601,0.272360291153969
290,0,1.7404661748405,0.272360291153969
290,1,0.916290731874155,0.272360291153969
290,0,2.28238238567653,0.272360291153969
290,0,1.64865862558738,0.272360291153969
290,0,1.1314021114911,0.272360291153969
293,0,2.14006616349627,0.585328089525448
293,0,0.53062825106217,0.585328089525448
295,0,1.02961941718116,-0.0954893958625634
295,1,1.45861502269952,-0.0954893958625634
295,1,1.30833281965018,-0.0954893958625634
295,0,1.30833281965018,-0.0954893958625634
295,0,1.16315080980568,-0.0954893958625634
295,1,1.48160454092422,-0.0954893958625634
295,1,1.80828877117927,-0.0954893958625634
295,1,1.25276296849537,-0.0954893958625634
295,0,2.4423470353692,-0.0954893958625634
295,1,0.587786664902119,-0.0954893958625634
295,1,0.262364264467491,-0.0954893958625634
295,0,1.41098697371026,-0.0954893958625634
295,1,0.182321556793955,-0.0954893958625634
295,0,2.34180580614733,-0.0954893958625634
322,0,0.741937344729377,-0.325608263860011
322,0,0.641853886172395,-0.325608263860011
322,0,0.641853886172395,-0.325608263860011
322,0,1.87180217690159,-0.325608263860011
322,0,1.02961941718116,-0.325608263860011
322,0,1.1314021114911,-0.325608263860011
322,0,0.641853886172395,-0.325608263860011
322,0,0,-0.325608263860011
322,0,0.741937344729377,-0.325608263860011
322,0,1.16315080980568,-0.325608263860011
322,0,-0.22314355131421,-0.325608263860011
322,0,0.53062825106217,-0.325608263860011
322,0,1.22377543162212,-0.325608263860011
322,0,0.587786664902119,-0.325608263860011
322,0,-0.105360515657826,-0.325608263860011
322,0,0.741937344729377,-0.325608263860011
322,0,0.405465108108164,-0.325608263860011
322,0,0.405465108108164,-0.325608263860011
322,0,0.641853886172395,-0.325608263860011
322,0,1.22377543162212,-0.325608263860011
322,1,-0.510825623765991,-0.325608263860011
322,0,0.916290731874155,-0.325608263860011
322,0,1.02961941718116,-0.325608263860011
322,0,0.587786664902119,-0.325608263860011
322,1,0,-0.325608263860011
322,0,1.22377543162212,-0.325608263860011
322,0,-1.20397280432594,-0.325608263860011
322,0,0.832909122935104,-0.325608263860011
322,0,0.78845736036427,-0.325608263860011
322,0,0.405465108108164,-0.325608263860011
322,0,-0.22314355131421,-0.325608263860011
322,0,1.45861502269952,-0.325608263860011
322,0,0.470003629245736,-0.325608263860011
322,1,0.78845736036427,-0.325608263860011
322,0,1.09861228866811,-0.325608263860011
322,0,0.641853886172395,-0.325608263860011
322,0,0.470003629245736,-0.325608263860011
322,1,0.182321556793955,-0.325608263860011
33,0,1.41098697371026,-0.325608263860011
322,0,0.832909122935104,-0.325608263860011
322,0,1.48160454092422,-0.325608263860011
322,0,1.22377543162212,-0.325608263860011
322,1,0,-0.325608263860011
322,0,-0.356674943938732,-0.325608263860011
33,0,0.470003629245736,-0.325608263860011
322,0,1.25276296849537,-0.325608263860011
322,0,0,-0.325608263860011
322,0,1.70474809223843,-0.325608263860011
322,0,0.470003629245736,-0.325608263860011
322,0,-0.105360515657826,-0.325608263860011
322,0,0.916290731874155,-0.325608263860011
322,0,0.916290731874155,-0.325608263860011
322,0,0.8754687373539,-0.325608263860011
322,0,1.54756250871601,-0.325608263860011
322,0,1.16315080980568,-0.325608263860011
322,1,-0.22314355131421,-0.325608263860011
322,0,1.48160454092422,-0.325608263860011
322,0,1.52605630349505,-0.325608263860011
322,0,0.470003629245736,-0.325608263860011
322,0,1.38629436111989,-0.325608263860011
322,1,0.832909122935104,-0.325608263860011
322,0,0.53062825106217,-0.325608263860011
322,0,2.17475172148416,-0.325608263860011
322,1,0.53062825106217,-0.325608263860011
322,0,0.405465108108164,-0.325608263860011
322,1,0.641853886172395,-0.325608263860011
322,0,2.41591377830105,-0.325608263860011
322,0,0.470003629245736,-0.325608263860011
322,0,1.54756250871601,-0.325608263860011
322,0,1.70474809223843,-0.325608263860011
322,0,0.182321556793955,-0.325608263860011
322,0,1.30833281965018,-0.325608263860011
322,1,1.98787434815435,-0.325608263860011
322,0,0.182321556793955,-0.325608263860011
33,0,0.832909122935104,-0.325608263860011
322,0,1.19392246847243,-0.325608263860011
322,0,1.22377543162212,-0.325608263860011
322,0,1.30833281965018,-0.325608263860011
322,0,0.587786664902119,-0.325608263860011
322,1,-0.105360515657826,-0.325608263860011
322,0,2.46809953147162,-0.325608263860011
33,0,0.0953101798043249,-0.325608263860011
322,0,1.06471073699243,-0.325608263860011
322,1,1.28093384546206,-0.325608263860011
322,0,-0.105360515657826,-0.325608263860011
322,0,0.693147180559945,-0.325608263860011
322,0,1.1314021114911,-0.325608263860011
322,0,0.641853886172395,-0.325608263860011
322,0,1.16315080980568,-0.325608263860011
322,0,0.405465108108164,-0.325608263860011
322,1,0.587786664902119,-0.325608263860011
322,0,1.7404661748405,-0.325608263860011
322,0,1.25276296849537,-0.325608263860011
322,0,0.470003629245736,-0.325608263860011
322,0,2.40694510831829,-0.325608263860011
322,0,2.70805020110221,-0.325608263860011
322,0,0.78845736036427,-0.325608263860011
33,0,0.78845736036427,-0.325608263860011
322,0,0.470003629245736,-0.325608263860011
322,0,0.336472236621213,-0.325608263860011
322,0,0,-0.325608263860011
322,0,1.98787434815435,-0.325608263860011
110,0,0.78845736036427,-0.325608263860011
322,0,0.336472236621213,-0.325608263860011
322,0,0.470003629245736,-0.325608263860011
322,0,2.17475172148416,-0.325608263860011
322,0,0.8754687373539,-0.325608263860011
322,0,0.916290731874155,-0.325608263860011
322,0,0.182321556793955,-0.325608263860011
322,0,0.262364264467491,-0.325608263860011
33,1,-0.510825623765991,-0.325608263860011
322,0,2.16332302566054,-0.325608263860011
322,0,0.641853886172395,-0.325608263860011
33,0,0.53062825106217,-0.325608263860011
322,1,-0.510825623765991,-0.325608263860011
322,0,1.28093384546206,-0.325608263860011
322,1,1.19392246847243,-0.325608263860011
33,0,1.06471073699243,-0.325608263860011
33,0,0.78845736036427,-0.325608263860011
322,0,0.641853886172395,-0.325608263860011
33,0,1.38629436111989,-0.325608263860011
33,0,1.16315080980568,-0.325608263860011
322,0,-0.510825623765991,-0.325608263860011
33,0,1.09861228866811,-0.325608263860011
322,0,0.182321556793955,-0.325608263860011
33,0,0.993251773010283,-0.325608263860011
33,1,0.470003629245736,-0.325608263860011
322,1,-0.693147180559945,-0.325608263860011
110,0,0.8754687373539,-0.325608263860011
322,0,3.47506723022861,-0.325608263860011
33,1,0,-0.325608263860011
33,1,0.262364264467491,-0.325608263860011
322,0,1.16315080980568,-0.325608263860011
33,0,1.43508452528932,-0.325608263860011
322,0,1.62924053973028,-0.325608263860011
305,1,0.78845736036427,0.15284983409421
305,0,2.33214389523559,0.15284983409421
305,1,0.741937344729377,0.15284983409421
306,0,1.77495235091167,0.15284983409421
305,1,2.96527306606928,0.15284983409421
305,0,2.4423470353692,0.15284983409421
305,0,0.741937344729377,0.15284983409421
305,1,2.21920348405499,0.15284983409421
306,1,-0.356674943938732,0.15284983409421
305,0,1.19392246847243,0.15284983409421
305,0,0.262364264467491,0.15284983409421
306,1,-0.22314355131421,0.15284983409421
306,0,1.91692261218206,0.15284983409421
305,0,0.832909122935104,0.15284983409421
305,0,3.23080439573347,0.15284983409421
305,0,1.70474809223843,0.15284983409421
305,0,1.48160454092422,0.15284983409421
309,0,1.06471073699243,-0.502726840953963
309,0,0.53062825106217,-0.502726840953963
309,0,0.8754687373539,-0.502726840953963
309,0,1.16315080980568,-0.502726840953963
309,0,1.56861591791385,-0.502726840953963
309,0,1.64865862558738,-0.502726840953963
309,0,1.19392246847243,-0.502726840953963
309,0,0.955511445027436,-0.502726840953963
311,0,0.470003629245736,0.313137808423569
311,0,1.58923520511658,0.313137808423569
311,0,1.41098697371026,0.313137808423569
311,0,1.62924053973028,0.313137808423569
328,0,0.336472236621213,0.201666563057731
328,0,2.01490302054226,0.201666563057731
328,1,0.832909122935104,0.201666563057731
328,0,1.87180217690159,0.201666563057731
328,0,2.02814824729229,0.201666563057731
328,0,0.78845736036427,0.201666563057731
328,0,1.22377543162212,0.201666563057731
328,0,1.62924053973028,0.201666563057731
328,0,1.90210752639692,0.201666563057731
328,0,2.01490302054226,0.201666563057731
328,0,2.68102152871429,0.201666563057731
328,0,2.12823170584927,0.201666563057731
328,0,1.62924053973028,0.201666563057731
328,0,0.693147180559945,0.201666563057731
328,0,1.96009478404727,0.201666563057731
328,0,1.33500106673234,0.201666563057731
328,0,2.32238772029023,0.201666563057731
328,1,0.993251773010283,0.201666563057731
328,0,1.75785791755237,0.201666563057731
328,0,1.62924053973028,0.201666563057731
328,1,0.0953101798043249,0.201666563057731
328,0,1.22377543162212,0.201666563057731
328,0,0.993251773010283,0.201666563057731
328,1,0.470003629245736,0.201666563057731
328,0,0.641853886172395,0.201666563057731
329,0,1.64865862558738,0.343384009477464
329,0,2.16332302566054,0.343384009477464
329,0,2.00148000021012,0.343384009477464
329,0,1.09861228866811,0.343384009477464
329,0,2.14006616349627,0.343384009477464
329,0,0.470003629245736,0.343384009477464
329,0,1.30833281965018,0.343384009477464
329,0,1.33500106673234,0.343384009477464
329,0,1.50407739677627,0.343384009477464
329,0,2.37024374146786,0.343384009477464
331,0,1.52605630349505,0.531357396935404
331,0,2.09186406167839,0.531357396935404
339,0,0.470003629245736,0.386397810390911
339,0,1.1314021114911,0.386397810390911
339,0,1.58923520511658,0.386397810390911
339,0,0.916290731874155,0.386397810390911
346,0,1.93152141160321,0.0528201281833728
346,0,0.78845736036427,0.0528201281833728
346,1,1.80828877117927,0.0528201281833728
349,0,1.91692261218206,0.556617010378854
349,1,1.09861228866811,0.556617010378854
349,0,1.41098697371026,0.556617010378854
349,0,2.96527306606928,0.556617010378854
358,0,2.27212588550934,0.232642295068756
358,0,1.79175946922805,0.232642295068756
358,0,2.45100509811232,0.232642295068756
358,0,1.16315080980568,0.232642295068756
358,0,2.2082744135228,0.232642295068756
358,0,2.14006616349627,0.232642295068756
358,1,0.182321556793955,0.232642295068756
359,1,-0.22314355131421,-0.493196926371479
359,0,1.56861591791385,-0.493196926371479
359,0,1.58923520511658,-0.493196926371479
359,1,1.19392246847243,-0.493196926371479
359,0,1.09861228866811,-0.493196926371479
364,0,2.24070968927596,0.290173965106758
364,1,0,0.290173965106758
364,0,0.587786664902119,0.290173965106758
364,0,-0.693147180559945,0.290173965106758
365,0,3.02042488614436,-0.0378306397531399
365,0,1.54756250871601,-0.0378306397531399
365,0,1.90210752639692,-0.0378306397531399
365,0,0.832909122935104,-0.0378306397531399
365,0,0.336472236621213,-0.0378306397531399
365,0,0.916290731874155,-0.0378306397531399
365,0,1.80828877117927,-0.0378306397531399
365,0,1.84054963339749,-0.0378306397531399
365,1,0.587786664902119,-0.0378306397531399
365,0,2.05412373369555,-0.0378306397531399
365,0,1.88706964903238,-0.0378306397531399
365,1,0.262364264467491,-0.0378306397531399
365,0,1.06471073699243,-0.0378306397531399
365,0,1.56861591791385,-0.0378306397531399
365,0,0.693147180559945,-0.0378306397531399
365,0,0.641853886172395,-0.0378306397531399
365,1,0.262364264467491,-0.0378306397531399
365,0,0.53062825106217,-0.0378306397531399
365,0,-0.105360515657826,-0.0378306397531399
365,0,0.587786664902119,-0.0378306397531399
365,0,2.50959926237837,-0.0378306397531399
365,0,2.37954613413017,-0.0378306397531399
365,0,0.916290731874155,-0.0378306397531399
365,1,-0.105360515657826,-0.0378306397531399
365,0,0.693147180559945,-0.0378306397531399
365,0,1.68639895357023,-0.0378306397531399
365,0,2.60268968544438,-0.0378306397531399
365,0,1.48160454092422,-0.0378306397531399
365,0,0.0953101798043249,-0.0378306397531399
365,0,0.641853886172395,-0.0378306397531399
365,0,0.470003629245736,-0.0378306397531399
365,0,2.33214389523559,-0.0378306397531399
365,0,0.78845736036427,-0.0378306397531399
365,0,1.88706964903238,-0.0378306397531399
365,1,0.955511445027436,-0.0378306397531399
365,0,1.3609765531356,-0.0378306397531399
365,0,1.09861228866811,-0.0378306397531399
365,0,1.22377543162212,-0.0378306397531399
365,0,2.29253475714054,-0.0378306397531399
365,0,1.33500106673234,-0.0378306397531399
365,0,1.79175946922805,-0.0378306397531399
365,0,2.15176220325946,-0.0378306397531399
365,0,1.90210752639692,-0.0378306397531399
365,0,1.3609765531356,-0.0378306397531399
365,0,1.56861591791385,-0.0378306397531399
365,0,1.6094379124341,-0.0378306397531399
366,1,1.75785791755237,0.263210060527293
366,0,2.63188884013665,0.263210060527293
366,1,2.33214389523559,0.263210060527293
374,0,2.24070968927596,0.312047802353535
376,1,-0.510825623765991,0.524237284033606
376,0,2.45958884180371,0.524237284033606
376,0,1.56861591791385,0.524237284033606
376,0,1.98787434815435,0.524237284033606
376,0,1.56861591791385,0.524237284033606
376,0,1.25276296849537,0.524237284033606
376,1,-0.22314355131421,0.524237284033606
376,0,2.04122032885964,0.524237284033606
376,1,0.641853886172395,0.524237284033606
376,0,2.47653840011748,0.524237284033606
376,0,2.33214389523559,0.524237284033606
376,0,2.43361335540045,0.524237284033606
376,0,1.43508452528932,0.524237284033606
380,0,1.62924053973028,0.0138131575520509
380,0,1.87180217690159,0.0138131575520509
380,0,1.16315080980568,0.0138131575520509
380,0,1.68639895357023,0.0138131575520509
380,0,1.52605630349505,0.0138131575520509
380,1,0.8754687373539,0.0138131575520509
380,0,1.64865862558738,0.0138131575520509
380,0,2.00148000021012,0.0138131575520509
380,0,0.832909122935104,0.0138131575520509
380,0,0.78845736036427,0.0138131575520509
380,0,2.26176309847379,0.0138131575520509
380,0,2.77258872223978,0.0138131575520509
380,0,1.91692261218206,0.0138131575520509
383,0,1.09861228866811,0.42303648985639
351,0,3.21486780347066,0.42303648985639
351,1,1.85629799036563,0.42303648985639
351,1,2.19722457733622,0.42303648985639
351,1,1.50407739677627,0.42303648985639
351,1,0.470003629245736,0.42303648985639
351,1,2.09186406167839,0.42303648985639
351,1,1.56861591791385,0.42303648985639
351,0,0.182321556793955,0.42303648985639
351,0,1.98787434815435,0.42303648985639
351,1,0.993251773010283,0.42303648985639
383,0,1.33500106673234,0.42303648985639
1,0,0.336472236621213,0.636169338651198
1,0,0.832909122935104,0.636169338651198
1,1,1.7404661748405,0.636169338651198
1,1,0.993251773010283,0.636169338651198
1,1,0.832909122935104,0.636169338651198
1,0,-0.356674943938732,0.636169338651198
6,0,-0.510825623765991,0.779998961481467
6,0,3.3357695763397,0.779998961481467
6,1,0.262364264467491,0.779998961481467
6,0,1.7227665977411,0.779998961481467
6,1,0.262364264467491,0.779998961481467
6,1,0.955511445027436,0.779998961481467
10,1,2.23001440015921,0.85087716132583
10,1,3.09557760852371,0.85087716132583
10,1,0.8754687373539,0.85087716132583
10,0,2.28238238567653,0.85087716132583
11,0,-0.693147180559945,0.754881774364782
11,9,0.693147180559945,0.754881774364782
11,0,0.693147180559945,0.754881774364782
11,1,-1.6094379124341,0.754881774364782
11,1,-0.916290731874155,0.754881774364782
11,0,-0.356674943938732,0.754881774364782
15,0,0.741937344729377,0.639967898288464
15,1,0.405465108108164,0.639967898288464
15,1,0.262364264467491,0.639967898288464
15,1,1.52605630349505,0.639967898288464
15,1,0.262364264467491,0.639967898288464
15,0,-0.356674943938732,0.639967898288464
15,0,0.8754687373539,0.639967898288464
15,0,1.43508452528932,0.639967898288464
15,1,-0.916290731874155,0.639967898288464
15,1,0.641853886172395,0.639967898288464
17,1,-0.356674943938732,0.721778368234077
17,1,1.06471073699243,0.721778368234077
17,1,-0.916290731874155,0.721778368234077
17,1,-0.105360515657826,0.721778368234077
17,1,-0.916290731874155,0.721778368234077
17,0,1.25276296849537,0.721778368234077
17,1,0.0953101798043249,0.721778368234077
17,0,0.0953101798043249,0.721778368234077
17,1,-0.693147180559945,0.721778368234077
17,1,-0.356674943938732,0.721778368234077
18,1,-0.22314355131421,0.723710332642227
18,0,1.30833281965018,0.723710332642227
18,1,0.405465108108164,0.723710332642227
18,1,0.8754687373539,0.723710332642227
18,1,-0.105360515657826,0.723710332642227
18,0,1.96009478404727,0.723710332642227
18,0,-0.510825623765991,0.723710332642227
18,0,0.955511445027436,0.723710332642227
18,0,1.84054963339749,0.723710332642227
18,1,0.336472236621213,0.723710332642227
18,0,1.41098697371026,0.723710332642227
25,1,0.336472236621213,0.557000943636487
25,1,-2.30258509299405,0.557000943636487
25,1,-0.916290731874155,0.557000943636487
25,0,0,0.557000943636487
25,1,0.336472236621213,0.557000943636487
25,1,-0.105360515657826,0.557000943636487
25,0,0.587786664902119,0.557000943636487
34,1,0,0.740755694474671
34,0,-0.916290731874155,0.740755694474671
34,0,1.64865862558738,0.740755694474671
34,0,0.832909122935104,0.740755694474671
34,0,0.0953101798043249,0.740755694474671
34,0,-0.510825623765991,0.740755694474671
34,0,1.45861502269952,0.740755694474671
34,1,0.693147180559945,0.740755694474671
34,1,-0.510825623765991,0.740755694474671
34,0,0.587786664902119,0.740755694474671
35,0,1.3609765531356,0.631346242154354
35,0,0.832909122935104,0.631346242154354
35,0,1.1314021114911,0.631346242154354
35,0,0.693147180559945,0.631346242154354
35,0,1.48160454092422,0.631346242154354
35,0,0.587786664902119,0.631346242154354
35,0,-0.693147180559945,0.631346242154354
35,1,0,0.631346242154354
35,1,-0.105360515657826,0.631346242154354
35,0,2.484906649788,0.631346242154354
35,0,1.7404661748405,0.631346242154354
35,0,0.336472236621213,0.631346242154354
35,0,0.182321556793955,0.631346242154354
41,0,1.97408102602201,0.733693937205732
41,1,1.22377543162212,0.733693937205732
41,1,0.916290731874155,0.733693937205732
41,0,-0.356674943938732,0.733693937205732
41,0,0,0.733693937205732
41,0,0.53062825106217,0.733693937205732
41,0,1.22377543162212,0.733693937205732
41,0,2.00148000021012,0.733693937205732
41,1,1.41098697371026,0.733693937205732
41,0,1.62924053973028,0.733693937205732
41,0,2.29253475714054,0.733693937205732
41,0,2.99573227355399,0.733693937205732
41,0,1.16315080980568,0.733693937205732
41,0,0.693147180559945,0.733693937205732
41,0,0.53062825106217,0.733693937205732
41,0,0.0953101798043249,0.733693937205732
41,0,1.79175946922805,0.733693937205732
41,0,1.96009478404727,0.733693937205732
41,0,1.02961941718116,0.733693937205732
41,0,1.25276296849537,0.733693937205732
41,0,0.587786664902119,0.733693937205732
41,1,-0.916290731874155,0.733693937205732
41,0,0.182321556793955,0.733693937205732
41,1,1.75785791755237,0.733693937205732
41,0,1.38629436111989,0.733693937205732
41,0,-0.510825623765991,0.733693937205732
41,0,-0.105360515657826,0.733693937205732
41,0,2.19722457733622,0.733693937205732
41,0,2.18605127673809,0.733693937205732
41,0,2.01490302054226,0.733693937205732
41,1,1.94591014905531,0.733693937205732
41,0,0.741937344729377,0.733693937205732
41,0,1.84054963339749,0.733693937205732
41,2,1.22377543162212,0.733693937205732
41,1,0.741937344729377,0.733693937205732
41,0,0.832909122935104,0.733693937205732
41,0,2.40694510831829,0.733693937205732
41,1,1.22377543162212,0.733693937205732
41,0,1.87180217690159,0.733693937205732
45,1,0,0.810014241283791
45,1,0,0.810014241283791
45,1,0.182321556793955,0.810014241283791
45,1,0.8754687373539,0.810014241283791
45,1,2.67414864942653,0.810014241283791
45,1,-0.22314355131421,0.810014241283791
45,0,0.693147180559945,0.810014241283791
45,0,1.22377543162212,0.810014241283791
45,1,-0.916290731874155,0.810014241283791
45,1,-2.30258509299405,0.810014241283791
45,1,-1.20397280432594,0.810014241283791
45,1,0.955511445027436,0.810014241283791
46,0,0.0953101798043249,0.710937981568494
46,1,0.955511445027436,0.710937981568494
46,0,1.28093384546206,0.710937981568494
47,0,1.28093384546206,0.681636182499012
47,0,-0.693147180559945,0.681636182499012
47,0,0.8754687373539,0.681636182499012
49,0,1.33500106673234,0.513649632497092
49,0,0.470003629245736,0.513649632497092
49,1,0.0953101798043249,0.513649632497092
49,0,0.993251773010283,0.513649632497092
49,1,-0.105360515657826,0.513649632497092
49,1,2.31253542384721,0.513649632497092
49,1,1.1314021114911,0.513649632497092
49,0,3.13113691056019,0.513649632497092
49,1,-0.22314355131421,0.513649632497092
49,1,-0.510825623765991,0.513649632497092
49,0,0.955511445027436,0.513649632497092
49,1,0.587786664902119,0.513649632497092
49,1,-0.105360515657826,0.513649632497092
49,1,1.1314021114911,0.513649632497092
49,0,0.336472236621213,0.513649632497092
49,1,1.22377543162212,0.513649632497092
49,1,0.262364264467491,0.513649632497092
49,1,0.916290731874155,0.513649632497092
49,1,-0.356674943938732,0.513649632497092
49,1,0.587786664902119,0.513649632497092
49,1,-0.916290731874155,0.513649632497092
49,0,2.19722457733622,0.513649632497092
49,1,-1.20397280432594,0.513649632497092
49,1,1.48160454092422,0.513649632497092
51,0,1.38629436111989,0.862851979742439
51,0,0.741937344729377,0.862851979742439
51,0,2.33214389523559,0.862851979742439
51,0,0,0.862851979742439
51,0,0.78845736036427,0.862851979742439
51,1,0.182321556793955,0.862851979742439
51,1,0.693147180559945,0.862851979742439
51,0,1.79175946922805,0.862851979742439
51,0,0.693147180559945,0.862851979742439
51,0,0.470003629245736,0.862851979742439
54,0,0.693147180559945,0.751260416190229
54,1,1.54756250871601,0.751260416190229
54,0,1.6094379124341,0.751260416190229
54,0,0.470003629245736,0.751260416190229
55,1,0.916290731874155,0.635094249111328
55,0,0.955511445027436,0.635094249111328
57,1,0.78845736036427,0.725846676722961
57,0,-0.356674943938732,0.725846676722961
57,1,0.0953101798043249,0.725846676722961
57,1,0.0953101798043249,0.725846676722961
57,1,-0.22314355131421,0.725846676722961
57,0,-0.22314355131421,0.725846676722961
57,1,-0.693147180559945,0.725846676722961
57,0,0.405465108108164,0.725846676722961
57,0,1.43508452528932,0.725846676722961
57,0,0.916290731874155,0.725846676722961
57,0,0.0953101798043249,0.725846676722961
57,0,2.33214389523559,0.725846676722961
57,0,0.78845736036427,0.725846676722961
57,0,0,0.725846676722961
57,1,-0.22314355131421,0.725846676722961
57,1,0.741937344729377,0.725846676722961
57,0,-0.510825623765991,0.725846676722961
57,1,0.182321556793955,0.725846676722961
57,0,0.336472236621213,0.725846676722961
57,0,1.28093384546206,0.725846676722961
57,0,0.182321556793955,0.725846676722961
57,0,0.641853886172395,0.725846676722961
57,0,0.955511445027436,0.725846676722961
57,1,-0.693147180559945,0.725846676722961
57,0,1.38629436111989,0.725846676722961
57,9,1.58923520511658,0.725846676722961
57,1,1.06471073699243,0.725846676722961
57,0,0.693147180559945,0.725846676722961
57,0,1.48160454092422,0.725846676722961
57,1,1.64865862558738,0.725846676722961
57,0,1.19392246847243,0.725846676722961
57,0,-0.105360515657826,0.725846676722961
57,1,2.31253542384721,0.725846676722961
57,0,1.19392246847243,0.725846676722961
57,0,0.336472236621213,0.725846676722961
57,0,-0.22314355131421,0.725846676722961
57,1,0.78845736036427,0.725846676722961
57,0,0.641853886172395,0.725846676722961
57,1,0.587786664902119,0.725846676722961
57,0,0.470003629245736,0.725846676722961
57,0,-0.510825623765991,0.725846676722961
57,0,-0.356674943938732,0.725846676722961
57,1,0,0.725846676722961
57,1,0,0.725846676722961
57,1,-0.105360515657826,0.725846676722961
57,0,0.693147180559945,0.725846676722961
57,1,0.53062825106217,0.725846676722961
57,0,0,0.725846676722961
57,0,1.38629436111989,0.725846676722961
57,1,-0.105360515657826,0.725846676722961
57,1,0.741937344729377,0.725846676722961
57,1,-0.510825623765991,0.725846676722961
57,0,1.52605630349505,0.725846676722961
57,0,1.48160454092422,0.725846676722961
57,0,1.1314021114911,0.725846676722961
57,0,0.262364264467491,0.725846676722961
57,0,0,0.725846676722961
59,1,0.0953101798043249,0.628075183816231
59,0,0.0953101798043249,0.628075183816231
59,1,-0.356674943938732,0.628075183816231
59,1,-0.693147180559945,0.628075183816231
59,0,-0.105360515657826,0.628075183816231
59,1,-0.22314355131421,0.628075183816231
59,1,1.66770682055808,0.628075183816231
59,1,-0.693147180559945,0.628075183816231
61,1,-0.693147180559945,0.694945562501325
61,1,0.262364264467491,0.694945562501325
61,1,1.06471073699243,0.694945562501325
61,0,0.78845736036427,0.694945562501325
65,1,-0.356674943938732,0.598940891244258
65,1,-0.22314355131421,0.598940891244258
65,1,0.641853886172395,0.598940891244258
65,1,0.741937344729377,0.598940891244258
65,0,0.262364264467491,0.598940891244258
65,1,-0.916290731874155,0.598940891244258
65,1,0,0.598940891244258
67,1,0.832909122935104,0.663847094848393
67,1,-0.105360515657826,0.663847094848393
67,1,0.741937344729377,0.663847094848393
67,1,1.43508452528932,0.663847094848393
67,1,0.0953101798043249,0.663847094848393
68,0,0.336472236621213,0.784964905199895
68,0,1.6094379124341,0.784964905199895
68,0,1.62924053973028,0.784964905199895
68,0,0.693147180559945,0.784964905199895
68,0,2.04122032885964,0.784964905199895
68,0,0.916290731874155,0.784964905199895
68,0,0.182321556793955,0.784964905199895
68,1,-0.22314355131421,0.784964905199895
68,0,1.79175946922805,0.784964905199895
68,0,1.22377543162212,0.784964905199895
68,0,0.262364264467491,0.784964905199895
68,0,0.182321556793955,0.784964905199895
68,0,0.262364264467491,0.784964905199895
68,0,0.587786664902119,0.784964905199895
68,0,1.6094379124341,0.784964905199895
68,0,0,0.784964905199895
68,0,0.832909122935104,0.784964905199895
68,0,1.09861228866811,0.784964905199895
68,0,1.88706964903238,0.784964905199895
68,1,1.28093384546206,0.784964905199895
68,0,1.41098697371026,0.784964905199895
68,0,0.955511445027436,0.784964905199895
68,0,3.04452243772342,0.784964905199895
68,1,0.693147180559945,0.784964905199895
68,0,0.262364264467491,0.784964905199895
68,0,3.23474917402449,0.784964905199895
68,0,1.28093384546206,0.784964905199895
68,0,1.75785791755237,0.784964905199895
68,1,0.916290731874155,0.784964905199895
68,0,1.06471073699243,0.784964905199895
68,1,1.7404661748405,0.784964905199895
68,0,0.262364264467491,0.784964905199895
68,1,0.405465108108164,0.784964905199895
68,0,0.916290731874155,0.784964905199895
68,1,-0.916290731874155,0.784964905199895
68,0,1.7404661748405,0.784964905199895
68,0,1.3609765531356,0.784964905199895
68,0,-0.510825623765991,0.784964905199895
68,0,1.45861502269952,0.784964905199895
68,0,2.37024374146786,0.784964905199895
68,0,0.955511445027436,0.784964905199895
68,9,0.8754687373539,0.784964905199895
68,0,0.262364264467491,0.784964905199895
68,1,-0.22314355131421,0.784964905199895
68,1,-0.693147180559945,0.784964905199895
68,0,0.741937344729377,0.784964905199895
68,0,1.88706964903238,0.784964905199895
68,0,2.28238238567653,0.784964905199895
68,0,1.45861502269952,0.784964905199895
68,0,1.50407739677627,0.784964905199895
68,0,1.54756250871601,0.784964905199895
68,0,0.470003629245736,0.784964905199895
68,0,0.470003629245736,0.784964905199895
68,0,3.03495298670727,0.784964905199895
68,0,1.25276296849537,0.784964905199895
68,0,1.64865862558738,0.784964905199895
68,0,0.693147180559945,0.784964905199895
68,0,0.832909122935104,0.784964905199895
68,0,-0.510825623765991,0.784964905199895
68,1,0.53062825106217,0.784964905199895
68,0,-0.105360515657826,0.784964905199895
68,0,0.916290731874155,0.784964905199895
68,0,2.90142159408275,0.784964905199895
68,0,1.09861228866811,0.784964905199895
68,0,1.25276296849537,0.784964905199895
68,0,1.16315080980568,0.784964905199895
68,1,1.45861502269952,0.784964905199895
68,0,0.916290731874155,0.784964905199895
68,0,-0.693147180559945,0.784964905199895
68,0,0.336472236621213,0.784964905199895
68,0,0.405465108108164,0.784964905199895
68,0,0.587786664902119,0.784964905199895
68,1,1.30833281965018,0.784964905199895
68,0,-0.510825623765991,0.784964905199895
68,1,0.641853886172395,0.784964905199895
68,1,1.38629436111989,0.784964905199895
68,0,1.77495235091167,0.784964905199895
68,0,2.36085400111802,0.784964905199895
68,0,0.993251773010283,0.784964905199895
68,0,-0.22314355131421,0.784964905199895
68,0,2.81540871942271,0.784964905199895
68,0,0.405465108108164,0.784964905199895
68,0,1.56861591791385,0.784964905199895
68,0,0.182321556793955,0.784964905199895
68,0,0.8754687373539,0.784964905199895
68,0,1.80828877117927,0.784964905199895
68,0,0.8754687373539,0.784964905199895
68,0,0.993251773010283,0.784964905199895
68,0,1.41098697371026,0.784964905199895
68,1,0,0.784964905199895
68,0,0.182321556793955,0.784964905199895
68,0,-0.693147180559945,0.784964905199895
68,0,0.993251773010283,0.784964905199895
68,1,0,0.784964905199895
71,0,1.84054963339749,0.750604438630397
71,0,0.641853886172395,0.750604438630397
71,0,0.336472236621213,0.750604438630397
71,0,0.262364264467491,0.750604438630397
74,0,0.741937344729377,0.621162337586939
74,0,0.741937344729377,0.621162337586939
74,0,1.48160454092422,0.621162337586939
74,0,-0.510825623765991,0.621162337586939
74,0,0.587786664902119,0.621162337586939
74,0,1.66770682055808,0.621162337586939
74,0,0.916290731874155,0.621162337586939
74,0,0.587786664902119,0.621162337586939
74,0,2.18605127673809,0.621162337586939
74,0,1.77495235091167,0.621162337586939
74,0,1.64865862558738,0.621162337586939
74,0,1.16315080980568,0.621162337586939
74,0,0.182321556793955,0.621162337586939
74,0,0.78845736036427,0.621162337586939
74,0,1.09861228866811,0.621162337586939
74,0,-0.693147180559945,0.621162337586939
74,0,0.262364264467491,0.621162337586939
74,0,0.53062825106217,0.621162337586939
74,0,-0.356674943938732,0.621162337586939
74,0,-0.22314355131421,0.621162337586939
74,0,-0.693147180559945,0.621162337586939
74,1,0.693147180559945,0.621162337586939
74,0,0.955511445027436,0.621162337586939
74,1,0.262364264467491,0.621162337586939
74,0,0.993251773010283,0.621162337586939
74,0,1.7227665977411,0.621162337586939
74,0,-0.510825623765991,0.621162337586939
74,0,0.336472236621213,0.621162337586939
74,0,1.7227665977411,0.621162337586939
74,0,0.336472236621213,0.621162337586939
74,0,-0.693147180559945,0.621162337586939
74,1,0.336472236621213,0.621162337586939
74,0,1.22377543162212,0.621162337586939
74,0,-1.6094379124341,0.621162337586939
77,0,1.19392246847243,0.682783664357466
77,0,0.405465108108164,0.682783664357466
77,0,1.94591014905531,0.682783664357466
77,0,-0.105360515657826,0.682783664357466
79,1,-0.105360515657826,0.61385502448541
79,0,0,0.61385502448541
79,0,0.916290731874155,0.61385502448541
79,0,2.28238238567653,0.61385502448541
79,1,-0.916290731874155,0.61385502448541
79,0,1.16315080980568,0.61385502448541
79,1,-2.30258509299405,0.61385502448541
82,1,1.02961941718116,0.664330952541905
84,1,-0.356674943938732,0.633885379681056
84,1,-0.105360515657826,0.633885379681056
84,1,0.53062825106217,0.633885379681056
84,0,0.336472236621213,0.633885379681056
86,1,1.48160454092422,0.707641626710398
86,1,1.54756250871601,0.707641626710398
86,1,-1.20397280432594,0.707641626710398
86,1,0.262364264467491,0.707641626710398
86,0,0.0953101798043249,0.707641626710398
86,0,0,0.707641626710398
86,0,0.693147180559945,0.707641626710398
87,1,1.16315080980568,0.684963787751926
87,1,-1.6094379124341,0.684963787751926
87,1,-0.510825623765991,0.684963787751926
87,0,1.06471073699243,0.684963787751926
91,1,-0.693147180559945,0.626237851276372
91,1,-0.105360515657826,0.626237851276372
91,0,0.53062825106217,0.626237851276372
91,1,-0.916290731874155,0.626237851276372
91,1,-2.30258509299405,0.626237851276372
91,0,0.470003629245736,0.626237851276372
95,1,-0.510825623765991,0.62487369311138
95,1,2.37954613413017,0.62487369311138
95,1,0.955511445027436,0.62487369311138
95,1,-0.510825623765991,0.62487369311138
95,1,0.470003629245736,0.62487369311138
95,1,-0.916290731874155,0.62487369311138
95,1,-0.356674943938732,0.62487369311138
95,1,1.94591014905531,0.62487369311138
98,1,1.16315080980568,0.653668034015632
98,0,0.336472236621213,0.653668034015632
98,1,-0.356674943938732,0.653668034015632
98,1,-0.510825623765991,0.653668034015632
98,1,0.741937344729377,0.653668034015632
98,1,-0.356674943938732,0.653668034015632
98,1,1.6094379124341,0.653668034015632
98,1,-0.693147180559945,0.653668034015632
98,1,0.262364264467491,0.653668034015632
98,1,0.182321556793955,0.653668034015632
98,1,0,0.653668034015632
98,1,0.0953101798043249,0.653668034015632
115,0,-0.693147180559945,0.599303425029785
115,0,1.28093384546206,0.599303425029785
115,0,0.405465108108164,0.599303425029785
115,0,0.0953101798043249,0.599303425029785
115,0,1.94591014905531,0.599303425029785
115,0,0.993251773010283,0.599303425029785
115,0,1.87180217690159,0.599303425029785
115,0,-0.510825623765991,0.599303425029785
115,1,-0.693147180559945,0.599303425029785
115,1,0.53062825106217,0.599303425029785
115,1,-0.510825623765991,0.599303425029785
115,0,0.641853886172395,0.599303425029785
115,0,-0.105360515657826,0.599303425029785
115,0,-0.105360515657826,0.599303425029785
115,0,0.182321556793955,0.599303425029785
115,1,-0.356674943938732,0.599303425029785
115,0,0.182321556793955,0.599303425029785
115,0,1.06471073699243,0.599303425029785
115,0,1.16315080980568,0.599303425029785
115,1,0.470003629245736,0.599303425029785
115,1,0,0.599303425029785
115,0,-0.105360515657826,0.599303425029785
115,0,-0.105360515657826,0.599303425029785
115,0,0.641853886172395,0.599303425029785
115,0,1.25276296849537,0.599303425029785
115,1,-0.693147180559945,0.599303425029785
115,0,-0.693147180559945,0.599303425029785
115,0,0.470003629245736,0.599303425029785
115,0,0.53062825106217,0.599303425029785
115,0,0.8754687373539,0.599303425029785
115,1,0.0953101798043249,0.599303425029785
115,0,1.68639895357023,0.599303425029785
115,0,0.693147180559945,0.599303425029785
115,1,0.993251773010283,0.599303425029785
115,1,-0.510825623765991,0.599303425029785
115,1,1.02961941718116,0.599303425029785
115,0,0.993251773010283,0.599303425029785
115,0,0.182321556793955,0.599303425029785
115,0,0.587786664902119,0.599303425029785
115,0,0.0953101798043249,0.599303425029785
118,0,0,0.628256597455832
118,1,-1.6094379124341,0.628256597455832
118,0,0.262364264467491,0.628256597455832
118,1,-1.6094379124341,0.628256597455832
118,1,-0.510825623765991,0.628256597455832
118,0,-0.510825623765991,0.628256597455832
118,0,-0.22314355131421,0.628256597455832
119,0,1.80828877117927,0.763116242084988
119,0,0.182321556793955,0.763116242084988
119,1,-0.105360515657826,0.763116242084988
119,0,0.916290731874155,0.763116242084988
119,1,0,0.763116242084988
129,0,0.53062825106217,0.664197142983586
129,1,0.405465108108164,0.664197142983586
129,0,0.955511445027436,0.664197142983586
129,1,0.641853886172395,0.664197142983586
129,1,1.52605630349505,0.664197142983586
129,1,-0.510825623765991,0.664197142983586
129,1,1.16315080980568,0.664197142983586
129,1,0.405465108108164,0.664197142983586
129,1,1.02961941718116,0.664197142983586
129,1,0.741937344729377,0.664197142983586
129,0,2.10413415427021,0.664197142983586
129,0,1.94591014905531,0.664197142983586
129,0,1.70474809223843,0.664197142983586
129,1,0.336472236621213,0.664197142983586
129,1,-0.356674943938732,0.664197142983586
129,1,0.182321556793955,0.664197142983586
129,1,0.405465108108164,0.664197142983586
129,0,0.405465108108164,0.664197142983586
129,1,0.0953101798043249,0.664197142983586
129,1,1.80828877117927,0.664197142983586
129,1,1.48160454092422,0.664197142983586
129,1,0.262364264467491,0.664197142983586
129,1,0.0953101798043249,0.664197142983586
129,0,0.955511445027436,0.664197142983586
129,0,1.50407739677627,0.664197142983586
129,1,1.28093384546206,0.664197142983586
129,0,0.993251773010283,0.664197142983586
129,1,-0.22314355131421,0.664197142983586
129,0,0.336472236621213,0.664197142983586
129,0,3.94931879017184,0.664197142983586
129,0,0.832909122935104,0.664197142983586
129,1,0.0953101798043249,0.664197142983586
129,1,0.955511445027436,0.664197142983586
129,1,0.832909122935104,0.664197142983586
129,1,0.470003629245736,0.664197142983586
129,0,0.336472236621213,0.664197142983586
129,1,1.75785791755237,0.664197142983586
129,1,0,0.664197142983586
129,1,0.336472236621213,0.664197142983586
129,0,1.79175946922805,0.664197142983586
129,1,0.993251773010283,0.664197142983586
129,1,1.09861228866811,0.664197142983586
132,0,0,0.667080374197671
132,1,0.53062825106217,0.667080374197671
132,0,0,0.667080374197671
132,1,0.587786664902119,0.667080374197671
138,1,0.832909122935104,0.686011784058934
138,1,0.587786664902119,0.686011784058934
138,0,0.405465108108164,0.686011784058934
138,1,0.587786664902119,0.686011784058934
138,1,1.22377543162212,0.686011784058934
138,0,2.28238238567653,0.686011784058934
141,1,0.0953101798043249,0.805381517285912
141,0,1.22377543162212,0.805381517285912
141,1,0.8754687373539,0.805381517285912
141,1,0.53062825106217,0.805381517285912
141,1,0.0953101798043249,0.805381517285912
141,1,0.182321556793955,0.805381517285912
141,0,1.43508452528932,0.805381517285912
141,0,1.1314021114911,0.805381517285912
141,3,-0.105360515657826,0.805381517285912
141,0,1.09861228866811,0.805381517285912
141,1,0,0.805381517285912
141,0,0.741937344729377,0.805381517285912
141,1,0.262364264467491,0.805381517285912
141,0,1.16315080980568,0.805381517285912
141,1,-0.693147180559945,0.805381517285912
141,0,0,0.805381517285912
141,0,0.470003629245736,0.805381517285912
141,1,0.182321556793955,0.805381517285912
141,1,1.3609765531356,0.805381517285912
141,1,-0.356674943938732,0.805381517285912
141,0,0.741937344729377,0.805381517285912
141,1,-0.693147180559945,0.805381517285912
141,1,0.336472236621213,0.805381517285912
141,1,-0.356674943938732,0.805381517285912
141,0,0.336472236621213,0.805381517285912
141,1,-0.916290731874155,0.805381517285912
141,0,-0.356674943938732,0.805381517285912
141,0,0.641853886172395,0.805381517285912
143,1,-0.356674943938732,0.58110886237109
143,0,-0.510825623765991,0.58110886237109
144,0,1.22377543162212,0.775611568980836
144,1,-0.916290731874155,0.775611568980836
146,0,0.587786664902119,0.658700652825577
146,1,0.693147180559945,0.658700652825577
146,1,0.0953101798043249,0.658700652825577
146,1,-0.693147180559945,0.658700652825577
146,1,-0.693147180559945,0.658700652825577
146,0,1.3609765531356,0.658700652825577
146,0,1.1314021114911,0.658700652825577
146,1,0.405465108108164,0.658700652825577
146,1,0.182321556793955,0.658700652825577
146,0,1.16315080980568,0.658700652825577
147,1,0.641853886172395,0.751689636172056
147,1,0.78845736036427,0.751689636172056
147,1,0.78845736036427,0.751689636172056
147,1,0.262364264467491,0.751689636172056
147,0,1.43508452528932,0.751689636172056
147,0,1.66770682055808,0.751689636172056
147,1,1.75785791755237,0.751689636172056
147,1,-0.916290731874155,0.751689636172056
147,0,2.53369681395743,0.751689636172056
147,1,0,0.751689636172056
147,1,1.3609765531356,0.751689636172056
147,1,0,0.751689636172056
147,1,0.916290731874155,0.751689636172056
147,0,2.33214389523559,0.751689636172056
147,1,-0.105360515657826,0.751689636172056
152,1,0.470003629245736,0.668844242036772
152,1,-0.356674943938732,0.668844242036772
152,1,-1.20397280432594,0.668844242036772
152,1,-0.356674943938732,0.668844242036772
152,1,-0.356674943938732,0.668844242036772
152,0,0.470003629245736,0.668844242036772
152,1,-0.916290731874155,0.668844242036772
155,0,1.56861591791385,0.792136946014511
155,0,0,0.792136946014511
155,0,2.97552956623647,0.792136946014511
155,1,0.470003629245736,0.792136946014511
155,1,0.587786664902119,0.792136946014511
155,1,0.916290731874155,0.792136946014511
155,0,0.53062825106217,0.792136946014511
155,0,0.741937344729377,0.792136946014511
155,0,2.98568193770049,0.792136946014511
155,0,0.78845736036427,0.792136946014511
155,0,1.16315080980568,0.792136946014511
155,0,2.64617479738412,0.792136946014511
155,0,1.7404661748405,0.792136946014511
155,0,0,0.792136946014511
155,0,0.587786664902119,0.792136946014511
155,0,1.62924053973028,0.792136946014511
155,0,0.741937344729377,0.792136946014511
155,0,1.41098697371026,0.792136946014511
155,0,2.02814824729229,0.792136946014511
155,0,0.832909122935104,0.792136946014511
155,0,1.28093384546206,0.792136946014511
155,0,2.01490302054226,0.792136946014511
155,0,1.58923520511658,0.792136946014511
155,0,1.06471073699243,0.792136946014511
155,0,1.3609765531356,0.792136946014511
155,0,0.955511445027436,0.792136946014511
155,1,1.79175946922805,0.792136946014511
155,0,0,0.792136946014511
155,0,1.22377543162212,0.792136946014511
155,1,2.17475172148416,0.792136946014511
155,0,0.693147180559945,0.792136946014511
155,0,0.78845736036427,0.792136946014511
155,0,0.405465108108164,0.792136946014511
155,0,0.0953101798043249,0.792136946014511
155,9,-0.510825623765991,0.792136946014511
155,0,1.62924053973028,0.792136946014511
155,0,0.693147180559945,0.792136946014511
155,0,1.3609765531356,0.792136946014511
155,2,0.336472236621213,0.792136946014511
155,1,0.832909122935104,0.792136946014511
155,0,0.955511445027436,0.792136946014511
155,0,0.470003629245736,0.792136946014511
155,0,0.955511445027436,0.792136946014511
155,0,2.75366071235426,0.792136946014511
155,0,-0.22314355131421,0.792136946014511
155,0,1.19392246847243,0.792136946014511
155,0,1.02961941718116,0.792136946014511
155,0,1.48160454092422,0.792136946014511
155,0,0,0.792136946014511
155,1,1.1314021114911,0.792136946014511
155,1,-0.510825623765991,0.792136946014511
155,0,0.993251773010283,0.792136946014511
155,0,0.8754687373539,0.792136946014511
155,0,1.41098697371026,0.792136946014511
155,0,1.77495235091167,0.792136946014511
155,0,0.0953101798043249,0.792136946014511
155,0,-0.105360515657826,0.792136946014511
155,0,1.33500106673234,0.792136946014511
155,0,1.1314021114911,0.792136946014511
155,0,0,0.792136946014511
155,0,0.0953101798043249,0.792136946014511
155,0,1.28093384546206,0.792136946014511
155,0,1.22377543162212,0.792136946014511
155,0,0.993251773010283,0.792136946014511
155,0,0.916290731874155,0.792136946014511
155,0,2.51769647261099,0.792136946014511
155,0,-0.22314355131421,0.792136946014511
155,1,-0.693147180559945,0.792136946014511
155,0,1.50407739677627,0.792136946014511
155,0,0.336472236621213,0.792136946014511
155,0,2.31253542384721,0.792136946014511
155,0,1.41098697371026,0.792136946014511
155,0,0.0953101798043249,0.792136946014511
155,0,1.41098697371026,0.792136946014511
155,0,-0.105360515657826,0.792136946014511
155,0,2.11625551480255,0.792136946014511
155,1,1.06471073699243,0.792136946014511
155,0,1.41098697371026,0.792136946014511
155,9,0.53062825106217,0.792136946014511
155,0,1.45861502269952,0.792136946014511
155,0,0,0.792136946014511
155,0,0.641853886172395,0.792136946014511
155,1,0.78845736036427,0.792136946014511
155,0,0.78845736036427,0.792136946014511
155,0,-0.105360515657826,0.792136946014511
155,0,0.955511445027436,0.792136946014511
155,0,0.693147180559945,0.792136946014511
155,1,-0.105360515657826,0.792136946014511
155,0,-0.693147180559945,0.792136946014511
155,0,1.33500106673234,0.792136946014511
155,0,1.19392246847243,0.792136946014511
155,1,-0.916290731874155,0.792136946014511
155,0,1.64865862558738,0.792136946014511
155,0,1.70474809223843,0.792136946014511
155,0,2.01490302054226,0.792136946014511
155,0,0.693147180559945,0.792136946014511
155,1,1.02961941718116,0.792136946014511
155,0,1.1314021114911,0.792136946014511
155,0,0.587786664902119,0.792136946014511
155,0,2.34180580614733,0.792136946014511
155,0,0.53062825106217,0.792136946014511
155,0,1.16315080980568,0.792136946014511
155,0,0.8754687373539,0.792136946014511
155,0,1.30833281965018,0.792136946014511
155,0,0.262364264467491,0.792136946014511
155,0,2.4423470353692,0.792136946014511
155,0,1.1314021114911,0.792136946014511
155,1,1.16315080980568,0.792136946014511
155,0,1.52605630349505,0.792136946014511
155,1,2.61006979274201,0.792136946014511
155,0,2.3887627892351,0.792136946014511
155,1,2.26176309847379,0.792136946014511
155,0,1.28093384546206,0.792136946014511
155,0,1.77495235091167,0.792136946014511
155,1,0.587786664902119,0.792136946014511
155,0,1.91692261218206,0.792136946014511
155,0,-2.30258509299405,0.792136946014511
155,0,1.30833281965018,0.792136946014511
155,1,1.30833281965018,0.792136946014511
155,0,1.90210752639692,0.792136946014511
155,0,0.336472236621213,0.792136946014511
155,0,3.05400118167797,0.792136946014511
155,0,0.182321556793955,0.792136946014511
155,0,1.38629436111989,0.792136946014511
155,0,1.02961941718116,0.792136946014511
155,0,2.58021682959233,0.792136946014511
155,0,0.0953101798043249,0.792136946014511
155,0,2.29253475714054,0.792136946014511
155,0,0.336472236621213,0.792136946014511
155,0,0.832909122935104,0.792136946014511
155,0,1.50407739677627,0.792136946014511
155,0,0.336472236621213,0.792136946014511
155,0,0.693147180559945,0.792136946014511
155,0,1.62924053973028,0.792136946014511
155,0,-0.22314355131421,0.792136946014511
155,0,1.82454929205105,0.792136946014511
155,0,-0.22314355131421,0.792136946014511
155,1,1.43508452528932,0.792136946014511
155,1,0.641853886172395,0.792136946014511
155,1,1.02961941718116,0.792136946014511
155,0,1.02961941718116,0.792136946014511
155,0,-0.22314355131421,0.792136946014511
155,0,2.2512917986065,0.792136946014511
155,0,1.19392246847243,0.792136946014511
155,0,0,0.792136946014511
155,0,2.18605127673809,0.792136946014511
155,0,0.693147180559945,0.792136946014511
155,0,0.0953101798043249,0.792136946014511
155,0,0.470003629245736,0.792136946014511
155,0,0.405465108108164,0.792136946014511
155,0,2.26176309847379,0.792136946014511
155,0,1.75785791755237,0.792136946014511
155,1,0,0.792136946014511
155,0,0.587786664902119,0.792136946014511
155,0,2.484906649788,0.792136946014511
155,0,1.45861502269952,0.792136946014511
155,0,1.3609765531356,0.792136946014511
155,0,2.34180580614733,0.792136946014511
155,0,1.06471073699243,0.792136946014511
155,0,0.693147180559945,0.792136946014511
155,0,0.405465108108164,0.792136946014511
155,0,1.50407739677627,0.792136946014511
155,0,0.262364264467491,0.792136946014511
155,0,1.16315080980568,0.792136946014511
155,1,1.96009478404727,0.792136946014511
155,1,0.8754687373539,0.792136946014511
155,0,3.38439026334577,0.792136946014511
155,0,0.0953101798043249,0.792136946014511
155,0,0.955511445027436,0.792136946014511
155,0,0.405465108108164,0.792136946014511
155,0,0.693147180559945,0.792136946014511
155,0,1.48160454092422,0.792136946014511
155,0,1.54756250871601,0.792136946014511
155,0,1.80828877117927,0.792136946014511
155,1,0.405465108108164,0.792136946014511
155,0,0.587786664902119,0.792136946014511
155,0,2.06686275947298,0.792136946014511
155,0,2.02814824729229,0.792136946014511
155,0,-0.693147180559945,0.792136946014511
155,0,1.45861502269952,0.792136946014511
155,0,1.25276296849537,0.792136946014511
155,0,1.30833281965018,0.792136946014511
155,1,0.8754687373539,0.792136946014511
155,1,0.336472236621213,0.792136946014511
155,0,0.693147180559945,0.792136946014511
155,1,0.641853886172395,0.792136946014511
155,9,1.06471073699243,0.792136946014511
155,1,0.832909122935104,0.792136946014511
155,0,2.42480272571829,0.792136946014511
155,1,1.02961941718116,0.792136946014511
155,0,1.91692261218206,0.792136946014511
155,0,0,0.792136946014511
155,0,0.182321556793955,0.792136946014511
155,0,0.916290731874155,0.792136946014511
155,0,2.94968833505258,0.792136946014511
155,0,1.02961941718116,0.792136946014511
155,0,0.693147180559945,0.792136946014511
155,0,0.0953101798043249,0.792136946014511
155,1,0.0953101798043249,0.792136946014511
155,0,1.75785791755237,0.792136946014511
155,0,2.3887627892351,0.792136946014511
155,0,3.40119738166216,0.792136946014511
155,0,-0.105360515657826,0.792136946014511
155,0,2.37024374146786,0.792136946014511
155,0,1.22377543162212,0.792136946014511
155,1,1.50407739677627,0.792136946014511
155,0,1.09861228866811,0.792136946014511
155,0,0.916290731874155,0.792136946014511
155,0,1.25276296849537,0.792136946014511
155,0,-0.356674943938732,0.792136946014511
155,0,1.84054963339749,0.792136946014511
155,0,0.182321556793955,0.792136946014511
155,0,1.09861228866811,0.792136946014511
155,1,1.66770682055808,0.792136946014511
155,0,0.262364264467491,0.792136946014511
155,1,0.0953101798043249,0.792136946014511
155,1,1.62924053973028,0.792136946014511
155,0,0.182321556793955,0.792136946014511
155,0,1.68639895357023,0.792136946014511
155,1,0.470003629245736,0.792136946014511
155,0,1.22377543162212,0.792136946014511
155,0,0.470003629245736,0.792136946014511
155,9,0.693147180559945,0.792136946014511
155,1,1.48160454092422,0.792136946014511
155,0,0.53062825106217,0.792136946014511
155,0,1.54756250871601,0.792136946014511
155,0,0.832909122935104,0.792136946014511
155,1,0.336472236621213,0.792136946014511
155,0,1.19392246847243,0.792136946014511
155,0,0.470003629245736,0.792136946014511
155,0,1.25276296849537,0.792136946014511
155,1,1.22377543162212,0.792136946014511
155,0,2.01490302054226,0.792136946014511
155,0,1.16315080980568,0.792136946014511
155,0,2.35137525716348,0.792136946014511
155,1,1.54756250871601,0.792136946014511
155,0,2.05412373369555,0.792136946014511
155,0,1.28093384546206,0.792136946014511
155,1,1.1314021114911,0.792136946014511
155,0,1.54756250871601,0.792136946014511
155,1,0.0953101798043249,0.792136946014511
155,0,2.00148000021012,0.792136946014511
155,0,1.22377543162212,0.792136946014511
155,0,1.16315080980568,0.792136946014511
155,0,1.06471073699243,0.792136946014511
155,0,1.1314021114911,0.792136946014511
155,0,0.405465108108164,0.792136946014511
155,1,1.1314021114911,0.792136946014511
155,0,-0.356674943938732,0.792136946014511
155,0,-0.105360515657826,0.792136946014511
155,0,-0.22314355131421,0.792136946014511
155,0,0.587786664902119,0.792136946014511
155,0,-0.693147180559945,0.792136946014511
155,0,0.693147180559945,0.792136946014511
155,1,1.28093384546206,0.792136946014511
155,0,0.916290731874155,0.792136946014511
155,1,0.641853886172395,0.792136946014511
155,1,1.06471073699243,0.792136946014511
155,0,0.587786664902119,0.792136946014511
155,0,2.35137525716348,0.792136946014511
155,0,0.916290731874155,0.792136946014511
155,0,0.470003629245736,0.792136946014511
155,0,0.641853886172395,0.792136946014511
155,0,1.22377543162212,0.792136946014511
155,1,1.50407739677627,0.792136946014511
155,0,1.16315080980568,0.792136946014511
155,0,2.07944154167984,0.792136946014511
155,0,1.56861591791385,0.792136946014511
155,0,1.7404661748405,0.792136946014511
155,0,0.741937344729377,0.792136946014511
155,0,0.741937344729377,0.792136946014511
156,1,0,0.638220979360909
156,1,-0.916290731874155,0.638220979360909
156,0,0.916290731874155,0.638220979360909
156,1,-1.6094379124341,0.638220979360909
156,0,0.262364264467491,0.638220979360909
156,1,-0.22314355131421,0.638220979360909
156,1,-0.22314355131421,0.638220979360909
156,1,0.182321556793955,0.638220979360909
156,1,0.587786664902119,0.638220979360909
156,1,0.0953101798043249,0.638220979360909
156,0,0.53062825106217,0.638220979360909
156,0,1.09861228866811,0.638220979360909
156,1,0.470003629245736,0.638220979360909
156,1,-0.916290731874155,0.638220979360909
156,1,-0.105360515657826,0.638220979360909
156,1,1.19392246847243,0.638220979360909
156,1,0.587786664902119,0.638220979360909
156,0,0.262364264467491,0.638220979360909
156,0,1.48160454092422,0.638220979360909
156,1,-0.693147180559945,0.638220979360909
156,1,-0.22314355131421,0.638220979360909
156,0,0.955511445027436,0.638220979360909
156,1,-0.105360515657826,0.638220979360909
156,1,0.262364264467491,0.638220979360909
156,1,0.641853886172395,0.638220979360909
156,1,0.993251773010283,0.638220979360909
156,1,-0.916290731874155,0.638220979360909
156,1,0.587786664902119,0.638220979360909
156,1,-1.6094379124341,0.638220979360909
156,0,1.22377543162212,0.638220979360909
156,0,2.06686275947298,0.638220979360909
156,0,-0.105360515657826,0.638220979360909
156,1,-0.22314355131421,0.638220979360909
156,0,0.0953101798043249,0.638220979360909
156,1,0,0.638220979360909
156,1,0,0.638220979360909
156,1,0.0953101798043249,0.638220979360909
156,1,0.405465108108164,0.638220979360909
156,1,0.182321556793955,0.638220979360909
156,1,-0.916290731874155,0.638220979360909
158,0,1.6094379124341,0.549374957748552
158,1,0.955511445027436,0.549374957748552
158,0,0,0.549374957748552
158,0,1.84054963339749,0.549374957748552
158,0,-0.510825623765991,0.549374957748552
158,0,-0.693147180559945,0.549374957748552
158,0,0.916290731874155,0.549374957748552
158,1,0.587786664902119,0.549374957748552
158,0,2.50143595173921,0.549374957748552
158,1,0.78845736036427,0.549374957748552
158,1,0.470003629245736,0.549374957748552
158,0,0.0953101798043249,0.549374957748552
158,0,1.3609765531356,0.549374957748552
158,0,0.641853886172395,0.549374957748552
158,0,0.8754687373539,0.549374957748552
158,1,0.916290731874155,0.549374957748552
158,0,2.83907846350861,0.549374957748552
158,0,0.0953101798043249,0.549374957748552
158,0,0.78845736036427,0.549374957748552
158,0,2.29253475714054,0.549374957748552
158,0,0.693147180559945,0.549374957748552
158,0,0.182321556793955,0.549374957748552
158,0,0.405465108108164,0.549374957748552
158,0,2.10413415427021,0.549374957748552
158,0,0.405465108108164,0.549374957748552
158,0,0.587786664902119,0.549374957748552
158,0,1.79175946922805,0.549374957748552
158,0,0.262364264467491,0.549374957748552
158,1,-0.22314355131421,0.549374957748552
158,0,1.50407739677627,0.549374957748552
158,0,1.22377543162212,0.549374957748552
158,0,0.587786664902119,0.549374957748552
158,1,1.28093384546206,0.549374957748552
158,0,-0.105360515657826,0.549374957748552
158,0,0.993251773010283,0.549374957748552
158,0,0.0953101798043249,0.549374957748552
158,0,0.587786664902119,0.549374957748552
158,0,-0.356674943938732,0.549374957748552
158,1,-0.916290731874155,0.549374957748552
158,0,0.262364264467491,0.549374957748552
158,0,1.22377543162212,0.549374957748552
158,1,-0.693147180559945,0.549374957748552
158,0,0.741937344729377,0.549374957748552
158,1,-0.105360515657826,0.549374957748552
158,0,0.916290731874155,0.549374957748552
158,0,0.641853886172395,0.549374957748552
158,0,0.993251773010283,0.549374957748552
158,1,0,0.549374957748552
158,0,0.0953101798043249,0.549374957748552
160,1,0.0953101798043249,0.78792994857985
160,0,0.741937344729377,0.78792994857985
160,0,1.98787434815435,0.78792994857985
160,0,1.68639895357023,0.78792994857985
160,1,-0.693147180559945,0.78792994857985
160,0,0.405465108108164,0.78792994857985
160,0,2.42480272571829,0.78792994857985
160,0,-0.510825623765991,0.78792994857985
160,1,0.0953101798043249,0.78792994857985
160,0,1.58923520511658,0.78792994857985
160,0,0.641853886172395,0.78792994857985
160,1,0.693147180559945,0.78792994857985
160,0,-0.22314355131421,0.78792994857985
160,1,-0.510825623765991,0.78792994857985
160,0,1.1314021114911,0.78792994857985
160,0,1.1314021114911,0.78792994857985
160,1,0.0953101798043249,0.78792994857985
160,1,0.0953101798043249,0.78792994857985
160,0,0.741937344729377,0.78792994857985
160,0,1.64865862558738,0.78792994857985
160,1,0.470003629245736,0.78792994857985
160,1,-0.510825623765991,0.78792994857985
160,0,0.693147180559945,0.78792994857985
160,1,0.741937344729377,0.78792994857985
160,1,-0.693147180559945,0.78792994857985
160,0,-0.105360515657826,0.78792994857985
160,0,0.0953101798043249,0.78792994857985
160,1,-0.510825623765991,0.78792994857985
160,0,0.741937344729377,0.78792994857985
160,1,0.405465108108164,0.78792994857985
160,0,0.916290731874155,0.78792994857985
160,0,1.66770682055808,0.78792994857985
167,0,-1.6094379124341,0.643757336618536
167,0,0.641853886172395,0.643757336618536
167,1,0.53062825106217,0.643757336618536
178,1,-0.693147180559945,0.613768419092005
178,0,0.955511445027436,0.613768419092005
178,0,-0.22314355131421,0.613768419092005
178,0,2.51769647261099,0.613768419092005
178,1,1.33500106673234,0.613768419092005
178,1,0.0953101798043249,0.613768419092005
178,1,-0.22314355131421,0.613768419092005
178,1,0.182321556793955,0.613768419092005
178,1,-0.916290731874155,0.613768419092005
178,1,0,0.613768419092005
178,1,0,0.613768419092005
178,1,-2.30258509299405,0.613768419092005
179,0,1.58923520511658,0.781904116508037
179,1,-0.356674943938732,0.781904116508037
179,1,-0.105360515657826,0.781904116508037
179,1,1.45861502269952,0.781904116508037
179,0,0.641853886172395,0.781904116508037
179,0,1.82454929205105,0.781904116508037
179,1,1.33500106673234,0.781904116508037
179,0,1.19392246847243,0.781904116508037
179,0,0.693147180559945,0.781904116508037
179,0,1.30833281965018,0.781904116508037
179,0,2.18605127673809,0.781904116508037
179,1,0.53062825106217,0.781904116508037
179,0,1.06471073699243,0.781904116508037
179,0,1.02961941718116,0.781904116508037
179,0,1.88706964903238,0.781904116508037
179,1,0.470003629245736,0.781904116508037
179,1,0.587786664902119,0.781904116508037
179,0,2.15176220325946,0.781904116508037
179,1,1.1314021114911,0.781904116508037
179,0,0.587786664902119,0.781904116508037
179,0,1.58923520511658,0.781904116508037
179,0,1.85629799036563,0.781904116508037
179,0,-0.105360515657826,0.781904116508037
179,0,1.50407739677627,0.781904116508037
179,1,0,0.781904116508037
179,0,1.33500106673234,0.781904116508037
179,0,1.87180217690159,0.781904116508037
179,0,0.832909122935104,0.781904116508037
179,0,1.77495235091167,0.781904116508037
179,0,1.62924053973028,0.781904116508037
179,0,-0.22314355131421,0.781904116508037
179,0,1.68639895357023,0.781904116508037
179,0,0.405465108108164,0.781904116508037
179,1,0.693147180559945,0.781904116508037
184,0,-0.510825623765991,0.748312220059844
184,0,-0.22314355131421,0.748312220059844
184,1,-0.105360515657826,0.748312220059844
184,1,-1.20397280432594,0.748312220059844
184,1,0.262364264467491,0.748312220059844
184,1,0.993251773010283,0.748312220059844
184,0,0.182321556793955,0.748312220059844
184,1,0,0.748312220059844
184,0,1.02961941718116,0.748312220059844
184,1,0.955511445027436,0.748312220059844
184,0,1.09861228866811,0.748312220059844
189,0,-0.693147180559945,0.662198162415929
190,1,0.0953101798043249,0.670395308513761
190,0,0.262364264467491,0.670395308513761
190,1,-0.693147180559945,0.670395308513761
190,1,1.52605630349505,0.670395308513761
190,1,-0.22314355131421,0.670395308513761
190,1,-1.20397280432594,0.670395308513761
191,1,0.405465108108164,0.659848895158431
191,0,0.78845736036427,0.659848895158431
191,0,0.993251773010283,0.659848895158431
191,0,1.45861502269952,0.659848895158431
191,1,0,0.659848895158431
192,0,0.641853886172395,0.782969602856976
192,0,1.64865862558738,0.782969602856976
206,1,-1.6094379124341,0.351135630229408
206,1,-0.510825623765991,0.351135630229408
206,1,-2.30258509299405,0.351135630229408
206,0,0.182321556793955,0.351135630229408
206,1,1.25276296849537,0.351135630229408
198,0,0.741937344729377,0.631404746724376
198,0,-0.510825623765991,0.631404746724376
198,1,-0.356674943938732,0.631404746724376
198,1,0.470003629245736,0.631404746724376
198,0,0.262364264467491,0.631404746724376
199,0,0.182321556793955,0.786519119552186
199,0,1.93152141160321,0.786519119552186
199,1,-0.105360515657826,0.786519119552186
199,0,0.993251773010283,0.786519119552186
199,0,2.09186406167839,0.786519119552186
199,1,-0.105360515657826,0.786519119552186
199,0,0.587786664902119,0.786519119552186
202,1,-0.356674943938732,0.608503906490841
202,1,-1.6094379124341,0.608503906490841
203,0,1.19392246847243,0.683904599193013
203,1,1.48160454092422,0.683904599193013
203,0,2.26176309847379,0.683904599193013
203,0,2.98061863574394,0.683904599193013
203,0,1.45861502269952,0.683904599193013
203,1,0.405465108108164,0.683904599193013
203,1,-0.693147180559945,0.683904599193013
203,0,0.262364264467491,0.683904599193013
215,0,0.336472236621213,0.634479392894101
215,1,0,0.634479392894101
220,1,1.1314021114911,0.557865685971404
220,0,0.0953101798043249,0.557865685971404
220,1,-0.693147180559945,0.557865685971404
220,1,0.470003629245736,0.557865685971404
220,1,0.182321556793955,0.557865685971404
220,1,-0.22314355131421,0.557865685971404
220,1,-0.510825623765991,0.557865685971404
220,0,0.0953101798043249,0.557865685971404
220,1,-1.20397280432594,0.557865685971404
220,0,1.1314021114911,0.557865685971404
222,1,-1.20397280432594,0.685094847369117
222,1,-0.105360515657826,0.685094847369117
222,1,-1.20397280432594,0.685094847369117
224,0,-0.22314355131421,0.646218033623207
224,1,0.641853886172395,0.646218033623207
224,0,-1.20397280432594,0.646218033623207
224,1,-0.356674943938732,0.646218033623207
225,1,0.0953101798043249,0.725711171433208
225,1,-0.916290731874155,0.725711171433208
225,1,-1.6094379124341,0.725711171433208
225,1,-0.22314355131421,0.725711171433208
225,0,-0.916290731874155,0.725711171433208
225,1,-0.105360515657826,0.725711171433208
225,1,-0.105360515657826,0.725711171433208
226,0,1.64865862558738,0.713542769274652
226,1,-0.510825623765991,0.713542769274652
228,1,0.0953101798043249,0.567538605082268
228,1,-0.693147180559945,0.567538605082268
228,1,-0.105360515657826,0.567538605082268
228,1,-0.510825623765991,0.567538605082268
228,1,0,0.567538605082268
228,0,1.02961941718116,0.567538605082268
228,0,-0.22314355131421,0.567538605082268
228,1,-0.916290731874155,0.567538605082268
236,1,0.405465108108164,0.677469932174642
236,1,0.587786664902119,0.677469932174642
236,1,-0.105360515657826,0.677469932174642
236,1,-0.693147180559945,0.677469932174642
236,1,-1.20397280432594,0.677469932174642
236,1,-0.916290731874155,0.677469932174642
236,1,1.3609765531356,0.677469932174642
237,1,-0.510825623765991,0.533635489490509
237,1,0.405465108108164,0.533635489490509
237,0,1.16315080980568,0.533635489490509
237,1,-0.916290731874155,0.533635489490509
237,1,-0.105360515657826,0.533635489490509
237,1,-0.22314355131421,0.533635489490509
237,0,2.4932054526027,0.533635489490509
237,1,-0.105360515657826,0.533635489490509
237,1,2.32238772029023,0.533635489490509
237,1,0.405465108108164,0.533635489490509
237,1,0.405465108108164,0.533635489490509
241,1,0.8754687373539,0.790400924963836
241,0,0.741937344729377,0.790400924963836
241,1,0.182321556793955,0.790400924963836
241,0,1.7227665977411,0.790400924963836
241,1,0.955511445027436,0.790400924963836
241,0,2.66025953726586,0.790400924963836
241,0,0.262364264467491,0.790400924963836
241,0,1.48160454092422,0.790400924963836
251,1,1.16315080980568,0.728157117749395
251,1,0.955511445027436,0.728157117749395
251,0,1.66770682055808,0.728157117749395
252,1,1.3609765531356,0.600807085683417
252,0,-0.22314355131421,0.600807085683417
252,1,-0.916290731874155,0.600807085683417
252,0,0.641853886172395,0.600807085683417
252,0,0,0.600807085683417
252,1,-0.916290731874155,0.600807085683417
255,0,0.693147180559945,0.591994466342296
255,1,0.182321556793955,0.591994466342296
255,0,0.8754687373539,0.591994466342296
255,1,0.916290731874155,0.591994466342296
255,1,0.78845736036427,0.591994466342296
258,1,1.02961941718116,0.755220164757724
260,0,2.60268968544438,0.850189390168446
260,0,2.33214389523559,0.850189390168446
260,0,0.182321556793955,0.850189390168446
260,1,-0.105360515657826,0.850189390168446
261,1,-0.916290731874155,0.707823947956009
261,0,0.641853886172395,0.707823947956009
261,0,0.53062825106217,0.707823947956009
261,1,0.182321556793955,0.707823947956009
261,1,-0.693147180559945,0.707823947956009
261,0,0.587786664902119,0.707823947956009
261,0,0.336472236621213,0.707823947956009
261,1,-0.510825623765991,0.707823947956009
261,0,0.741937344729377,0.707823947956009
261,0,1.3609765531356,0.707823947956009
261,0,1.30833281965018,0.707823947956009
261,0,2.52572864430826,0.707823947956009
261,1,1.75785791755237,0.707823947956009
261,0,1.09861228866811,0.707823947956009
261,0,0.693147180559945,0.707823947956009
261,1,0,0.707823947956009
261,0,0.405465108108164,0.707823947956009
261,0,0.262364264467491,0.707823947956009
262,0,-0.356674943938732,0.610694487870659
262,0,0.0953101798043249,0.610694487870659
262,1,-0.510825623765991,0.610694487870659
262,0,0.0953101798043249,0.610694487870659
262,0,-0.356674943938732,0.610694487870659
262,1,-0.105360515657826,0.610694487870659
262,1,-0.105360515657826,0.610694487870659
262,1,-0.510825623765991,0.610694487870659
262,0,0.8754687373539,0.610694487870659
262,0,1.43508452528932,0.610694487870659
262,0,-0.22314355131421,0.610694487870659
262,0,0,0.610694487870659
262,1,-0.356674943938732,0.610694487870659
262,1,-1.20397280432594,0.610694487870659
265,1,-0.22314355131421,0.668013970920948
265,0,0.470003629245736,0.668013970920948
265,1,0.0953101798043249,0.668013970920948
265,1,1.41098697371026,0.668013970920948
265,1,0.693147180559945,0.668013970920948
265,0,-0.510825623765991,0.668013970920948
265,1,-0.356674943938732,0.668013970920948
265,0,1.02961941718116,0.668013970920948
265,1,1.98787434815435,0.668013970920948
270,0,2.9704144655697,0.799401796391059
270,0,0.78845736036427,0.799401796391059
270,1,2.52572864430826,0.799401796391059
270,0,1.7404661748405,0.799401796391059
270,0,1.66770682055808,0.799401796391059
270,0,1.79175946922805,0.799401796391059
270,0,1.45861502269952,0.799401796391059
270,1,1.33500106673234,0.799401796391059
270,0,0.182321556793955,0.799401796391059
270,0,1.68639895357023,0.799401796391059
270,0,3.06339092202781,0.799401796391059
270,0,0.993251773010283,0.799401796391059
270,0,-0.105360515657826,0.799401796391059
270,0,1.68639895357023,0.799401796391059
270,1,1.09861228866811,0.799401796391059
270,0,2.39789527279837,0.799401796391059
270,0,-0.510825623765991,0.799401796391059
270,1,0.182321556793955,0.799401796391059
270,0,-0.105360515657826,0.799401796391059
270,0,2.17475172148416,0.799401796391059
270,0,1.19392246847243,0.799401796391059
270,0,0.693147180559945,0.799401796391059
270,0,1.62924053973028,0.799401796391059
270,1,0.470003629245736,0.799401796391059
270,0,2.28238238567653,0.799401796391059
272,1,0.0953101798043249,0.627333179677142
272,1,-0.916290731874155,0.627333179677142
272,1,-0.916290731874155,0.627333179677142
272,0,1.19392246847243,0.627333179677142
272,0,0.78845736036427,0.627333179677142
272,1,0.336472236621213,0.627333179677142
272,0,2.45958884180371,0.627333179677142
272,1,-0.105360515657826,0.627333179677142
272,1,0.832909122935104,0.627333179677142
272,1,0.182321556793955,0.627333179677142
272,1,-0.510825623765991,0.627333179677142
272,1,-0.510825623765991,0.627333179677142
272,1,0.336472236621213,0.627333179677142
272,1,1.56861591791385,0.627333179677142
272,1,0.470003629245736,0.627333179677142
278,0,-0.693147180559945,0.550811428777224
278,1,-0.105360515657826,0.550811428777224
278,1,-0.693147180559945,0.550811428777224
278,1,0.832909122935104,0.550811428777224
278,1,0.0953101798043249,0.550811428777224
278,1,-1.20397280432594,0.550811428777224
278,1,-0.916290731874155,0.550811428777224
278,1,-0.356674943938732,0.550811428777224
278,1,-0.105360515657826,0.550811428777224
278,1,-0.693147180559945,0.550811428777224
278,0,0.262364264467491,0.550811428777224
278,0,-0.510825623765991,0.550811428777224
279,1,0,0.726973562743805
279,1,-0.693147180559945,0.726973562743805
279,1,-0.22314355131421,0.726973562743805
280,1,0,0.738044061442228
282,1,-0.22314355131421,0.66769090145051
282,0,0.587786664902119,0.66769090145051
282,1,0.405465108108164,0.66769090145051
282,1,0.182321556793955,0.66769090145051
282,0,-0.510825623765991,0.66769090145051
282,1,0.78845736036427,0.66769090145051
284,0,-0.356674943938732,0.793612232967399
284,0,0.587786664902119,0.793612232967399
284,0,0.741937344729377,0.793612232967399
284,0,0.693147180559945,0.793612232967399
284,0,0.0953101798043249,0.793612232967399
284,1,-0.105360515657826,0.793612232967399
284,0,0.336472236621213,0.793612232967399
284,0,0,0.793612232967399
284,1,0.262364264467491,0.793612232967399
284,0,2.3887627892351,0.793612232967399
284,1,0.336472236621213,0.793612232967399
284,0,1.3609765531356,0.793612232967399
284,1,0.470003629245736,0.793612232967399
284,0,0.53062825106217,0.793612232967399
284,1,1.06471073699243,0.793612232967399
284,9,2.35137525716348,0.793612232967399
284,1,0.587786664902119,0.793612232967399
289,0,1.02961941718116,0.526561168152049
292,1,0.405465108108164,0.763479820822433
292,1,1.25276296849537,0.763479820822433
292,0,2.12823170584927,0.763479820822433
292,1,-0.356674943938732,0.763479820822433
292,1,0.262364264467491,0.763479820822433
292,1,-0.693147180559945,0.763479820822433
292,0,0.693147180559945,0.763479820822433
292,0,2.01490302054226,0.763479820822433
292,0,1.94591014905531,0.763479820822433
292,1,0.336472236621213,0.763479820822433
292,1,0.0953101798043249,0.763479820822433
318,0,-0.510825623765991,0.662095013804476
318,0,-0.105360515657826,0.662095013804476
318,0,0.182321556793955,0.662095013804476
318,0,0.405465108108164,0.662095013804476
318,0,2.06686275947298,0.662095013804476
318,0,1.50407739677627,0.662095013804476
318,0,0.182321556793955,0.662095013804476
318,0,1.25276296849537,0.662095013804476
318,0,1.90210752639692,0.662095013804476
318,0,0,0.662095013804476
318,0,-0.356674943938732,0.662095013804476
318,0,0.916290731874155,0.662095013804476
318,0,0.336472236621213,0.662095013804476
318,0,-0.22314355131421,0.662095013804476
318,0,1.30833281965018,0.662095013804476
318,1,-0.693147180559945,0.662095013804476
318,0,0.587786664902119,0.662095013804476
318,0,1.79175946922805,0.662095013804476
318,0,0.916290731874155,0.662095013804476
318,1,-1.20397280432594,0.662095013804476
318,1,0.955511445027436,0.662095013804476
318,0,0.741937344729377,0.662095013804476
318,0,0.641853886172395,0.662095013804476
318,0,2.63905732961526,0.662095013804476
318,0,0.693147180559945,0.662095013804476
318,0,-0.510825623765991,0.662095013804476
318,0,0.641853886172395,0.662095013804476
318,0,0.405465108108164,0.662095013804476
318,0,0.78845736036427,0.662095013804476
318,0,0.470003629245736,0.662095013804476
318,0,0.8754687373539,0.662095013804476
318,0,-0.510825623765991,0.662095013804476
318,0,0.405465108108164,0.662095013804476
318,0,1.54756250871601,0.662095013804476
318,1,0.587786664902119,0.662095013804476
318,0,0.78845736036427,0.662095013804476
318,0,0.8754687373539,0.662095013804476
318,0,1.48160454092422,0.662095013804476
318,0,0.955511445027436,0.662095013804476
318,0,0.182321556793955,0.662095013804476
318,0,0.182321556793955,0.662095013804476
318,0,0.470003629245736,0.662095013804476
318,0,0.741937344729377,0.662095013804476
318,0,0.336472236621213,0.662095013804476
318,1,0.993251773010283,0.662095013804476
318,1,-1.20397280432594,0.662095013804476
318,0,2.61739583283408,0.662095013804476
318,0,0.336472236621213,0.662095013804476
318,1,-0.356674943938732,0.662095013804476
318,0,0.470003629245736,0.662095013804476
319,0,1.22377543162212,0.623137721093917
319,1,1.45861502269952,0.623137721093917
319,1,0.182321556793955,0.623137721093917
327,1,-2.30258509299405,0.680836716782855
327,0,0.470003629245736,0.680836716782855
327,0,1.66770682055808,0.680836716782855
327,0,0.262364264467491,0.680836716782855
327,1,-0.693147180559945,0.680836716782855
327,1,-0.356674943938732,0.680836716782855
327,0,0.405465108108164,0.680836716782855
327,1,0.916290731874155,0.680836716782855
327,0,-0.105360515657826,0.680836716782855
327,0,0.262364264467491,0.680836716782855
327,1,-0.693147180559945,0.680836716782855
320,1,-0.510825623765991,0.820928950738504
320,1,-1.20397280432594,0.820928950738504
320,1,0.405465108108164,0.820928950738504
320,1,-0.356674943938732,0.820928950738504
320,1,-0.105360515657826,0.820928950738504
320,1,1.41098697371026,0.820928950738504
320,0,0.182321556793955,0.820928950738504
320,0,1.33500106673234,0.820928950738504
320,0,0,0.820928950738504
320,1,0.8754687373539,0.820928950738504
320,1,-0.22314355131421,0.820928950738504
320,1,-0.22314355131421,0.820928950738504
320,0,0.78845736036427,0.820928950738504
320,1,0.8754687373539,0.820928950738504
320,0,1.58923520511658,0.820928950738504
320,0,-0.356674943938732,0.820928950738504
320,1,0.262364264467491,0.820928950738504
320,1,0.641853886172395,0.820928950738504
320,0,0.470003629245736,0.820928950738504
320,0,1.33500106673234,0.820928950738504
320,1,-0.510825623765991,0.820928950738504
320,1,0.693147180559945,0.820928950738504
320,1,0.53062825106217,0.820928950738504
320,1,0.0953101798043249,0.820928950738504
320,1,-0.510825623765991,0.820928950738504
320,1,1.16315080980568,0.820928950738504
320,1,-0.105360515657826,0.820928950738504
320,1,-0.105360515657826,0.820928950738504
320,0,0.955511445027436,0.820928950738504
320,1,0.470003629245736,0.820928950738504
320,0,0.587786664902119,0.820928950738504
320,0,0.8754687373539,0.820928950738504
320,1,-0.693147180559945,0.820928950738504
320,1,-0.356674943938732,0.820928950738504
320,1,0.741937344729377,0.820928950738504
320,1,0.405465108108164,0.820928950738504
320,0,-0.356674943938732,0.820928950738504
320,0,2.19722457733622,0.820928950738504
320,1,-0.510825623765991,0.820928950738504
320,1,1.66770682055808,0.820928950738504
320,0,2.76631910922619,0.820928950738504
320,0,0.587786664902119,0.820928950738504
320,0,2.17475172148416,0.820928950738504
320,1,1.54756250871601,0.820928950738504
320,0,1.82454929205105,0.820928950738504
320,1,1.09861228866811,0.820928950738504
320,1,1.79175946922805,0.820928950738504
320,1,-0.693147180559945,0.820928950738504
322,0,0.53062825106217,0.580157637737628
322,0,-0.22314355131421,0.580157637737628
322,0,1.68639895357023,0.580157637737628
322,0,1.58923520511658,0.580157637737628
322,0,-0.510825623765991,0.580157637737628
322,0,0.470003629245736,0.580157637737628
322,0,1.02961941718116,0.580157637737628
322,0,1.09861228866811,0.580157637737628
322,0,0,0.580157637737628
322,0,-0.22314355131421,0.580157637737628
322,0,1.3609765531356,0.580157637737628
322,0,0.78845736036427,0.580157637737628
322,0,1.02961941718116,0.580157637737628
322,0,0,0.580157637737628
322,0,1.3609765531356,0.580157637737628
322,0,2.17475172148416,0.580157637737628
322,0,2.04122032885964,0.580157637737628
322,2,-1.20397280432594,0.580157637737628
322,0,0.182321556793955,0.580157637737628
322,0,0.693147180559945,0.580157637737628
322,0,0.693147180559945,0.580157637737628
322,0,0.741937344729377,0.580157637737628
322,1,1.88706964903238,0.580157637737628
322,0,0.587786664902119,0.580157637737628
322,0,0.916290731874155,0.580157637737628
322,0,-0.356674943938732,0.580157637737628
322,0,1.16315080980568,0.580157637737628
322,0,0.0953101798043249,0.580157637737628
322,0,0.0953101798043249,0.580157637737628
322,0,0.641853886172395,0.580157637737628
322,0,0.587786664902119,0.580157637737628
322,0,0.262364264467491,0.580157637737628
322,0,1.52605630349505,0.580157637737628
322,0,0.955511445027436,0.580157637737628
322,0,2.68102152871429,0.580157637737628
322,0,0.0953101798043249,0.580157637737628
322,1,-0.510825623765991,0.580157637737628
322,1,0.336472236621213,0.580157637737628
322,0,1.38629436111989,0.580157637737628
322,0,-0.510825623765991,0.580157637737628
322,0,0.182321556793955,0.580157637737628
322,0,1.45861502269952,0.580157637737628
322,0,0.262364264467491,0.580157637737628
322,2,1.1314021114911,0.580157637737628
322,0,0.641853886172395,0.580157637737628
322,0,-0.22314355131421,0.580157637737628
322,0,0.0953101798043249,0.580157637737628
322,0,0.182321556793955,0.580157637737628
322,0,0.336472236621213,0.580157637737628
322,0,0,0.580157637737628
322,0,0.336472236621213,0.580157637737628
322,0,0.741937344729377,0.580157637737628
322,0,1.70474809223843,0.580157637737628
322,0,-0.22314355131421,0.580157637737628
322,0,-0.105360515657826,0.580157637737628
322,0,1.02961941718116,0.580157637737628
322,0,0.832909122935104,0.580157637737628
322,0,0.693147180559945,0.580157637737628
322,0,0.0953101798043249,0.580157637737628
322,9,0.53062825106217,0.580157637737628
322,0,-0.105360515657826,0.580157637737628
322,0,0.832909122935104,0.580157637737628
322,0,0.0953101798043249,0.580157637737628
322,0,0.587786664902119,0.580157637737628
322,0,0.832909122935104,0.580157637737628
322,0,0.262364264467491,0.580157637737628
322,0,0.336472236621213,0.580157637737628
322,0,1.22377543162212,0.580157637737628
322,0,0.78845736036427,0.580157637737628
322,0,0.405465108108164,0.580157637737628
322,0,0.336472236621213,0.580157637737628
322,1,0.262364264467491,0.580157637737628
322,0,0.470003629245736,0.580157637737628
322,0,0,0.580157637737628
322,0,0.470003629245736,0.580157637737628
322,0,-0.510825623765991,0.580157637737628
322,0,-0.356674943938732,0.580157637737628
322,0,1.66770682055808,0.580157637737628
322,0,2.88480071284671,0.580157637737628
322,1,0.262364264467491,0.580157637737628
322,0,-0.105360515657826,0.580157637737628
322,0,0.0953101798043249,0.580157637737628
322,0,0.741937344729377,0.580157637737628
322,0,-0.22314355131421,0.580157637737628
322,0,0.587786664902119,0.580157637737628
322,0,1.56861591791385,0.580157637737628
322,0,0.53062825106217,0.580157637737628
322,0,0.641853886172395,0.580157637737628
322,0,0.53062825106217,0.580157637737628
322,0,0.741937344729377,0.580157637737628
322,0,0.955511445027436,0.580157637737628
298,0,-0.105360515657826,0.702835100748823
298,1,2.53369681395743,0.702835100748823
298,0,0.587786664902119,0.702835100748823
298,1,1.62924053973028,0.702835100748823
298,0,1.70474809223843,0.702835100748823
298,0,2.16332302566054,0.702835100748823
298,1,0.262364264467491,0.702835100748823
298,0,1.3609765531356,0.702835100748823
298,0,1.19392246847243,0.702835100748823
302,0,0.8754687373539,0.669479292759743
304,0,0.405465108108164,0.689490503056401
304,1,-0.510825623765991,0.689490503056401
304,1,0.832909122935104,0.689490503056401
304,1,-1.20397280432594,0.689490503056401
305,1,-0.22314355131421,0.68542242128406
305,1,-2.30258509299405,0.68542242128406
305,1,0.470003629245736,0.68542242128406
305,0,0.0953101798043249,0.68542242128406
305,1,0.0953101798043249,0.68542242128406
305,0,0.587786664902119,0.68542242128406
305,0,0.993251773010283,0.68542242128406
305,1,1.25276296849537,0.68542242128406
305,1,1.06471073699243,0.68542242128406
305,1,-0.22314355131421,0.68542242128406
305,0,0.0953101798043249,0.68542242128406
305,1,-0.510825623765991,0.68542242128406
305,1,-0.916290731874155,0.68542242128406
307,1,0.587786664902119,0.606886430870051
307,0,0.993251773010283,0.606886430870051
307,1,-0.356674943938732,0.606886430870051
307,1,1.19392246847243,0.606886430870051
307,1,0.641853886172395,0.606886430870051
307,0,3.01553490085017,0.606886430870051
308,0,1.93152141160321,0.707705689314367
308,1,0.405465108108164,0.707705689314367
308,1,0.336472236621213,0.707705689314367
333,1,0,0.804366499860751
333,9,-0.693147180559945,0.804366499860751
333,1,0,0.804366499860751
333,1,-1.20397280432594,0.804366499860751
333,0,-0.22314355131421,0.804366499860751
333,0,0.916290731874155,0.804366499860751
333,0,1.16315080980568,0.804366499860751
333,1,0.641853886172395,0.804366499860751
333,0,0,0.804366499860751
334,1,0.916290731874155,0.493347772083693
334,1,0.641853886172395,0.493347772083693
334,0,-0.693147180559945,0.493347772083693
334,0,-0.105360515657826,0.493347772083693
334,0,0.916290731874155,0.493347772083693
334,0,0.916290731874155,0.493347772083693
334,1,1.96009478404727,0.493347772083693
334,1,1.33500106673234,0.493347772083693
334,1,-1.20397280432594,0.493347772083693
337,1,0.470003629245736,0.58026959349283
337,0,0.262364264467491,0.58026959349283
341,1,0,0.588475316615976
341,1,0.470003629245736,0.588475316615976
341,1,0.8754687373539,0.588475316615976
341,1,-0.356674943938732,0.588475316615976
341,1,0.182321556793955,0.588475316615976
341,1,0.262364264467491,0.588475316615976
341,1,-0.22314355131421,0.588475316615976
341,0,1.19392246847243,0.588475316615976
341,1,0.916290731874155,0.588475316615976
341,0,1.33500106673234,0.588475316615976
342,1,-0.105360515657826,0.599429731686039
342,1,-1.20397280432594,0.599429731686039
342,0,0.832909122935104,0.599429731686039
342,0,3.52929738428947,0.599429731686039
342,0,0.470003629245736,0.599429731686039
342,1,-0.916290731874155,0.599429731686039
342,1,-1.20397280432594,0.599429731686039
342,1,-0.693147180559945,0.599429731686039
355,1,-0.356674943938732,0.743597870055679
355,0,1.09861228866811,0.743597870055679
355,1,-0.510825623765991,0.743597870055679
355,0,0.641853886172395,0.743597870055679
355,0,-0.356674943938732,0.743597870055679
355,1,-0.22314355131421,0.743597870055679
355,1,0.470003629245736,0.743597870055679
355,1,-0.510825623765991,0.743597870055679
355,1,-0.105360515657826,0.743597870055679
355,0,0.470003629245736,0.743597870055679
355,1,-0.693147180559945,0.743597870055679
355,0,0.955511445027436,0.743597870055679
355,1,-0.510825623765991,0.743597870055679
362,0,0.78845736036427,0.646071296172926
362,0,0.0953101798043249,0.646071296172926
362,0,-0.22314355131421,0.646071296172926
362,1,0.993251773010283,0.646071296172926
362,0,0,0.646071296172926
362,1,-0.510825623765991,0.646071296172926
365,0,0.587786664902119,0.686188021688138
365,1,-0.693147180559945,0.686188021688138
365,1,-0.356674943938732,0.686188021688138
365,1,-0.105360515657826,0.686188021688138
367,1,2.11625551480255,0.653881266385113
367,1,-1.20397280432594,0.653881266385113
367,1,-0.22314355131421,0.653881266385113
367,1,-0.510825623765991,0.653881266385113
367,1,0.262364264467491,0.653881266385113
367,1,1.3609765531356,0.653881266385113
367,0,1.52605630349505,0.653881266385113
367,1,0.182321556793955,0.653881266385113
368,0,2.09186406167839,0.600368294327148
368,1,1.28093384546206,0.600368294327148
368,1,-1.20397280432594,0.600368294327148
368,0,0.8754687373539,0.600368294327148
368,0,0.470003629245736,0.600368294327148
368,1,-0.693147180559945,0.600368294327148
368,1,-0.22314355131421,0.600368294327148
368,0,1.75785791755237,0.600368294327148
368,1,0,0.600368294327148
368,1,-0.510825623765991,0.600368294327148
368,0,0.405465108108164,0.600368294327148
368,1,-0.916290731874155,0.600368294327148
368,0,-0.916290731874155,0.600368294327148
368,1,0.0953101798043249,0.600368294327148
368,1,-0.105360515657826,0.600368294327148
379,0,0.0953101798043249,0.720159052806743
379,0,0,0.720159052806743
380,1,-0.916290731874155,0.550079028692582
380,1,0.53062825106217,0.550079028692582
380,0,0.336472236621213,0.550079028692582
380,0,-0.105360515657826,0.550079028692582
380,0,1.02961941718116,0.550079028692582
380,1,-0.22314355131421,0.550079028692582
380,1,-0.510825623765991,0.550079028692582
323,0,1.02961941718116,0.568841669734347
323,0,1.16315080980568,0.568841669734347
323,0,0.182321556793955,0.568841669734347
323,0,0.405465108108164,0.568841669734347
323,0,0.78845736036427,0.568841669734347
323,0,0.182321556793955,0.568841669734347
323,0,0.0953101798043249,0.568841669734347
323,0,-0.356674943938732,0.568841669734347
323,0,0.78845736036427,0.568841669734347
323,0,1.82454929205105,0.568841669734347
323,0,1.45861502269952,0.568841669734347
323,1,0.693147180559945,0.568841669734347
323,0,0.693147180559945,0.568841669734347
323,0,2.57261223020711,0.568841669734347
323,0,0.470003629245736,0.568841669734347
323,0,1.16315080980568,0.568841669734347
323,0,0.262364264467491,0.568841669734347
323,0,0.0953101798043249,0.568841669734347
323,0,1.64865862558738,0.568841669734347
323,0,1.33500106673234,0.568841669734347
323,0,0.641853886172395,0.568841669734347
323,0,0.78845736036427,0.568841669734347
323,0,0.53062825106217,0.568841669734347
323,0,0.470003629245736,0.568841669734347
323,0,0.641853886172395,0.568841669734347
323,1,0.955511445027436,0.568841669734347
323,0,0.993251773010283,0.568841669734347
323,0,0.262364264467491,0.568841669734347
323,0,0.405465108108164,0.568841669734347
323,0,0.0953101798043249,0.568841669734347
323,0,1.25276296849537,0.568841669734347
323,0,0.262364264467491,0.568841669734347
323,0,2.56494935746154,0.568841669734347
323,0,1.06471073699243,0.568841669734347
323,0,1.70474809223843,0.568841669734347
323,0,-0.105360515657826,0.568841669734347
323,0,0.336472236621213,0.568841669734347
323,0,0.641853886172395,0.568841669734347
323,0,-0.693147180559945,0.568841669734347
323,0,-0.693147180559945,0.568841669734347
323,0,0,0.568841669734347
323,1,1.88706964903238,0.568841669734347
323,0,0.53062825106217,0.568841669734347
323,0,0.8754687373539,0.568841669734347
323,0,1.52605630349505,0.568841669734347
323,0,0.405465108108164,0.568841669734347
323,0,1.70474809223843,0.568841669734347
323,1,0.955511445027436,0.568841669734347
323,0,0.0953101798043249,0.568841669734347
323,0,0,0.568841669734347
323,0,0.8754687373539,0.568841669734347
323,0,0.693147180559945,0.568841669734347
323,0,1.1314021114911,0.568841669734347
323,1,0.693147180559945,0.568841669734347
323,0,0.336472236621213,0.568841669734347
323,0,0.832909122935104,0.568841669734347
323,0,0.0953101798043249,0.568841669734347
323,0,-0.510825623765991,0.568841669734347
323,0,0.741937344729377,0.568841669734347
323,0,0.693147180559945,0.568841669734347
323,0,0.262364264467491,0.568841669734347
323,0,0.641853886172395,0.568841669734347
323,0,2.06686275947298,0.568841669734347
323,0,1.38629436111989,0.568841669734347
323,0,0.336472236621213,0.568841669734347
323,0,0.0953101798043249,0.568841669734347
323,0,0.993251773010283,0.568841669734347
323,0,0.182321556793955,0.568841669734347
323,0,0.470003629245736,0.568841669734347
323,0,0.955511445027436,0.568841669734347
323,0,-0.356674943938732,0.568841669734347
323,0,-0.105360515657826,0.568841669734347
323,0,0,0.568841669734347
323,0,0.336472236621213,0.568841669734347
323,0,0.0953101798043249,0.568841669734347
323,0,1.19392246847243,0.568841669734347
323,1,-0.510825623765991,0.568841669734347
323,1,-0.105360515657826,0.568841669734347
323,0,1.3609765531356,0.568841669734347
323,1,1.50407739677627,0.568841669734347
323,0,0.53062825106217,0.568841669734347
323,0,0.405465108108164,0.568841669734347
323,1,0.336472236621213,0.568841669734347
323,0,0,0.568841669734347
323,0,-0.693147180559945,0.568841669734347
323,0,0.832909122935104,0.568841669734347
323,0,0.182321556793955,0.568841669734347
323,0,0.0953101798043249,0.568841669734347
323,0,0.182321556793955,0.568841669734347
323,0,-0.22314355131421,0.568841669734347
323,0,0.741937344729377,0.568841669734347
323,0,-0.22314355131421,0.568841669734347
323,1,-0.105360515657826,0.568841669734347
323,1,-0.510825623765991,0.568841669734347
323,0,-0.22314355131421,0.568841669734347
323,0,0.53062825106217,0.568841669734347
323,0,0.587786664902119,0.568841669734347
323,0,0.336472236621213,0.568841669734347
323,0,0,0.568841669734347
323,0,-0.510825623765991,0.568841669734347
323,0,0.693147180559945,0.568841669734347
323,0,0,0.568841669734347
323,1,-0.356674943938732,0.568841669734347
323,0,1.19392246847243,0.568841669734347
323,0,1.02961941718116,0.568841669734347
323,0,0,0.568841669734347
323,0,0.693147180559945,0.568841669734347
323,0,1.77495235091167,0.568841669734347
323,0,1.09861228866811,0.568841669734347
323,0,0.53062825106217,0.568841669734347
323,0,0.587786664902119,0.568841669734347
323,0,0.587786664902119,0.568841669734347
323,1,-0.22314355131421,0.568841669734347
323,0,0,0.568841669734347
323,0,0.262364264467491,0.568841669734347
323,1,1.30833281965018,0.568841669734347
323,0,0.182321556793955,0.568841669734347
323,0,0,0.568841669734347
323,0,1.16315080980568,0.568841669734347
323,1,0,0.568841669734347
323,0,0.693147180559945,0.568841669734347
323,0,1.64865862558738,0.568841669734347
323,0,0.0953101798043249,0.568841669734347
323,0,0.53062825106217,0.568841669734347
323,0,0.336472236621213,0.568841669734347
323,0,0.916290731874155,0.568841669734347
323,0,1.50407739677627,0.568841669734347
323,1,0.336472236621213,0.568841669734347
323,0,0.955511445027436,0.568841669734347
323,1,0,0.568841669734347
323,9,-0.916290731874155,0.568841669734347
323,0,0.53062825106217,0.568841669734347
323,0,-0.356674943938732,0.568841669734347
323,0,-0.356674943938732,0.568841669734347
323,1,1.58923520511658,0.568841669734347
323,0,0.53062825106217,0.568841669734347
323,0,-0.22314355131421,0.568841669734347
323,0,1.45861502269952,0.568841669734347
323,0,1.28093384546206,0.568841669734347
323,0,0.587786664902119,0.568841669734347
323,0,0.8754687373539,0.568841669734347
323,0,1.48160454092422,0.568841669734347
323,1,1.45861502269952,0.568841669734347
323,1,0.78845736036427,0.568841669734347
323,0,0.53062825106217,0.568841669734347
323,1,0.78845736036427,0.568841669734347
323,0,0.916290731874155,0.568841669734347
323,0,1.45861502269952,0.568841669734347
323,0,0.693147180559945,0.568841669734347
323,0,0.0953101798043249,0.568841669734347
323,0,-0.693147180559945,0.568841669734347
323,0,0.262364264467491,0.568841669734347
323,0,0.470003629245736,0.568841669734347
323,0,1.77495235091167,0.568841669734347
323,0,1.66770682055808,0.568841669734347
323,0,-0.105360515657826,0.568841669734347
323,0,-0.510825623765991,0.568841669734347
323,0,0.182321556793955,0.568841669734347
323,0,0.641853886172395,0.568841669734347
323,0,0.336472236621213,0.568841669734347
323,0,0.955511445027436,0.568841669734347
323,0,1.09861228866811,0.568841669734347
323,0,0,0.568841669734347
323,0,1.6094379124341,0.568841669734347
323,0,-0.22314355131421,0.568841669734347
323,0,0.693147180559945,0.568841669734347
323,0,0.182321556793955,0.568841669734347
323,0,0.470003629245736,0.568841669734347
323,0,-0.22314355131421,0.568841669734347
323,1,-0.105360515657826,0.568841669734347
323,0,-0.510825623765991,0.568841669734347
323,0,0.832909122935104,0.568841669734347
323,0,1.09861228866811,0.568841669734347
323,1,0.470003629245736,0.568841669734347
323,0,0.587786664902119,0.568841669734347
323,1,-0.693147180559945,0.568841669734347
323,0,0.470003629245736,0.568841669734347
323,0,0.832909122935104,0.568841669734347
323,0,0.53062825106217,0.568841669734347
323,2,-1.20397280432594,0.568841669734347
323,1,-0.510825623765991,0.568841669734347
323,0,1.54756250871601,0.568841669734347
323,0,0.336472236621213,0.568841669734347
323,0,1.1314021114911,0.568841669734347
323,0,1.16315080980568,0.568841669734347
323,0,-0.105360515657826,0.568841669734347
323,0,0.832909122935104,0.568841669734347
323,0,0.405465108108164,0.568841669734347
323,0,0.8754687373539,0.568841669734347
323,0,0.262364264467491,0.568841669734347
323,0,2.12823170584927,0.568841669734347
323,1,3.62700405039585,0.568841669734347
323,0,0.78845736036427,0.568841669734347
323,0,0.182321556793955,0.568841669734347
323,0,-0.22314355131421,0.568841669734347
323,0,0.78845736036427,0.568841669734347
323,0,1.1314021114911,0.568841669734347
323,0,-0.356674943938732,0.568841669734347
323,0,-0.105360515657826,0.568841669734347
323,0,1.97408102602201,0.568841669734347
323,0,0.336472236621213,0.568841669734347
323,0,1.50407739677627,0.568841669734347
323,0,0.993251773010283,0.568841669734347
323,0,1.3609765531356,0.568841669734347
323,0,0.78845736036427,0.568841669734347
323,0,-0.105360515657826,0.568841669734347
323,0,0.587786664902119,0.568841669734347
2,0,1.7404661748405,0.729455001512876
2,1,2.21920348405499,0.729455001512876
2,0,1.02961941718116,0.729455001512876
2,0,1.64865862558738,0.729455001512876
2,0,2.62466859216316,0.729455001512876
2,0,1.64865862558738,0.729455001512876
2,0,2.00148000021012,0.729455001512876
2,0,2.07944154167984,0.729455001512876
2,0,1.22377543162212,0.729455001512876
2,0,3.18221184049661,0.729455001512876
2,0,1.90210752639692,0.729455001512876
2,0,2.61739583283408,0.729455001512876
2,0,2.19722457733622,0.729455001512876
2,1,1.19392246847243,0.729455001512876
2,0,3.32862668882732,0.729455001512876
2,0,3.18635263316264,0.729455001512876
2,1,1.85629799036563,0.729455001512876
2,0,0.916290731874155,0.729455001512876
2,0,1.87180217690159,0.729455001512876
2,0,2.43361335540045,0.729455001512876
2,0,2.09186406167839,0.729455001512876
2,0,2.2082744135228,0.729455001512876
2,1,1.06471073699243,0.729455001512876
13,1,1.48160454092422,0.460104797066488
13,0,1.88706964903238,0.460104797066488
13,0,1.88706964903238,0.460104797066488
13,0,2.4932054526027,0.460104797066488
13,0,1.41098697371026,0.460104797066488
13,0,1.77495235091167,0.460104797066488
13,0,1.94591014905531,0.460104797066488
13,0,2.35137525716348,0.460104797066488
13,0,1.7404661748405,0.460104797066488
13,0,1.97408102602201,0.460104797066488
13,0,1.77495235091167,0.460104797066488
13,0,0.955511445027436,0.460104797066488
13,0,1.7404661748405,0.460104797066488
13,0,0.693147180559945,0.460104797066488
13,0,2.46809953147162,0.460104797066488
13,0,0.832909122935104,0.460104797066488
13,0,1.50407739677627,0.460104797066488
13,0,1.45861502269952,0.460104797066488
13,0,2.74727091425549,0.460104797066488
13,1,1.41098697371026,0.460104797066488
13,1,0,0.460104797066488
13,0,1.88706964903238,0.460104797066488
13,0,1.68639895357023,0.460104797066488
13,0,1.80828877117927,0.460104797066488
13,0,1.09861228866811,0.460104797066488
13,0,3.15273602236366,0.460104797066488
13,1,1.70474809223843,0.460104797066488
13,0,2.17475172148416,0.460104797066488
13,0,2.95491027903374,0.460104797066488
13,0,1.66770682055808,0.460104797066488
13,0,3.10906095886099,0.460104797066488
13,0,2.06686275947298,0.460104797066488
13,1,1.91692261218206,0.460104797066488
13,0,0.587786664902119,0.460104797066488
13,1,0.641853886172395,0.460104797066488
13,0,0,0.460104797066488
13,1,1.93152141160321,0.460104797066488
13,0,3.78872478908365,0.460104797066488
24,0,2.06686275947298,0.367216189276453
24,0,0.470003629245736,0.367216189276453
24,0,0.53062825106217,0.367216189276453
24,0,1.38629436111989,0.367216189276453
24,0,1.50407739677627,0.367216189276453
24,0,3.4904285153901,0.367216189276453
24,0,0.405465108108164,0.367216189276453
24,0,1.54756250871601,0.367216189276453
29,0,2.23001440015921,0.828818157640333
29,0,3.03013370027132,0.828818157640333
29,0,2.00148000021012,0.828818157640333
29,1,0.832909122935104,0.828818157640333
29,1,-0.105360515657826,0.828818157640333
29,0,1.48160454092422,0.828818157640333
29,1,2.34180580614733,0.828818157640333
29,0,2.58776403522771,0.828818157640333
29,0,2.3887627892351,0.828818157640333
36,1,2.02814824729229,0.403042175175411
36,0,3.96461545554732,0.403042175175411
36,0,1.54756250871601,0.403042175175411
36,0,1.6094379124341,0.403042175175411
36,0,1.7404661748405,0.403042175175411
36,0,1.54756250871601,0.403042175175411
36,1,0.587786664902119,0.403042175175411
36,0,1.93152141160321,0.403042175175411
36,0,1.68639895357023,0.403042175175411
36,0,2.28238238567653,0.403042175175411
36,0,1.3609765531356,0.403042175175411
36,1,1.28093384546206,0.403042175175411
36,0,1.7227665977411,0.403042175175411
36,0,1.41098697371026,0.403042175175411
36,0,1.41098697371026,0.403042175175411
36,0,0.955511445027436,0.403042175175411
36,0,1.06471073699243,0.403042175175411
36,0,0.336472236621213,0.403042175175411
36,1,1.38629436111989,0.403042175175411
36,1,0.832909122935104,0.403042175175411
36,0,0.8754687373539,0.403042175175411
36,0,1.7404661748405,0.403042175175411
36,0,0.405465108108164,0.403042175175411
36,0,2.42480272571829,0.403042175175411
36,0,2.07944154167984,0.403042175175411
36,0,0.641853886172395,0.403042175175411
36,1,-0.916290731874155,0.403042175175411
36,0,1.85629799036563,0.403042175175411
36,1,0.336472236621213,0.403042175175411
36,0,1.54756250871601,0.403042175175411
36,0,2.17475172148416,0.403042175175411
36,0,1.41098697371026,0.403042175175411
36,1,1.45861502269952,0.403042175175411
37,0,2.29253475714054,0.738483768948237
37,0,3.37758751602302,0.738483768948237
37,1,0.741937344729377,0.738483768948237
37,0,1.98787434815435,0.738483768948237
37,0,1.3609765531356,0.738483768948237
37,0,1.94591014905531,0.738483768948237
37,0,2.16332302566054,0.738483768948237
37,1,1.82454929205105,0.738483768948237
37,0,0.641853886172395,0.738483768948237
37,0,2.32238772029023,0.738483768948237
37,0,4.84182208732709,0.738483768948237
37,0,2.2082744135228,0.738483768948237
37,1,-0.105360515657826,0.738483768948237
37,0,2.04122032885964,0.738483768948237
37,0,1.09861228866811,0.738483768948237
37,0,2.17475172148416,0.738483768948237
37,0,0.916290731874155,0.738483768948237
37,0,2.27212588550934,0.738483768948237
37,0,1.50407739677627,0.738483768948237
37,0,1.50407739677627,0.738483768948237
37,0,2.42480272571829,0.738483768948237
37,0,1.50407739677627,0.738483768948237
37,1,-0.916290731874155,0.738483768948237
37,0,1.97408102602201,0.738483768948237
37,0,1.54756250871601,0.738483768948237
37,1,2.43361335540045,0.738483768948237
37,0,0.832909122935104,0.738483768948237
37,0,0.405465108108164,0.738483768948237
37,0,1.90210752639692,0.738483768948237
37,0,1.64865862558738,0.738483768948237
37,0,2.76631910922619,0.738483768948237
43,0,0.405465108108164,0.411228467997269
43,0,0.993251773010283,0.411228467997269
43,0,1.02961941718116,0.411228467997269
43,0,1.28093384546206,0.411228467997269
44,0,1.30833281965018,0.500199364524691
44,0,1.80828877117927,0.500199364524691
44,0,1.09861228866811,0.500199364524691
44,0,1.30833281965018,0.500199364524691
44,0,1.30833281965018,0.500199364524691
44,0,1.30833281965018,0.500199364524691
44,0,3.47196645255036,0.500199364524691
44,0,0.641853886172395,0.500199364524691
44,0,1.75785791755237,0.500199364524691
44,0,1.02961941718116,0.500199364524691
44,0,1.50407739677627,0.500199364524691
44,0,1.33500106673234,0.500199364524691
44,0,0.182321556793955,0.500199364524691
44,0,1.22377543162212,0.500199364524691
44,1,1.1314021114911,0.500199364524691
44,0,1.06471073699243,0.500199364524691
44,1,-0.105360515657826,0.500199364524691
44,0,2.04122032885964,0.500199364524691
44,0,1.1314021114911,0.500199364524691
44,0,2.24070968927596,0.500199364524691
44,0,2.40694510831829,0.500199364524691
44,0,2.06686275947298,0.500199364524691
44,0,2.19722457733622,0.500199364524691
44,0,1.56861591791385,0.500199364524691
44,0,1.88706964903238,0.500199364524691
44,0,1.45861502269952,0.500199364524691
44,0,1.43508452528932,0.500199364524691
44,0,0.955511445027436,0.500199364524691
44,0,2.05412373369555,0.500199364524691
44,0,1.1314021114911,0.500199364524691
44,0,1.33500106673234,0.500199364524691
44,0,2.29253475714054,0.500199364524691
44,0,1.09861228866811,0.500199364524691
44,1,0.53062825106217,0.500199364524691
44,0,2.12823170584927,0.500199364524691
44,0,1.41098697371026,0.500199364524691
44,1,1.41098697371026,0.500199364524691
44,0,1.52605630349505,0.500199364524691
44,0,1.6094379124341,0.500199364524691
44,0,1.30833281965018,0.500199364524691
44,0,1.22377543162212,0.500199364524691
44,1,1.45861502269952,0.500199364524691
44,0,1.33500106673234,0.500199364524691
44,0,0.336472236621213,0.500199364524691
44,0,1.1314021114911,0.500199364524691
44,0,1.56861591791385,0.500199364524691
44,0,0.182321556793955,0.500199364524691
44,0,1.50407739677627,0.500199364524691
44,0,1.3609765531356,0.500199364524691
44,0,1.6094379124341,0.500199364524691
44,0,2.45958884180371,0.500199364524691
44,0,1.52605630349505,0.500199364524691
44,0,2.86220088092947,0.500199364524691
44,0,-0.105360515657826,0.500199364524691
44,0,0.693147180559945,0.500199364524691
44,0,1.09861228866811,0.500199364524691
44,0,1.09861228866811,0.500199364524691
44,0,1.16315080980568,0.500199364524691
44,0,1.28093384546206,0.500199364524691
44,0,0.641853886172395,0.500199364524691
44,0,1.64865862558738,0.500199364524691
44,0,1.64865862558738,0.500199364524691
44,0,2.34180580614733,0.500199364524691
44,0,1.43508452528932,0.500199364524691
44,0,2.09186406167839,0.500199364524691
44,1,0.405465108108164,0.500199364524691
44,0,1.28093384546206,0.500199364524691
44,0,1.33500106673234,0.500199364524691
44,0,1.30833281965018,0.500199364524691
44,0,1.22377543162212,0.500199364524691
44,0,1.70474809223843,0.500199364524691
44,0,1.06471073699243,0.500199364524691
44,0,1.91692261218206,0.500199364524691
44,0,2.10413415427021,0.500199364524691
44,0,1.93152141160321,0.500199364524691
44,0,1.33500106673234,0.500199364524691
44,0,1.43508452528932,0.500199364524691
44,0,-0.105360515657826,0.500199364524691
44,0,1.19392246847243,0.500199364524691
44,0,1.3609765531356,0.500199364524691
44,0,2.12823170584927,0.500199364524691
44,0,1.70474809223843,0.500199364524691
44,0,1.38629436111989,0.500199364524691
44,0,1.33500106673234,0.500199364524691
44,0,1.06471073699243,0.500199364524691
44,0,1.28093384546206,0.500199364524691
44,0,1.19392246847243,0.500199364524691
44,0,1.52605630349505,0.500199364524691
44,0,1.91692261218206,0.500199364524691
44,0,1.91692261218206,0.500199364524691
44,0,1.43508452528932,0.500199364524691
44,0,1.84054963339749,0.500199364524691
44,0,0.336472236621213,0.500199364524691
44,0,1.6094379124341,0.500199364524691
44,0,1.06471073699243,0.500199364524691
44,0,0.405465108108164,0.500199364524691
44,0,1.70474809223843,0.500199364524691
44,1,0.405465108108164,0.500199364524691
44,0,2.87919845729804,0.500199364524691
44,0,1.96009478404727,0.500199364524691
44,0,1.43508452528932,0.500199364524691
57,0,0.53062825106217,0.590854177493207
57,0,2.33214389523559,0.590854177493207
57,0,2.56494935746154,0.590854177493207
57,0,1.87180217690159,0.590854177493207
57,0,2.68784749378469,0.590854177493207
57,0,0.955511445027436,0.590854177493207
57,0,1.97408102602201,0.590854177493207
57,0,0.470003629245736,0.590854177493207
57,0,1.45861502269952,0.590854177493207
57,2,-0.916290731874155,0.590854177493207
57,0,1.45861502269952,0.590854177493207
57,0,1.02961941718116,0.590854177493207
57,0,0.916290731874155,0.590854177493207
57,0,1.87180217690159,0.590854177493207
57,0,1.91692261218206,0.590854177493207
57,0,2.01490302054226,0.590854177493207
57,1,2.54160199346455,0.590854177493207
57,0,2.37024374146786,0.590854177493207
57,0,0.993251773010283,0.590854177493207
57,0,1.54756250871601,0.590854177493207
57,0,1.77495235091167,0.590854177493207
57,0,0.955511445027436,0.590854177493207
57,0,1.43508452528932,0.590854177493207
57,0,1.48160454092422,0.590854177493207
57,0,3.16547504814109,0.590854177493207
57,0,1.30833281965018,0.590854177493207
57,0,0.8754687373539,0.590854177493207
57,0,2.11625551480255,0.590854177493207
57,1,1.43508452528932,0.590854177493207
57,0,2.90142159408275,0.590854177493207
57,0,1.48160454092422,0.590854177493207
57,0,1.91692261218206,0.590854177493207
57,0,2.15176220325946,0.590854177493207
57,0,2.77258872223978,0.590854177493207
57,0,2.68102152871429,0.590854177493207
57,0,1.58923520511658,0.590854177493207
57,0,0.8754687373539,0.590854177493207
57,0,4.2297491992283,0.590854177493207
57,0,1.77495235091167,0.590854177493207
57,0,3.29583686600433,0.590854177493207
57,0,1.93152141160321,0.590854177493207
57,0,1.97408102602201,0.590854177493207
57,0,1.25276296849537,0.590854177493207
57,0,2.05412373369555,0.590854177493207
57,0,2.11625551480255,0.590854177493207
57,0,1.09861228866811,0.590854177493207
57,0,0.916290731874155,0.590854177493207
57,1,2.26176309847379,0.590854177493207
57,0,3.07269331469012,0.590854177493207
57,0,1.45861502269952,0.590854177493207
57,0,3.22684399451738,0.590854177493207
57,0,1.3609765531356,0.590854177493207
57,0,3.15700042115011,0.590854177493207
57,0,1.41098697371026,0.590854177493207
57,0,2.17475172148416,0.590854177493207
57,0,1.54756250871601,0.590854177493207
57,0,1.50407739677627,0.590854177493207
57,0,1.6094379124341,0.590854177493207
57,0,1.7404661748405,0.590854177493207
57,1,0.336472236621213,0.590854177493207
57,0,0.8754687373539,0.590854177493207
57,1,1.48160454092422,0.590854177493207
57,0,1.22377543162212,0.590854177493207
57,0,1.25276296849537,0.590854177493207
57,0,0.993251773010283,0.590854177493207
57,1,1.22377543162212,0.590854177493207
57,0,1.16315080980568,0.590854177493207
57,0,1.06471073699243,0.590854177493207
57,0,1.41098697371026,0.590854177493207
57,0,1.64865862558738,0.590854177493207
57,0,1.97408102602201,0.590854177493207
57,0,1.70474809223843,0.590854177493207
57,0,0.587786664902119,0.590854177493207
57,0,2.94968833505258,0.590854177493207
57,0,2.484906649788,0.590854177493207
57,0,1.16315080980568,0.590854177493207
57,0,1.70474809223843,0.590854177493207
57,0,1.80828877117927,0.590854177493207
57,0,2.53369681395743,0.590854177493207
57,1,0.78845736036427,0.590854177493207
57,0,1.41098697371026,0.590854177493207
57,0,2.2512917986065,0.590854177493207
57,0,1.68639895357023,0.590854177493207
57,0,1.33500106673234,0.590854177493207
57,0,1.77495235091167,0.590854177493207
57,1,0.832909122935104,0.590854177493207
57,0,1.96009478404727,0.590854177493207
57,1,-0.22314355131421,0.590854177493207
57,0,1.88706964903238,0.590854177493207
57,0,3.16124671203156,0.590854177493207
57,0,2.4932054526027,0.590854177493207
57,0,1.70474809223843,0.590854177493207
57,0,1.84054963339749,0.590854177493207
57,0,2.30258509299405,0.590854177493207
57,0,1.28093384546206,0.590854177493207
57,0,1.41098697371026,0.590854177493207
57,0,1.38629436111989,0.590854177493207
57,0,0.262364264467491,0.590854177493207
57,0,1.96009478404727,0.590854177493207
57,1,0.405465108108164,0.590854177493207
57,0,1.7227665977411,0.590854177493207
57,0,1.1314021114911,0.590854177493207
57,1,2.54944517092557,0.590854177493207
57,0,1.22377543162212,0.590854177493207
57,1,0.470003629245736,0.590854177493207
57,0,1.96009478404727,0.590854177493207
57,0,1.58923520511658,0.590854177493207
57,0,2.18605127673809,0.590854177493207
57,0,2.06686275947298,0.590854177493207
57,0,3.06339092202781,0.590854177493207
57,0,0.993251773010283,0.590854177493207
57,0,2.41591377830105,0.590854177493207
57,0,2.29253475714054,0.590854177493207
57,0,2.57261223020711,0.590854177493207
57,0,0.741937344729377,0.590854177493207
57,0,1.48160454092422,0.590854177493207
57,0,1.90210752639692,0.590854177493207
57,0,2.2082744135228,0.590854177493207
57,0,1.09861228866811,0.590854177493207
57,0,2.12823170584927,0.590854177493207
57,0,2.68102152871429,0.590854177493207
57,0,2.41591377830105,0.590854177493207
57,0,3.11794990627824,0.590854177493207
57,0,1.66770682055808,0.590854177493207
57,0,2.40694510831829,0.590854177493207
57,0,1.54756250871601,0.590854177493207
57,0,1.90210752639692,0.590854177493207
57,0,1.7404661748405,0.590854177493207
57,0,1.56861591791385,0.590854177493207
57,0,4.45085282560373,0.590854177493207
57,0,2.91235066461494,0.590854177493207
57,0,2.19722457733622,0.590854177493207
57,0,2.3887627892351,0.590854177493207
57,0,1.90210752639692,0.590854177493207
57,0,2.3887627892351,0.590854177493207
57,0,0.78845736036427,0.590854177493207
57,0,2.94968833505258,0.590854177493207
57,0,1.19392246847243,0.590854177493207
57,0,1.33500106673234,0.590854177493207
57,0,0.78845736036427,0.590854177493207
57,1,1.91692261218206,0.590854177493207
57,0,1.41098697371026,0.590854177493207
57,0,2.77258872223978,0.590854177493207
57,0,1.3609765531356,0.590854177493207
57,0,2.51769647261099,0.590854177493207
57,0,1.88706964903238,0.590854177493207
57,0,2.58021682959233,0.590854177493207
57,0,1.16315080980568,0.590854177493207
57,0,1.52605630349505,0.590854177493207
57,0,1.22377543162212,0.590854177493207
57,0,2.39789527279837,0.590854177493207
57,0,1.56861591791385,0.590854177493207
57,0,2.05412373369555,0.590854177493207
57,0,1.66770682055808,0.590854177493207
57,0,1.33500106673234,0.590854177493207
57,0,2.16332302566054,0.590854177493207
57,0,1.1314021114911,0.590854177493207
57,0,2.59525470695687,0.590854177493207
57,0,1.77495235091167,0.590854177493207
57,0,2.62466859216316,0.590854177493207
57,0,-0.105360515657826,0.590854177493207
57,0,2.484906649788,0.590854177493207
57,0,1.28093384546206,0.590854177493207
57,0,1.94591014905531,0.590854177493207
57,1,-0.916290731874155,0.590854177493207
57,0,2.54944517092557,0.590854177493207
57,0,1.1314021114911,0.590854177493207
57,0,0.8754687373539,0.590854177493207
57,0,1.64865862558738,0.590854177493207
57,0,1.48160454092422,0.590854177493207
57,0,2.02814824729229,0.590854177493207
58,0,-2.30258509299405,0.219753812636094
58,0,0.955511445027436,0.219753812636094
58,0,0.993251773010283,0.219753812636094
58,0,2.67414864942653,0.219753812636094
58,0,-1.6094379124341,0.219753812636094
58,0,1.66770682055808,0.219753812636094
58,0,1.41098697371026,0.219753812636094
58,0,0.955511445027436,0.219753812636094
58,0,1.54756250871601,0.219753812636094
58,0,1.25276296849537,0.219753812636094
58,0,1.02961941718116,0.219753812636094
58,0,1.68639895357023,0.219753812636094
58,0,-2.30258509299405,0.219753812636094
58,0,1.48160454092422,0.219753812636094
92,1,1.43508452528932,0.30458343632691
92,0,1.84054963339749,0.30458343632691
92,0,1.50407739677627,0.30458343632691
92,0,1.79175946922805,0.30458343632691
92,1,-0.22314355131421,0.30458343632691
92,1,1.64865862558738,0.30458343632691
92,1,1.22377543162212,0.30458343632691
92,0,2.32238772029023,0.30458343632691
92,0,1.66770682055808,0.30458343632691
92,0,2.28238238567653,0.30458343632691
92,0,1.80828877117927,0.30458343632691
93,0,1.48160454092422,0.474736163120713
93,0,2.57261223020711,0.474736163120713
93,0,2.63188884013665,0.474736163120713
93,0,1.45861502269952,0.474736163120713
99,0,1.91692261218206,0.670073007589344
99,1,1.19392246847243,0.670073007589344
99,0,2.16332302566054,0.670073007589344
99,0,2.92852352386054,0.670073007589344
99,0,1.70474809223843,0.670073007589344
99,0,1.93152141160321,0.670073007589344
99,0,1.88706964903238,0.670073007589344
99,1,2.61739583283408,0.670073007589344
99,0,0.470003629245736,0.670073007589344
99,0,2.14006616349627,0.670073007589344
99,0,2.80336038090653,0.670073007589344
99,0,2.14006616349627,0.670073007589344
99,0,2.4423470353692,0.670073007589344
99,0,1.90210752639692,0.670073007589344
99,0,2.45958884180371,0.670073007589344
99,0,1.84054963339749,0.670073007589344
99,0,1.16315080980568,0.670073007589344
99,0,3.11794990627824,0.670073007589344
99,0,0.8754687373539,0.670073007589344
99,0,1.7227665977411,0.670073007589344
99,0,1.45861502269952,0.670073007589344
99,0,3.23474917402449,0.670073007589344
99,0,1.09861228866811,0.670073007589344
99,0,0.470003629245736,0.670073007589344
99,0,3.04452243772342,0.670073007589344
99,0,2.11625551480255,0.670073007589344
99,0,1.62924053973028,0.670073007589344
99,0,0.262364264467491,0.670073007589344
100,0,1.84054963339749,0.2849458323589
100,0,2.37954613413017,0.2849458323589
100,0,0.0953101798043249,0.2849458323589
100,1,-0.693147180559945,0.2849458323589
103,0,0.916290731874155,0.590627071569474
103,1,0.78845736036427,0.590627071569474
103,0,2.65324196460721,0.590627071569474
103,0,1.43508452528932,0.590627071569474
103,0,1.09861228866811,0.590627071569474
103,0,2.01490302054226,0.590627071569474
103,0,1.88706964903238,0.590627071569474
103,0,3.22286784613774,0.590627071569474
103,0,1.87180217690159,0.590627071569474
103,1,2.33214389523559,0.590627071569474
103,0,0,0.590627071569474
103,0,1.16315080980568,0.590627071569474
103,0,1.41098697371026,0.590627071569474
103,0,1.38629436111989,0.590627071569474
103,1,1.84054963339749,0.590627071569474
113,0,1.64865862558738,0.352394797165028
113,1,1.41098697371026,0.352394797165028
113,0,1.54756250871601,0.352394797165028
113,0,0.993251773010283,0.352394797165028
113,1,0.693147180559945,0.352394797165028
113,0,2.01490302054226,0.352394797165028
113,1,-0.510825623765991,0.352394797165028
122,0,0.916290731874155,0.789079893822828
122,0,1.98787434815435,0.789079893822828
122,0,1.88706964903238,0.789079893822828
122,0,0.916290731874155,0.789079893822828
122,0,1.02961941718116,0.789079893822828
122,0,1.56861591791385,0.789079893822828
122,0,0.78845736036427,0.789079893822828
125,0,3.53514535417189,0.542458002815748
125,0,1.56861591791385,0.542458002815748
125,0,2.00148000021012,0.542458002815748
125,0,2.42480272571829,0.542458002815748
125,0,2.484906649788,0.542458002815748
125,0,2.18605127673809,0.542458002815748
125,0,2.76631910922619,0.542458002815748
125,0,2.64617479738412,0.542458002815748
125,0,1.87180217690159,0.542458002815748
125,0,2.7408400239252,0.542458002815748
125,0,2.75366071235426,0.542458002815748
125,0,3.00568260440716,0.542458002815748
125,1,1.43508452528932,0.542458002815748
125,0,1.88706964903238,0.542458002815748
125,0,1.98787434815435,0.542458002815748
125,1,1.66770682055808,0.542458002815748
125,0,2.29253475714054,0.542458002815748
125,0,1.02961941718116,0.542458002815748
125,0,2.39789527279837,0.542458002815748
125,0,2.10413415427021,0.542458002815748
125,0,1.6094379124341,0.542458002815748
125,0,3.21486780347066,0.542458002815748
125,0,2.39789527279837,0.542458002815748
125,0,1.96009478404727,0.542458002815748
125,0,2.54944517092557,0.542458002815748
125,0,2.21920348405499,0.542458002815748
125,0,2.90690105984738,0.542458002815748
125,0,2.29253475714054,0.542458002815748
125,0,2.52572864430826,0.542458002815748
125,0,2.2512917986065,0.542458002815748
125,0,2.34180580614733,0.542458002815748
125,0,2.96010509591084,0.542458002815748
125,0,2.9338568698359,0.542458002815748
125,0,2.28238238567653,0.542458002815748
125,0,3.08648663682246,0.542458002815748
125,0,2.96527306606928,0.542458002815748
125,0,2.75366071235426,0.542458002815748
125,0,3.66356164612965,0.542458002815748
125,0,2.77258872223978,0.542458002815748
125,0,2.04122032885964,0.542458002815748
125,0,2.2082744135228,0.542458002815748
125,0,1.54756250871601,0.542458002815748
125,0,0.336472236621213,0.542458002815748
125,0,2.77881927199042,0.542458002815748
125,0,2.16332302566054,0.542458002815748
125,0,3.60549784517489,0.542458002815748
125,1,1.19392246847243,0.542458002815748
125,0,1.7227665977411,0.542458002815748
125,0,2.71469474382088,0.542458002815748
125,0,1.7227665977411,0.542458002815748
125,0,3.03495298670727,0.542458002815748
125,1,0.336472236621213,0.542458002815748
125,0,2.68102152871429,0.542458002815748
125,0,1.1314021114911,0.542458002815748
125,0,1.7404661748405,0.542458002815748
125,0,4.35414143118435,0.542458002815748
125,0,1.22377543162212,0.542458002815748
125,0,2.42480272571829,0.542458002815748
125,0,1.30833281965018,0.542458002815748
125,1,1.68639895357023,0.542458002815748
125,0,1.93152141160321,0.542458002815748
125,0,2.62466859216316,0.542458002815748
125,0,2.86789890204411,0.542458002815748
125,0,1.1314021114911,0.542458002815748
125,0,2.56494935746154,0.542458002815748
125,0,2.4423470353692,0.542458002815748
125,1,2.33214389523559,0.542458002815748
125,0,2.21920348405499,0.542458002815748
125,1,1.77495235091167,0.542458002815748
125,1,2.12823170584927,0.542458002815748
125,1,2.484906649788,0.542458002815748
125,0,2.58021682959233,0.542458002815748
125,0,2.05412373369555,0.542458002815748
125,1,1.48160454092422,0.542458002815748
125,0,2.60268968544438,0.542458002815748
125,0,2.31253542384721,0.542458002815748
125,0,2.19722457733622,0.542458002815748
125,0,2.31253542384721,0.542458002815748
125,0,2.35137525716348,0.542458002815748
125,0,1.09861228866811,0.542458002815748
125,1,1.22377543162212,0.542458002815748
125,0,-0.105360515657826,0.542458002815748
125,0,1.41098697371026,0.542458002815748
125,0,3.56671182013973,0.542458002815748
125,0,2.04122032885964,0.542458002815748
125,0,2.26176309847379,0.542458002815748
125,0,2.54944517092557,0.542458002815748
125,0,2.54160199346455,0.542458002815748
125,0,2.85647020622048,0.542458002815748
125,0,2.19722457733622,0.542458002815748
125,0,1.93152141160321,0.542458002815748
125,0,3.03013370027132,0.542458002815748
125,0,2.76000994003292,0.542458002815748
125,0,2.80336038090653,0.542458002815748
125,0,1.91692261218206,0.542458002815748
125,0,1.82454929205105,0.542458002815748
125,0,1.98787434815435,0.542458002815748
125,0,3.01553490085017,0.542458002815748
125,0,2.87356463957978,0.542458002815748
125,0,2.11625551480255,0.542458002815748
125,0,2.31253542384721,0.542458002815748
125,1,2.04122032885964,0.542458002815748
125,1,0.470003629245736,0.542458002815748
125,2,1.7404661748405,0.542458002815748
125,1,1.30833281965018,0.542458002815748
125,0,1.93152141160321,0.542458002815748
125,0,0.78845736036427,0.542458002815748
125,0,1.56861591791385,0.542458002815748
125,1,1.90210752639692,0.542458002815748
125,0,3.16547504814109,0.542458002815748
125,1,2.8094026953625,0.542458002815748
125,0,3.00071981506503,0.542458002815748
125,0,2.70136121295141,0.542458002815748
125,0,2.12823170584927,0.542458002815748
125,1,0.587786664902119,0.542458002815748
125,0,2.75366071235426,0.542458002815748
125,0,3.21486780347066,0.542458002815748
125,0,2.17475172148416,0.542458002815748
125,0,2.21920348405499,0.542458002815748
125,0,1.93152141160321,0.542458002815748
125,0,2.9391619220656,0.542458002815748
125,0,2.34180580614733,0.542458002815748
125,0,2.66722820658195,0.542458002815748
125,0,2.60268968544438,0.542458002815748
125,0,2.07944154167984,0.542458002815748
125,0,1.45861502269952,0.542458002815748
125,0,4.08933202039856,0.542458002815748
125,0,3.29953372788566,0.542458002815748
125,0,1.75785791755237,0.542458002815748
125,0,2.7408400239252,0.542458002815748
125,0,3.06805293513362,0.542458002815748
125,0,1.90210752639692,0.542458002815748
125,0,2.4932054526027,0.542458002815748
125,0,2.21920348405499,0.542458002815748
125,0,3.19458313229916,0.542458002815748
125,0,2.00148000021012,0.542458002815748
125,0,1.84054963339749,0.542458002815748
125,0,1.66770682055808,0.542458002815748
125,0,2.11625551480255,0.542458002815748
125,0,3.24259235148552,0.542458002815748
125,1,1.70474809223843,0.542458002815748
125,0,2.86220088092947,0.542458002815748
125,0,2.2082744135228,0.542458002815748
125,0,2.3887627892351,0.542458002815748
125,0,2.67414864942653,0.542458002815748
125,1,2.70136121295141,0.542458002815748
125,1,2.05412373369555,0.542458002815748
125,0,2.00148000021012,0.542458002815748
125,0,2.02814824729229,0.542458002815748
125,0,1.66770682055808,0.542458002815748
125,0,2.63188884013665,0.542458002815748
125,0,1.6094379124341,0.542458002815748
125,1,2.2512917986065,0.542458002815748
125,0,2.62466859216316,0.542458002815748
125,0,2.54944517092557,0.542458002815748
125,0,1.68639895357023,0.542458002815748
125,0,2.63905732961526,0.542458002815748
125,0,2.82731362192903,0.542458002815748
125,0,1.1314021114911,0.542458002815748
125,0,1.85629799036563,0.542458002815748
125,0,1.50407739677627,0.542458002815748
125,0,2.09186406167839,0.542458002815748
125,0,2.75366071235426,0.542458002815748
125,0,2.64617479738412,0.542458002815748
125,0,0.470003629245736,0.542458002815748
125,0,1.87180217690159,0.542458002815748
125,0,2.66722820658195,0.542458002815748
125,0,2.98061863574394,0.542458002815748
125,0,2.2082744135228,0.542458002815748
125,0,2.18605127673809,0.542458002815748
125,0,2.54944517092557,0.542458002815748
125,0,2.30258509299405,0.542458002815748
128,0,2.30258509299405,0.656379456367731
128,0,3.55534806148941,0.656379456367731
128,1,1.87180217690159,0.656379456367731
128,0,1.77495235091167,0.656379456367731
128,0,1.09861228866811,0.656379456367731
128,1,2.01490302054226,0.656379456367731
128,0,1.6094379124341,0.656379456367731
128,0,1.02961941718116,0.656379456367731
128,0,1.33500106673234,0.656379456367731
128,0,1.3609765531356,0.656379456367731
128,0,2.40694510831829,0.656379456367731
128,1,0.182321556793955,0.656379456367731
128,0,2.89591193827178,0.656379456367731
128,0,0.336472236621213,0.656379456367731
128,1,2.70805020110221,0.656379456367731
128,0,2.01490302054226,0.656379456367731
128,0,1.02961941718116,0.656379456367731
128,0,2.18605127673809,0.656379456367731
128,0,2.91235066461494,0.656379456367731
128,0,1.82454929205105,0.656379456367731
128,1,1.06471073699243,0.656379456367731
128,0,1.3609765531356,0.656379456367731
128,0,1.93152141160321,0.656379456367731
131,1,1.09861228866811,0.376489335871591
131,0,1.58923520511658,0.376489335871591
131,1,0.741937344729377,0.376489335871591
131,1,1.38629436111989,0.376489335871591
131,0,0.78845736036427,0.376489335871591
131,1,0.262364264467491,0.376489335871591
131,0,1.22377543162212,0.376489335871591
131,0,0.53062825106217,0.376489335871591
131,0,1.1314021114911,0.376489335871591
131,0,2.09186406167839,0.376489335871591
142,0,0.916290731874155,0.672796503111713
142,0,1.33500106673234,0.672796503111713
142,0,2.54944517092557,0.672796503111713
142,0,2.37024374146786,0.672796503111713
142,0,2.02814824729229,0.672796503111713
142,0,1.75785791755237,0.672796503111713
142,0,1.16315080980568,0.672796503111713
142,0,1.98787434815435,0.672796503111713
142,0,2.15176220325946,0.672796503111713
142,0,1.98787434815435,0.672796503111713
142,1,0.262364264467491,0.672796503111713
142,0,1.22377543162212,0.672796503111713
142,0,1.3609765531356,0.672796503111713
142,0,3.16968558067743,0.672796503111713
142,0,1.28093384546206,0.672796503111713
142,1,1.68639895357023,0.672796503111713
142,0,2.58776403522771,0.672796503111713
142,0,3.23867845216438,0.672796503111713
142,0,2.21920348405499,0.672796503111713
142,0,1.09861228866811,0.672796503111713
142,0,2.30258509299405,0.672796503111713
142,0,1.43508452528932,0.672796503111713
142,0,1.22377543162212,0.672796503111713
142,1,0.336472236621213,0.672796503111713
142,0,0.53062825106217,0.672796503111713
142,0,2.24070968927596,0.672796503111713
142,0,2.33214389523559,0.672796503111713
142,0,1.68639895357023,0.672796503111713
142,0,2.2082744135228,0.672796503111713
142,0,1.93152141160321,0.672796503111713
142,0,0.53062825106217,0.672796503111713
165,0,1.3609765531356,0.330971420550178
165,1,0,0.330971420550178
165,0,1.64865862558738,0.330971420550178
165,1,0.336472236621213,0.330971420550178
165,0,1.33500106673234,0.330971420550178
165,0,1.45861502269952,0.330971420550178
165,0,1.43508452528932,0.330971420550178
165,0,2.2082744135228,0.330971420550178
170,0,1.88706964903238,0.406364703351001
170,0,1.33500106673234,0.406364703351001
170,0,1.19392246847243,0.406364703351001
170,0,1.97408102602201,0.406364703351001
170,0,1.7404661748405,0.406364703351001
193,0,1.96009478404727,0.38938992525149
193,0,0.993251773010283,0.38938992525149
193,0,1.58923520511658,0.38938992525149
193,0,2.07944154167984,0.38938992525149
193,0,1.66770682055808,0.38938992525149
193,0,1.50407739677627,0.38938992525149
193,0,1.33500106673234,0.38938992525149
193,0,1.52605630349505,0.38938992525149
193,0,2.12823170584927,0.38938992525149
193,1,0.693147180559945,0.38938992525149
193,0,1.41098697371026,0.38938992525149
193,0,1.58923520511658,0.38938992525149
193,0,2.68784749378469,0.38938992525149
207,0,2.16332302566054,0.220612350526678
207,1,-0.22314355131421,0.220612350526678
207,0,0.641853886172395,0.220612350526678
207,0,1.02961941718116,0.220612350526678
207,0,1.38629436111989,0.220612350526678
207,0,1.43508452528932,0.220612350526678
207,0,0.641853886172395,0.220612350526678
207,1,1.85629799036563,0.220612350526678
207,1,0.641853886172395,0.220612350526678
207,1,-0.105360515657826,0.220612350526678
207,0,2.15176220325946,0.220612350526678
207,1,0.8754687373539,0.220612350526678
207,0,1.54756250871601,0.220612350526678
207,0,0.955511445027436,0.220612350526678
207,0,1.19392246847243,0.220612350526678
207,0,1.45861502269952,0.220612350526678
207,0,2.54160199346455,0.220612350526678
207,1,1.1314021114911,0.220612350526678
207,0,1.58923520511658,0.220612350526678
207,0,0.993251773010283,0.220612350526678
207,0,0.641853886172395,0.220612350526678
207,1,0.832909122935104,0.220612350526678
207,0,1.77495235091167,0.220612350526678
207,0,1.16315080980568,0.220612350526678
207,1,0,0.220612350526678
207,0,0.53062825106217,0.220612350526678
207,0,1.30833281965018,0.220612350526678
207,0,0.0953101798043249,0.220612350526678
207,0,1.52605630349505,0.220612350526678
207,1,0.405465108108164,0.220612350526678
208,1,0.916290731874155,0.322489213957186
208,0,1.56861591791385,0.322489213957186
208,0,3.57794789340665,0.322489213957186
208,0,1.30833281965018,0.322489213957186
208,0,1.82454929205105,0.322489213957186
208,1,-0.510825623765991,0.322489213957186
208,0,2.26176309847379,0.322489213957186
208,1,-0.356674943938732,0.322489213957186
208,1,-0.356674943938732,0.322489213957186
210,0,1.58923520511658,0.653205007216837
210,1,0.587786664902119,0.653205007216837
210,1,0.587786664902119,0.653205007216837
210,0,1.82454929205105,0.653205007216837
210,0,1.68639895357023,0.653205007216837
210,0,0.470003629245736,0.653205007216837
211,0,2.07944154167984,0.477767164863559
211,0,0.8754687373539,0.477767164863559
211,0,1.7404661748405,0.477767164863559
211,0,1.75785791755237,0.477767164863559
211,0,1.62924053973028,0.477767164863559
211,0,1.50407739677627,0.477767164863559
211,0,2.06686275947298,0.477767164863559
211,0,1.70474809223843,0.477767164863559
211,1,0.916290731874155,0.477767164863559
211,0,1.43508452528932,0.477767164863559
211,0,1.43508452528932,0.477767164863559
211,0,2.37024374146786,0.477767164863559
211,1,1.25276296849537,0.477767164863559
211,1,1.02961941718116,0.477767164863559
211,0,1.93152141160321,0.477767164863559
211,0,1.48160454092422,0.477767164863559
211,0,0.993251773010283,0.477767164863559
215,0,0.587786664902119,0.616579262140955
215,0,3.92986292355648,0.616579262140955
215,0,2.37024374146786,0.616579262140955
215,0,2.17475172148416,0.616579262140955
215,0,2.18605127673809,0.616579262140955
215,0,3.08648663682246,0.616579262140955
215,0,1.33500106673234,0.616579262140955
215,0,2.63188884013665,0.616579262140955
215,0,2.04122032885964,0.616579262140955
215,1,1.19392246847243,0.616579262140955
215,0,2.37954613413017,0.616579262140955
215,0,1.58923520511658,0.616579262140955
215,1,2.05412373369555,0.616579262140955
215,0,1.7404661748405,0.616579262140955
215,0,2.11625551480255,0.616579262140955
215,0,1.54756250871601,0.616579262140955
215,0,2.09186406167839,0.616579262140955
215,0,0.993251773010283,0.616579262140955
215,0,0.641853886172395,0.616579262140955
215,1,1.52605630349505,0.616579262140955
215,0,2.36085400111802,0.616579262140955
215,0,1.16315080980568,0.616579262140955
215,0,1.52605630349505,0.616579262140955
215,0,1.7227665977411,0.616579262140955
215,0,1.43508452528932,0.616579262140955
215,0,1.25276296849537,0.616579262140955
215,0,1.96009478404727,0.616579262140955
215,0,1.82454929205105,0.616579262140955
215,0,2.4423470353692,0.616579262140955
215,0,1.41098697371026,0.616579262140955
215,0,0.832909122935104,0.616579262140955
215,0,2.23001440015921,0.616579262140955
215,0,2.00148000021012,0.616579262140955
215,0,3.26193531432865,0.616579262140955
215,0,2.46809953147162,0.616579262140955
215,0,0.741937344729377,0.616579262140955
215,0,2.50143595173921,0.616579262140955
215,0,1.88706964903238,0.616579262140955
215,0,2.45100509811232,0.616579262140955
215,0,0.78845736036427,0.616579262140955
215,0,1.28093384546206,0.616579262140955
215,0,1.16315080980568,0.616579262140955
215,0,1.66770682055808,0.616579262140955
215,0,2.10413415427021,0.616579262140955
215,0,2.29253475714054,0.616579262140955
215,0,1.43508452528932,0.616579262140955
230,0,2.59525470695687,0.630542787789639
230,0,0.955511445027436,0.630542787789639
230,0,1.3609765531356,0.630542787789639
230,0,1.82454929205105,0.630542787789639
230,0,0.916290731874155,0.630542787789639
230,1,0.955511445027436,0.630542787789639
230,0,2.95491027903374,0.630542787789639
230,0,0.993251773010283,0.630542787789639
230,0,0.993251773010283,0.630542787789639
230,0,0.587786664902119,0.630542787789639
230,0,1.80828877117927,0.630542787789639
230,0,0.182321556793955,0.630542787789639
230,0,1.48160454092422,0.630542787789639
230,0,0.78845736036427,0.630542787789639
230,0,1.58923520511658,0.630542787789639
230,0,1.16315080980568,0.630542787789639
230,0,2.15176220325946,0.630542787789639
230,0,1.41098697371026,0.630542787789639
230,0,2.14006616349627,0.630542787789639
230,0,0.916290731874155,0.630542787789639
230,0,1.87180217690159,0.630542787789639
230,0,1.25276296849537,0.630542787789639
230,0,1.52605630349505,0.630542787789639
230,0,3.05870707271538,0.630542787789639
230,0,0.741937344729377,0.630542787789639
230,0,1.82454929205105,0.630542787789639
230,1,1.09861228866811,0.630542787789639
230,0,1.77495235091167,0.630542787789639
230,0,1.22377543162212,0.630542787789639
230,0,2.46809953147162,0.630542787789639
230,0,2.61006979274201,0.630542787789639
230,0,2.77258872223978,0.630542787789639
230,0,0.587786664902119,0.630542787789639
230,0,1.93152141160321,0.630542787789639
230,0,0.955511445027436,0.630542787789639
230,0,1.7404661748405,0.630542787789639
230,0,1.3609765531356,0.630542787789639
230,0,0.78845736036427,0.630542787789639
230,0,2.56494935746154,0.630542787789639
230,0,0.916290731874155,0.630542787789639
230,0,2.02814824729229,0.630542787789639
230,0,1.19392246847243,0.630542787789639
230,0,2.33214389523559,0.630542787789639
230,0,1.82454929205105,0.630542787789639
230,0,1.87180217690159,0.630542787789639
230,0,2.05412373369555,0.630542787789639
230,0,2.12823170584927,0.630542787789639
230,1,0.53062825106217,0.630542787789639
230,0,1.02961941718116,0.630542787789639
230,0,3.16124671203156,0.630542787789639
230,0,1.30833281965018,0.630542787789639
230,0,1.79175946922805,0.630542787789639
230,0,0.78845736036427,0.630542787789639
230,0,1.66770682055808,0.630542787789639
230,0,1.62924053973028,0.630542787789639
230,0,1.30833281965018,0.630542787789639
230,0,1.6094379124341,0.630542787789639
230,0,1.70474809223843,0.630542787789639
230,0,1.7227665977411,0.630542787789639
230,0,1.7227665977411,0.630542787789639
230,0,0.993251773010283,0.630542787789639
230,0,1.91692261218206,0.630542787789639
230,0,0.993251773010283,0.630542787789639
230,0,2.4423470353692,0.630542787789639
230,0,1.1314021114911,0.630542787789639
230,0,0.641853886172395,0.630542787789639
230,1,0.741937344729377,0.630542787789639
230,0,1.50407739677627,0.630542787789639
230,1,0.336472236621213,0.630542787789639
230,0,1.52605630349505,0.630542787789639
230,0,1.33500106673234,0.630542787789639
230,0,1.70474809223843,0.630542787789639
230,0,1.58923520511658,0.630542787789639
230,0,1.09861228866811,0.630542787789639
230,0,1.80828877117927,0.630542787789639
230,0,1.58923520511658,0.630542787789639
230,0,1.30833281965018,0.630542787789639
230,0,1.68639895357023,0.630542787789639
230,1,-0.356674943938732,0.630542787789639
230,0,1.16315080980568,0.630542787789639
230,1,-0.693147180559945,0.630542787789639
230,0,1.6094379124341,0.630542787789639
230,0,2.00148000021012,0.630542787789639
230,1,1.28093384546206,0.630542787789639
230,0,2.19722457733622,0.630542787789639
230,0,1.38629436111989,0.630542787789639
230,0,1.09861228866811,0.630542787789639
230,0,-0.105360515657826,0.630542787789639
230,0,1.25276296849537,0.630542787789639
230,0,1.50407739677627,0.630542787789639
230,0,1.6094379124341,0.630542787789639
230,0,3.48737507790321,0.630542787789639
230,0,0.336472236621213,0.630542787789639
230,0,1.70474809223843,0.630542787789639
230,0,1.45861502269952,0.630542787789639
230,0,0.993251773010283,0.630542787789639
230,0,2.43361335540045,0.630542787789639
230,0,0.916290731874155,0.630542787789639
230,0,1.85629799036563,0.630542787789639
231,0,3.09104245335832,0.485624732023654
231,0,0.262364264467491,0.485624732023654
231,0,1.97408102602201,0.485624732023654
231,0,2.2512917986065,0.485624732023654
231,0,2.40694510831829,0.485624732023654
231,0,2.09186406167839,0.485624732023654
231,0,1.22377543162212,0.485624732023654
231,0,1.38629436111989,0.485624732023654
231,1,0.993251773010283,0.485624732023654
231,0,1.79175946922805,0.485624732023654
231,0,1.7404661748405,0.485624732023654
231,0,3.64283551561253,0.485624732023654
231,0,0.832909122935104,0.485624732023654
231,0,2.00148000021012,0.485624732023654
231,0,0.405465108108164,0.485624732023654
231,0,1.7404661748405,0.485624732023654
231,0,1.09861228866811,0.485624732023654
231,0,1.62924053973028,0.485624732023654
231,0,1.09861228866811,0.485624732023654
231,0,1.54756250871601,0.485624732023654
235,0,1.52605630349505,0.368337669193513
235,0,1.64865862558738,0.368337669193513
235,0,1.97408102602201,0.368337669193513
235,0,2.00148000021012,0.368337669193513
235,0,1.28093384546206,0.368337669193513
235,1,0.693147180559945,0.368337669193513
235,0,1.66770682055808,0.368337669193513
235,0,1.16315080980568,0.368337669193513
235,0,1.43508452528932,0.368337669193513
235,0,0.641853886172395,0.368337669193513
235,0,2.63905732961526,0.368337669193513
235,0,2.06686275947298,0.368337669193513
235,0,2.4932054526027,0.368337669193513
235,0,1.38629436111989,0.368337669193513
235,0,2.17475172148416,0.368337669193513
235,0,1.50407739677627,0.368337669193513
235,0,1.06471073699243,0.368337669193513
235,0,1.58923520511658,0.368337669193513
235,0,1.41098697371026,0.368337669193513
235,0,0.587786664902119,0.368337669193513
235,1,0.693147180559945,0.368337669193513
235,0,2.05412373369555,0.368337669193513
235,1,1.41098697371026,0.368337669193513
235,0,1.62924053973028,0.368337669193513
235,0,1.58923520511658,0.368337669193513
235,0,1.79175946922805,0.368337669193513
247,0,2.67414864942653,0.5940392986049
247,0,1.64865862558738,0.5940392986049
247,0,1.79175946922805,0.5940392986049
247,0,1.82454929205105,0.5940392986049
247,1,1.82454929205105,0.5940392986049
247,0,1.66770682055808,0.5940392986049
247,0,2.00148000021012,0.5940392986049
247,0,1.52605630349505,0.5940392986049
247,0,1.93152141160321,0.5940392986049
247,0,1.87180217690159,0.5940392986049
247,0,1.70474809223843,0.5940392986049
247,0,2.50143595173921,0.5940392986049
247,0,1.19392246847243,0.5940392986049
247,0,1.88706964903238,0.5940392986049
247,1,0.916290731874155,0.5940392986049
247,0,1.79175946922805,0.5940392986049
247,0,2.18605127673809,0.5940392986049
247,0,1.06471073699243,0.5940392986049
247,0,2.02814824729229,0.5940392986049
257,0,0.8754687373539,0.380078921717749
257,0,1.30833281965018,0.380078921717749
257,0,1.56861591791385,0.380078921717749
257,0,2.26176309847379,0.380078921717749
257,1,1.16315080980568,0.380078921717749
257,0,2.15176220325946,0.380078921717749
257,0,2.54944517092557,0.380078921717749
257,0,2.16332302566054,0.380078921717749
257,0,-0.105360515657826,0.380078921717749
257,0,2.51769647261099,0.380078921717749
257,1,0.955511445027436,0.380078921717749
257,1,2.76000994003292,0.380078921717749
257,0,1.68639895357023,0.380078921717749
257,1,0.0953101798043249,0.380078921717749
257,0,3.55820113047182,0.380078921717749
257,0,3.40452517175483,0.380078921717749
257,0,2.2512917986065,0.380078921717749
257,0,2.80336038090653,0.380078921717749
257,1,2.06686275947298,0.380078921717749
257,0,3.08648663682246,0.380078921717749
257,1,1.3609765531356,0.380078921717749
257,0,3.1267605359604,0.380078921717749
257,0,2.01490302054226,0.380078921717749
257,0,2.54944517092557,0.380078921717749
257,0,3.16124671203156,0.380078921717749
257,0,1.7227665977411,0.380078921717749
257,0,1.84054963339749,0.380078921717749
257,0,2.3887627892351,0.380078921717749
257,0,2.57261223020711,0.380078921717749
257,1,1.33500106673234,0.380078921717749
257,1,1.48160454092422,0.380078921717749
257,1,2.10413415427021,0.380078921717749
257,1,1.25276296849537,0.380078921717749
257,0,3.25809653802148,0.380078921717749
257,0,1.90210752639692,0.380078921717749
257,0,2.83907846350861,0.380078921717749
257,0,2.01490302054226,0.380078921717749
257,0,1.56861591791385,0.380078921717749
257,0,2.58021682959233,0.380078921717749
257,0,1.97408102602201,0.380078921717749
257,0,1.16315080980568,0.380078921717749
257,1,1.48160454092422,0.380078921717749
257,0,-2.30258509299405,0.380078921717749
257,1,1.54756250871601,0.380078921717749
257,0,2.39789527279837,0.380078921717749
257,0,3.07731226054641,0.380078921717749
257,0,0.587786664902119,0.380078921717749
257,0,1.16315080980568,0.380078921717749
257,0,3.26193531432865,0.380078921717749
257,1,0.832909122935104,0.380078921717749
257,0,1.64865862558738,0.380078921717749
257,0,2.29253475714054,0.380078921717749
257,0,2.51769647261099,0.380078921717749
257,1,1.62924053973028,0.380078921717749
257,1,1.1314021114911,0.380078921717749
257,1,1.7227665977411,0.380078921717749
257,0,0.693147180559945,0.380078921717749
257,0,1.87180217690159,0.380078921717749
257,0,2.42480272571829,0.380078921717749
264,0,1.38629436111989,0.322474726977359
264,0,1.41098697371026,0.322474726977359
264,0,0.916290731874155,0.322474726977359
264,0,1.02961941718116,0.322474726977359
264,0,1.22377543162212,0.322474726977359
264,0,1.22377543162212,0.322474726977359
264,0,0.262364264467491,0.322474726977359
264,0,1.7227665977411,0.322474726977359
264,0,0.993251773010283,0.322474726977359
264,0,0.955511445027436,0.322474726977359
264,0,1.50407739677627,0.322474726977359
264,0,1.02961941718116,0.322474726977359
264,0,1.1314021114911,0.322474726977359
264,0,1.1314021114911,0.322474726977359
264,0,2.4423470353692,0.322474726977359
264,0,1.80828877117927,0.322474726977359
264,0,0.955511445027436,0.322474726977359
281,0,2.8094026953625,0.226434131412276
281,0,1.64865862558738,0.226434131412276
281,1,0,0.226434131412276
281,0,1.7227665977411,0.226434131412276
281,0,1.52605630349505,0.226434131412276
281,0,2.35137525716348,0.226434131412276
281,0,1.06471073699243,0.226434131412276
281,0,2.10413415427021,0.226434131412276
281,0,2.82137888640921,0.226434131412276
281,1,0.832909122935104,0.226434131412276
281,0,1.7404661748405,0.226434131412276
281,0,0.53062825106217,0.226434131412276
281,0,2.55722731136763,0.226434131412276
281,0,1.43508452528932,0.226434131412276
281,0,1.66770682055808,0.226434131412276
281,0,1.62924053973028,0.226434131412276
281,0,2.02814824729229,0.226434131412276
281,0,1.50407739677627,0.226434131412276
283,0,2.86220088092947,0.370466403055634
283,1,1.3609765531356,0.370466403055634
283,1,1.09861228866811,0.370466403055634
283,0,2.3887627892351,0.370466403055634
283,1,0,0.370466403055634
283,0,2.36085400111802,0.370466403055634
283,0,2.51769647261099,0.370466403055634
288,0,1.75785791755237,0.492021937362179
288,0,1.33500106673234,0.492021937362179
288,0,1.50407739677627,0.492021937362179
288,0,1.33500106673234,0.492021937362179
288,0,1.41098697371026,0.492021937362179
288,0,1.6094379124341,0.492021937362179
288,0,2.4423470353692,0.492021937362179
288,0,1.48160454092422,0.492021937362179
288,0,1.38629436111989,0.492021937362179
291,1,0.336472236621213,0.381602650843489
291,0,2.14006616349627,0.381602650843489
291,0,2.05412373369555,0.381602650843489
291,0,0.262364264467491,0.381602650843489
291,0,2.484906649788,0.381602650843489
291,0,1.85629799036563,0.381602650843489
291,0,1.87180217690159,0.381602650843489
291,0,1.66770682055808,0.381602650843489
291,1,0.993251773010283,0.381602650843489
291,0,1.56861591791385,0.381602650843489
291,0,1.75785791755237,0.381602650843489
291,0,3.8877303128591,0.381602650843489
291,0,2.32238772029023,0.381602650843489
291,1,0.955511445027436,0.381602650843489
291,1,0.0953101798043249,0.381602650843489
291,1,1.41098697371026,0.381602650843489
291,0,3.13113691056019,0.381602650843489
291,0,0.336472236621213,0.381602650843489
291,0,2.53369681395743,0.381602650843489
291,0,0.832909122935104,0.381602650843489
291,1,2.66722820658195,0.381602650843489
291,0,1.28093384546206,0.381602650843489
291,1,0.405465108108164,0.381602650843489
291,0,1.80828877117927,0.381602650843489
291,0,1.82454929205105,0.381602650843489
291,0,1.54756250871601,0.381602650843489
291,0,1.19392246847243,0.381602650843489
291,0,1.19392246847243,0.381602650843489
291,0,1.41098697371026,0.381602650843489
291,0,1.33500106673234,0.381602650843489
291,0,1.1314021114911,0.381602650843489
291,0,0.470003629245736,0.381602650843489
291,1,2.29253475714054,0.381602650843489
291,0,1.58923520511658,0.381602650843489
291,0,1.94591014905531,0.381602650843489
291,0,2.82731362192903,0.381602650843489
291,0,0.587786664902119,0.381602650843489
291,0,2.18605127673809,0.381602650843489
291,0,1.79175946922805,0.381602650843489
291,1,-2.30258509299405,0.381602650843489
291,0,0.993251773010283,0.381602650843489
291,0,1.88706964903238,0.381602650843489
291,0,2.63188884013665,0.381602650843489
291,0,1.16315080980568,0.381602650843489
291,0,2.86789890204411,0.381602650843489
291,1,1.52605630349505,0.381602650843489
294,0,2.3887627892351,0.335614726207084
294,0,0.993251773010283,0.335614726207084
294,1,0,0.335614726207084
294,0,0.78845736036427,0.335614726207084
294,0,2.68102152871429,0.335614726207084
294,1,-0.693147180559945,0.335614726207084
294,1,0,0.335614726207084
294,0,1.87180217690159,0.335614726207084
294,0,2.43361335540045,0.335614726207084
294,0,1.91692261218206,0.335614726207084
294,0,0.916290731874155,0.335614726207084
294,0,1.1314021114911,0.335614726207084
294,0,1.25276296849537,0.335614726207084
294,0,2.66722820658195,0.335614726207084
294,0,1.88706964903238,0.335614726207084
294,1,0.587786664902119,0.335614726207084
294,1,0.336472236621213,0.335614726207084
294,0,1.52605630349505,0.335614726207084
294,0,2.45100509811232,0.335614726207084
294,0,1.43508452528932,0.335614726207084
300,0,2.29253475714054,0.383014979270573
300,0,0.8754687373539,0.383014979270573
300,0,1.75785791755237,0.383014979270573
300,1,0.641853886172395,0.383014979270573
300,0,2.16332302566054,0.383014979270573
300,0,1.33500106673234,0.383014979270573
300,0,1.66770682055808,0.383014979270573
300,0,1.87180217690159,0.383014979270573
300,0,1.79175946922805,0.383014979270573
300,0,1.7404661748405,0.383014979270573
310,0,1.90210752639692,0.361958958910107
310,1,1.30833281965018,0.361958958910107
310,0,1.62924053973028,0.361958958910107
310,0,1.33500106673234,0.361958958910107
310,0,1.79175946922805,0.361958958910107
312,0,2.2082744135228,0.633986174635028
312,1,-0.105360515657826,0.633986174635028
313,1,-0.105360515657826,0.745668470652045
313,0,2.58776403522771,0.745668470652045
313,0,2.75366071235426,0.745668470652045
313,0,2.50959926237837,0.745668470652045
313,0,0.693147180559945,0.745668470652045
313,0,0.832909122935104,0.745668470652045
313,1,1.22377543162212,0.745668470652045
325,0,2.11625551480255,0.700728370580258
325,0,1.1314021114911,0.700728370580258
325,0,1.1314021114911,0.700728370580258
325,1,2.76000994003292,0.700728370580258
325,0,1.80828877117927,0.700728370580258
325,0,2.2082744135228,0.700728370580258
325,0,5.21656486467578,0.700728370580258
325,0,2.19722457733622,0.700728370580258
325,1,2.45958884180371,0.700728370580258
325,0,1.38629436111989,0.700728370580258
325,0,1.33500106673234,0.700728370580258
325,0,2.42480272571829,0.700728370580258
325,0,2.70136121295141,0.700728370580258
325,0,0.741937344729377,0.700728370580258
325,0,2.11625551480255,0.700728370580258
325,0,1.33500106673234,0.700728370580258
325,1,-0.916290731874155,0.700728370580258
325,0,1.1314021114911,0.700728370580258
325,0,2.79116510781272,0.700728370580258
325,0,2.01490302054226,0.700728370580258
325,0,2.16332302566054,0.700728370580258
325,0,1.50407739677627,0.700728370580258
325,0,2.02814824729229,0.700728370580258
325,0,1.33500106673234,0.700728370580258
325,1,0.405465108108164,0.700728370580258
325,0,1.62924053973028,0.700728370580258
325,0,0.8754687373539,0.700728370580258
325,0,2.54160199346455,0.700728370580258
325,1,0.741937344729377,0.700728370580258
325,0,2.57261223020711,0.700728370580258
325,0,1.38629436111989,0.700728370580258
325,0,1.64865862558738,0.700728370580258
325,0,1.87180217690159,0.700728370580258
325,1,1.48160454092422,0.700728370580258
325,0,1.6094379124341,0.700728370580258
325,0,1.16315080980568,0.700728370580258
325,0,2.70136121295141,0.700728370580258
325,0,1.52605630349505,0.700728370580258
325,0,1.6094379124341,0.700728370580258
325,0,2.2082744135228,0.700728370580258
325,0,2.77258872223978,0.700728370580258
325,0,2.00148000021012,0.700728370580258
325,1,0.993251773010283,0.700728370580258
325,0,1.79175946922805,0.700728370580258
325,0,0.53062825106217,0.700728370580258
325,0,0.53062825106217,0.700728370580258
325,0,1.91692261218206,0.700728370580258
325,0,1.48160454092422,0.700728370580258
325,0,1.79175946922805,0.700728370580258
325,0,3.48431228837266,0.700728370580258
325,0,1.02961941718116,0.700728370580258
325,0,1.82454929205105,0.700728370580258
325,0,1.41098697371026,0.700728370580258
325,0,2.16332302566054,0.700728370580258
325,0,1.06471073699243,0.700728370580258
325,0,1.68639895357023,0.700728370580258
325,0,1.45861502269952,0.700728370580258
325,0,2.15176220325946,0.700728370580258
325,0,1.75785791755237,0.700728370580258
325,0,2.15176220325946,0.700728370580258
325,0,1.25276296849537,0.700728370580258
325,0,1.82454929205105,0.700728370580258
325,0,2.9338568698359,0.700728370580258
325,0,1.09861228866811,0.700728370580258
325,0,2.52572864430826,0.700728370580258
325,0,1.1314021114911,0.700728370580258
325,0,1.98787434815435,0.700728370580258
325,0,1.66770682055808,0.700728370580258
325,0,0.993251773010283,0.700728370580258
325,0,1.56861591791385,0.700728370580258
325,0,3.20680324363393,0.700728370580258
325,0,0.916290731874155,0.700728370580258
325,0,1.38629436111989,0.700728370580258
325,1,0.993251773010283,0.700728370580258
325,0,1.19392246847243,0.700728370580258
325,0,1.70474809223843,0.700728370580258
325,0,0.641853886172395,0.700728370580258
325,0,0.741937344729377,0.700728370580258
325,0,2.37024374146786,0.700728370580258
325,0,1.22377543162212,0.700728370580258
325,0,1.28093384546206,0.700728370580258
325,0,1.16315080980568,0.700728370580258
325,0,2.37954613413017,0.700728370580258
325,0,1.98787434815435,0.700728370580258
325,0,1.09861228866811,0.700728370580258
325,0,3.00071981506503,0.700728370580258
325,0,3.05400118167797,0.700728370580258
325,0,1.97408102602201,0.700728370580258
325,0,1.68639895357023,0.700728370580258
325,0,1.1314021114911,0.700728370580258
325,0,2.37954613413017,0.700728370580258
325,0,0.741937344729377,0.700728370580258
325,0,1.06471073699243,0.700728370580258
325,0,1.38629436111989,0.700728370580258
325,0,3.32143241319329,0.700728370580258
325,0,1.41098697371026,0.700728370580258
325,0,0.470003629245736,0.700728370580258
325,0,1.3609765531356,0.700728370580258
325,0,0.832909122935104,0.700728370580258
325,0,0.336472236621213,0.700728370580258
325,0,1.6094379124341,0.700728370580258
325,1,-0.356674943938732,0.700728370580258
325,0,1.48160454092422,0.700728370580258
325,0,2.2082744135228,0.700728370580258
325,0,2.57261223020711,0.700728370580258
325,0,2.2082744135228,0.700728370580258
325,0,1.48160454092422,0.700728370580258
325,0,2.76631910922619,0.700728370580258
325,0,0.53062825106217,0.700728370580258
325,0,1.45861502269952,0.700728370580258
325,0,1.58923520511658,0.700728370580258
325,0,1.56861591791385,0.700728370580258
325,0,1.68639895357023,0.700728370580258
325,0,1.50407739677627,0.700728370580258
325,0,1.30833281965018,0.700728370580258
325,0,1.98787434815435,0.700728370580258
325,0,0.955511445027436,0.700728370580258
325,0,2.28238238567653,0.700728370580258
325,0,0.832909122935104,0.700728370580258
325,0,1.19392246847243,0.700728370580258
325,0,2.05412373369555,0.700728370580258
325,0,1.22377543162212,0.700728370580258
329,1,0.336472236621213,0.433871142608346
329,0,1.22377543162212,0.433871142608346
329,0,1.54756250871601,0.433871142608346
329,0,0.832909122935104,0.433871142608346
329,0,1.48160454092422,0.433871142608346
329,0,1.16315080980568,0.433871142608346
329,0,2.88480071284671,0.433871142608346
335,0,2.56494935746154,0.36275243849876
335,0,2.06686275947298,0.36275243849876
335,0,1.41098697371026,0.36275243849876
335,0,0.182321556793955,0.36275243849876
335,0,1.43508452528932,0.36275243849876
335,0,1.64865862558738,0.36275243849876
335,0,1.6094379124341,0.36275243849876
335,0,1.3609765531356,0.36275243849876
335,1,1.16315080980568,0.36275243849876
335,0,1.54756250871601,0.36275243849876
335,0,0.262364264467491,0.36275243849876
335,0,2.2512917986065,0.36275243849876
335,0,1.56861591791385,0.36275243849876
335,0,1.90210752639692,0.36275243849876
335,1,-0.916290731874155,0.36275243849876
335,0,1.28093384546206,0.36275243849876
335,0,1.45861502269952,0.36275243849876
335,0,2.00148000021012,0.36275243849876
335,0,2.01490302054226,0.36275243849876
335,0,0.741937344729377,0.36275243849876
335,0,1.1314021114911,0.36275243849876
335,0,1.28093384546206,0.36275243849876
335,0,1.25276296849537,0.36275243849876
335,0,1.66770682055808,0.36275243849876
335,1,1.6094379124341,0.36275243849876
335,0,1.75785791755237,0.36275243849876
335,0,4.90156419904189,0.36275243849876
335,0,1.75785791755237,0.36275243849876
335,0,1.58923520511658,0.36275243849876
335,0,1.50407739677627,0.36275243849876
335,1,0,0.36275243849876
335,1,0.78845736036427,0.36275243849876
335,0,1.80828877117927,0.36275243849876
335,1,0.405465108108164,0.36275243849876
335,1,0.470003629245736,0.36275243849876
335,0,1.7404661748405,0.36275243849876
335,0,1.52605630349505,0.36275243849876
335,0,1.87180217690159,0.36275243849876
335,0,1.68639895357023,0.36275243849876
335,0,1.52605630349505,0.36275243849876
347,0,0.993251773010283,0.390513893654952
347,0,0.993251773010283,0.390513893654952
347,0,2.4932054526027,0.390513893654952
347,0,0.8754687373539,0.390513893654952
347,0,3.60821155104648,0.390513893654952
347,0,1.80828877117927,0.390513893654952
347,0,1.87180217690159,0.390513893654952
347,0,1.84054963339749,0.390513893654952
347,0,1.28093384546206,0.390513893654952
347,1,1.02961941718116,0.390513893654952
348,0,1.56861591791385,0.574628249198725
348,0,1.7227665977411,0.574628249198725
348,0,1.77495235091167,0.574628249198725
348,0,0.641853886172395,0.574628249198725
348,0,1.64865862558738,0.574628249198725
348,1,1.6094379124341,0.574628249198725
348,0,2.00148000021012,0.574628249198725
348,0,1.30833281965018,0.574628249198725
348,0,3.6454498961866,0.574628249198725
348,0,2.55722731136763,0.574628249198725
348,0,2.47653840011748,0.574628249198725
348,0,0.182321556793955,0.574628249198725
348,0,2.28238238567653,0.574628249198725
348,0,2.40694510831829,0.574628249198725
348,0,1.64865862558738,0.574628249198725
348,1,1.94591014905531,0.574628249198725
348,0,1.90210752639692,0.574628249198725
348,0,1.1314021114911,0.574628249198725
348,1,-0.356674943938732,0.574628249198725
348,0,2.06686275947298,0.574628249198725
348,1,-1.6094379124341,0.574628249198725
348,0,1.28093384546206,0.574628249198725
348,0,1.75785791755237,0.574628249198725
348,1,1.33500106673234,0.574628249198725
348,0,1.85629799036563,0.574628249198725
348,0,1.25276296849537,0.574628249198725
360,1,2.01490302054226,0.397143916153946
360,0,2.9391619220656,0.397143916153946
360,0,2.26176309847379,0.397143916153946
360,0,2.54944517092557,0.397143916153946
360,0,1.58923520511658,0.397143916153946
360,0,3.32862668882732,0.397143916153946
360,0,2.28238238567653,0.397143916153946
360,0,2.09186406167839,0.397143916153946
360,0,2.76631910922619,0.397143916153946
360,0,2.46809953147162,0.397143916153946
360,0,1.28093384546206,0.397143916153946
360,0,2.18605127673809,0.397143916153946
360,0,0.832909122935104,0.397143916153946
360,0,1.64865862558738,0.397143916153946
360,0,2.94968833505258,0.397143916153946
360,0,2.07944154167984,0.397143916153946
360,0,2.484906649788,0.397143916153946
360,0,1.30833281965018,0.397143916153946
360,0,1.82454929205105,0.397143916153946
360,0,2.2082744135228,0.397143916153946
360,0,1.38629436111989,0.397143916153946
360,0,1.43508452528932,0.397143916153946
360,1,0.182321556793955,0.397143916153946
360,0,0.832909122935104,0.397143916153946
360,0,1.25276296849537,0.397143916153946
360,0,2.72785282839839,0.397143916153946
360,0,3.92592591059714,0.397143916153946
360,1,-0.693147180559945,0.397143916153946
360,0,0.832909122935104,0.397143916153946
360,0,1.91692261218206,0.397143916153946
360,0,1.91692261218206,0.397143916153946
360,0,2.99573227355399,0.397143916153946
360,0,2.96010509591084,0.397143916153946
360,0,2.90690105984738,0.397143916153946
360,0,1.96009478404727,0.397143916153946
360,0,1.58923520511658,0.397143916153946
360,1,1.09861228866811,0.397143916153946
360,0,3.27714473299218,0.397143916153946
360,0,2.57261223020711,0.397143916153946
360,1,1.45861502269952,0.397143916153946
360,0,3.34638914516716,0.397143916153946
360,0,2.45958884180371,0.397143916153946
360,1,0.0953101798043249,0.397143916153946
360,0,1.82454929205105,0.397143916153946
360,0,2.3887627892351,0.397143916153946
360,0,2.12823170584927,0.397143916153946
360,0,2.2512917986065,0.397143916153946
360,0,1.02961941718116,0.397143916153946
360,0,3.04452243772342,0.397143916153946
361,1,-0.105360515657826,0.459946980240993
361,0,1.66770682055808,0.459946980240993
361,0,1.16315080980568,0.459946980240993
361,0,3.03013370027132,0.459946980240993
361,1,0,0.459946980240993
361,1,0.587786664902119,0.459946980240993
361,1,1.94591014905531,0.459946980240993
361,1,1.02961941718116,0.459946980240993
361,0,1.56861591791385,0.459946980240993
361,0,0.741937344729377,0.459946980240993
361,0,2.23001440015921,0.459946980240993
361,0,1.19392246847243,0.459946980240993
361,0,1.43508452528932,0.459946980240993
361,0,2.47653840011748,0.459946980240993
361,0,0.8754687373539,0.459946980240993
361,1,2.31253542384721,0.459946980240993
361,0,1.93152141160321,0.459946980240993
361,1,-0.22314355131421,0.459946980240993
361,0,1.28093384546206,0.459946980240993
361,0,1.64865862558738,0.459946980240993
361,0,1.19392246847243,0.459946980240993
361,0,1.30833281965018,0.459946980240993
361,1,0.182321556793955,0.459946980240993
361,0,1.45861502269952,0.459946980240993
361,0,1.82454929205105,0.459946980240993
361,0,0.993251773010283,0.459946980240993
361,0,1.91692261218206,0.459946980240993
361,1,-0.105360515657826,0.459946980240993
361,0,1.7404661748405,0.459946980240993
361,0,0.693147180559945,0.459946980240993
361,0,0.470003629245736,0.459946980240993
361,1,1.43508452528932,0.459946980240993
361,0,1.33500106673234,0.459946980240993
361,0,1.77495235091167,0.459946980240993
361,0,1.82454929205105,0.459946980240993
361,0,2.02814824729229,0.459946980240993
361,0,1.68639895357023,0.459946980240993
361,1,1.1314021114911,0.459946980240993
361,0,1.82454929205105,0.459946980240993
361,0,1.62924053973028,0.459946980240993
361,0,1.7227665977411,0.459946980240993
361,1,0.262364264467491,0.459946980240993
361,0,0.955511445027436,0.459946980240993
361,0,1.48160454092422,0.459946980240993
361,0,0.955511445027436,0.459946980240993
361,0,1.75785791755237,0.459946980240993
361,0,1.50407739677627,0.459946980240993
361,0,0.405465108108164,0.459946980240993
361,0,1.02961941718116,0.459946980240993
361,1,-0.22314355131421,0.459946980240993
361,0,1.66770682055808,0.459946980240993
361,0,1.6094379124341,0.459946980240993
361,1,0.916290731874155,0.459946980240993
361,0,0.470003629245736,0.459946980240993
361,1,0.78845736036427,0.459946980240993
361,0,-0.105360515657826,0.459946980240993
361,0,2.21920348405499,0.459946980240993
361,0,1.30833281965018,0.459946980240993
361,0,0.832909122935104,0.459946980240993
361,0,0.405465108108164,0.459946980240993
361,0,0.832909122935104,0.459946980240993
361,0,0.955511445027436,0.459946980240993
361,1,0.832909122935104,0.459946980240993
361,0,1.56861591791385,0.459946980240993
361,0,0.641853886172395,0.459946980240993
361,0,2.06686275947298,0.459946980240993
369,0,2.99071973173045,0.396471452828289
369,1,1.06471073699243,0.396471452828289
369,1,1.7227665977411,0.396471452828289
369,0,1.19392246847243,0.396471452828289
369,0,0.182321556793955,0.396471452828289
369,0,3.11351530921037,0.396471452828289
369,0,0.741937344729377,0.396471452828289
369,0,-1.6094379124341,0.396471452828289
369,0,0.336472236621213,0.396471452828289
369,0,1.22377543162212,0.396471452828289
369,1,-0.356674943938732,0.396471452828289
375,0,1.3609765531356,0.563898034586922
375,0,1.30833281965018,0.563898034586922
375,0,1.66770682055808,0.563898034586922
375,1,1.16315080980568,0.563898034586922
375,0,1.43508452528932,0.563898034586922
375,0,1.54756250871601,0.563898034586922
375,0,1.70474809223843,0.563898034586922
375,0,2.31253542384721,0.563898034586922
375,0,0.693147180559945,0.563898034586922
375,0,2.59525470695687,0.563898034586922
375,0,1.43508452528932,0.563898034586922
375,0,0.993251773010283,0.563898034586922
375,0,1.52605630349505,0.563898034586922
375,0,1.06471073699243,0.563898034586922
375,0,1.19392246847243,0.563898034586922
375,0,0.587786664902119,0.563898034586922
375,0,1.1314021114911,0.563898034586922
375,1,0.641853886172395,0.563898034586922
375,0,1.43508452528932,0.563898034586922
375,0,1.25276296849537,0.563898034586922
375,0,1.09861228866811,0.563898034586922
375,0,2.45958884180371,0.563898034586922
375,0,1.54756250871601,0.563898034586922
2,0,2.58776403522771,0.787293046450175
2,1,0.587786664902119,0.787293046450175
2,0,0.336472236621213,0.787293046450175
2,0,0.336472236621213,0.787293046450175
2,0,1.45861502269952,0.787293046450175
2,0,1.68639895357023,0.787293046450175
2,0,1.1314021114911,0.787293046450175
2,1,-0.22314355131421,0.787293046450175
2,0,0.470003629245736,0.787293046450175
2,0,1.93152141160321,0.787293046450175
2,0,0.693147180559945,0.787293046450175
2,0,1.25276296849537,0.787293046450175
2,0,0.916290731874155,0.787293046450175
2,0,-0.105360515657826,0.787293046450175
2,0,2.33214389523559,0.787293046450175
2,1,-2.30258509299405,0.787293046450175
2,0,1.80828877117927,0.787293046450175
2,0,0.916290731874155,0.787293046450175
2,1,-0.510825623765991,0.787293046450175
2,0,1.28093384546206,0.787293046450175
2,0,1.7227665977411,0.787293046450175
2,0,0.955511445027436,0.787293046450175
2,0,2.92316158071916,0.787293046450175
2,1,0.336472236621213,0.787293046450175
2,0,0.741937344729377,0.787293046450175
2,0,4.3425058765116,0.787293046450175
4,0,1.38629436111989,0.981576473772747
4,0,1.16315080980568,0.981576473772747
4,0,0.916290731874155,0.981576473772747
4,0,-0.22314355131421,0.981576473772747
4,0,0.955511445027436,0.981576473772747
4,0,2.26176309847379,0.981576473772747
4,0,0.693147180559945,0.981576473772747
4,0,-0.356674943938732,0.981576473772747
4,0,4.52178857704904,0.981576473772747
4,9,1.52605630349505,0.981576473772747
4,0,0.693147180559945,0.981576473772747
4,0,3.00568260440716,0.981576473772747
4,0,0.470003629245736,0.981576473772747
4,0,0.336472236621213,0.981576473772747
4,0,1.02961941718116,0.981576473772747
4,0,1.09861228866811,0.981576473772747
4,0,1.48160454092422,0.981576473772747
4,0,1.09861228866811,0.981576473772747
4,0,1.7404661748405,0.981576473772747
4,0,0.336472236621213,0.981576473772747
4,0,1.91692261218206,0.981576473772747
4,0,0.182321556793955,0.981576473772747
4,0,1.56861591791385,0.981576473772747
4,9,0.336472236621213,0.981576473772747
4,0,3.57515068878559,0.981576473772747
4,0,1.33500106673234,0.981576473772747
0,0,2.09186406167839,0.981576473772747
4,0,0.832909122935104,0.981576473772747
4,0,0.262364264467491,0.981576473772747
4,0,1.50407739677627,0.981576473772747
4,0,1.62924053973028,0.981576473772747
4,0,4.0342406381524,0.981576473772747
4,1,2.11625551480255,0.981576473772747
4,0,0.587786664902119,0.981576473772747
4,0,2.58021682959233,0.981576473772747
4,0,0.8754687373539,0.981576473772747
4,0,2.34180580614733,0.981576473772747
4,0,1.1314021114911,0.981576473772747
4,0,-0.510825623765991,0.981576473772747
0,0,0.8754687373539,0.981576473772747
4,0,1.09861228866811,0.981576473772747
4,0,0.641853886172395,0.981576473772747
4,0,1.25276296849537,0.981576473772747
4,0,0.993251773010283,0.981576473772747
4,0,0.587786664902119,0.981576473772747
4,0,-0.356674943938732,0.981576473772747
4,0,-0.22314355131421,0.981576473772747
4,0,1.30833281965018,0.981576473772747
4,0,0.0953101798043249,0.981576473772747
4,0,0.470003629245736,0.981576473772747
4,0,1.7227665977411,0.981576473772747
4,0,0.993251773010283,0.981576473772747
4,0,0.587786664902119,0.981576473772747
4,0,1.7227665977411,0.981576473772747
4,0,0.336472236621213,0.981576473772747
4,0,-0.693147180559945,0.981576473772747
4,0,2.45958884180371,0.981576473772747
4,0,2.40694510831829,0.981576473772747
4,0,1.19392246847243,0.981576473772747
4,0,1.22377543162212,0.981576473772747
4,0,2.27212588550934,0.981576473772747
4,0,1.30833281965018,0.981576473772747
4,1,2.59525470695687,0.981576473772747
4,1,0.405465108108164,0.981576473772747
4,0,0.832909122935104,0.981576473772747
4,0,1.82454929205105,0.981576473772747
4,1,0.78845736036427,0.981576473772747
4,0,1.1314021114911,0.981576473772747
4,0,2.02814824729229,0.981576473772747
0,0,1.45861502269952,0.981576473772747
0,0,-0.693147180559945,0.981576473772747
4,0,0.0953101798043249,0.981576473772747
4,0,0.955511445027436,0.981576473772747
4,0,1.3609765531356,0.981576473772747
4,0,1.06471073699243,0.981576473772747
4,0,1.09861228866811,0.981576473772747
4,0,-0.356674943938732,0.981576473772747
4,0,1.62924053973028,0.981576473772747
4,0,0.405465108108164,0.981576473772747
4,0,0.0953101798043249,0.981576473772747
4,0,3.89385903480047,0.981576473772747
4,1,-0.105360515657826,0.981576473772747
4,0,0.0953101798043249,0.981576473772747
4,0,2.18605127673809,0.981576473772747
4,0,1.41098697371026,0.981576473772747
4,0,0.0953101798043249,0.981576473772747
4,0,-0.105360515657826,0.981576473772747
4,0,0.336472236621213,0.981576473772747
4,0,0.741937344729377,0.981576473772747
4,0,0.693147180559945,0.981576473772747
4,0,-0.356674943938732,0.981576473772747
4,0,1.02961941718116,0.981576473772747
4,0,1.56861591791385,0.981576473772747
4,0,0.262364264467491,0.981576473772747
4,0,0.53062825106217,0.981576473772747
4,1,0.78845736036427,0.981576473772747
4,1,2.91235066461494,0.981576473772747
4,0,-0.105360515657826,0.981576473772747
4,0,-0.22314355131421,0.981576473772747
4,0,-1.6094379124341,0.981576473772747
4,1,0.993251773010283,0.981576473772747
4,0,0.741937344729377,0.981576473772747
4,0,1.48160454092422,0.981576473772747
4,0,0.693147180559945,0.981576473772747
4,0,0.182321556793955,0.981576473772747
4,0,0.336472236621213,0.981576473772747
4,0,0.336472236621213,0.981576473772747
4,0,-0.105360515657826,0.981576473772747
4,0,0.262364264467491,0.981576473772747
4,0,1.66770682055808,0.981576473772747
4,0,0.53062825106217,0.981576473772747
4,0,1.64865862558738,0.981576473772747
4,0,2.60268968544438,0.981576473772747
4,0,0.53062825106217,0.981576473772747
4,0,1.54756250871601,0.981576473772747
4,0,0.641853886172395,0.981576473772747
4,0,0.262364264467491,0.981576473772747
4,0,0.916290731874155,0.981576473772747
4,1,1.7404661748405,0.981576473772747
4,0,0.0953101798043249,0.981576473772747
4,0,2.96010509591084,0.981576473772747
4,0,2.33214389523559,0.981576473772747
4,0,1.06471073699243,0.981576473772747
4,0,1.56861591791385,0.981576473772747
4,0,0.470003629245736,0.981576473772747
4,0,0.182321556793955,0.981576473772747
4,0,0,0.981576473772747
4,0,0.470003629245736,0.981576473772747
4,1,-0.510825623765991,0.981576473772747
4,0,0,0.981576473772747
4,0,0.182321556793955,0.981576473772747
4,0,0.262364264467491,0.981576473772747
4,0,1.02961941718116,0.981576473772747
4,0,0.53062825106217,0.981576473772747
4,0,-0.22314355131421,0.981576473772747
4,1,-0.510825623765991,0.981576473772747
4,0,0.78845736036427,0.981576473772747
4,0,-0.916290731874155,0.981576473772747
4,0,0.405465108108164,0.981576473772747
4,0,2.21920348405499,0.981576473772747
4,0,0.78845736036427,0.981576473772747
4,0,0.916290731874155,0.981576473772747
4,0,0.53062825106217,0.981576473772747
4,0,1.54756250871601,0.981576473772747
4,0,1.02961941718116,0.981576473772747
4,0,1.06471073699243,0.981576473772747
4,0,1.09861228866811,0.981576473772747
4,0,0,0.981576473772747
4,0,1.09861228866811,0.981576473772747
4,0,2.12823170584927,0.981576473772747
4,0,0.262364264467491,0.981576473772747
4,0,-0.356674943938732,0.981576473772747
4,0,-0.510825623765991,0.981576473772747
4,0,-0.105360515657826,0.981576473772747
4,0,0.182321556793955,0.981576473772747
4,0,1.66770682055808,0.981576473772747
4,0,1.02961941718116,0.981576473772747
4,0,0.182321556793955,0.981576473772747
4,0,0.336472236621213,0.981576473772747
4,0,0.832909122935104,0.981576473772747
4,9,0.262364264467491,0.981576473772747
4,0,2.12823170584927,0.981576473772747
4,0,-0.916290731874155,0.981576473772747
4,0,1.6094379124341,0.981576473772747
4,0,0.405465108108164,0.981576473772747
4,0,0.916290731874155,0.981576473772747
4,0,0.470003629245736,0.981576473772747
4,0,-0.105360515657826,0.981576473772747
4,0,1.06471073699243,0.981576473772747
4,0,1.19392246847243,0.981576473772747
4,0,0.8754687373539,0.981576473772747
4,0,-0.510825623765991,0.981576473772747
4,9,-2.30258509299405,0.981576473772747
4,0,0.182321556793955,0.981576473772747
4,0,1.64865862558738,0.981576473772747
4,0,0.8754687373539,0.981576473772747
4,0,0.182321556793955,0.981576473772747
4,0,-0.693147180559945,0.981576473772747
4,0,0.693147180559945,0.981576473772747
4,0,0.53062825106217,0.981576473772747
4,0,4.03069453514564,0.981576473772747
4,0,0.8754687373539,0.981576473772747
4,0,3.3322045101752,0.981576473772747
4,0,1.28093384546206,0.981576473772747
4,0,0.182321556793955,0.981576473772747
4,0,0.182321556793955,0.981576473772747
4,0,1.3609765531356,0.981576473772747
4,0,1.41098697371026,0.981576473772747
4,0,0.470003629245736,0.981576473772747
4,0,-0.22314355131421,0.981576473772747
4,0,-0.105360515657826,0.981576473772747
4,1,0.993251773010283,0.981576473772747
4,0,2.09186406167839,0.981576473772747
4,0,1.28093384546206,0.981576473772747
4,0,1.90210752639692,0.981576473772747
4,0,1.25276296849537,0.981576473772747
4,0,2.45100509811232,0.981576473772747
4,0,1.33500106673234,0.981576473772747
4,0,0.587786664902119,0.981576473772747
4,0,1.82454929205105,0.981576473772747
4,0,2.27212588550934,0.981576473772747
4,0,2.97552956623647,0.981576473772747
4,0,0.0953101798043249,0.981576473772747
4,0,1.82454929205105,0.981576473772747
4,0,2.09186406167839,0.981576473772747
4,0,-0.105360515657826,0.981576473772747
4,0,0.262364264467491,0.981576473772747
4,0,2.56494935746154,0.981576473772747
4,0,1.16315080980568,0.981576473772747
4,0,0.78845736036427,0.981576473772747
4,0,0.182321556793955,0.981576473772747
4,0,0.336472236621213,0.981576473772747
4,0,-0.356674943938732,0.981576473772747
4,0,0.405465108108164,0.981576473772747
4,0,0.993251773010283,0.981576473772747
4,0,2.04122032885964,0.981576473772747
4,0,1.1314021114911,0.981576473772747
4,0,0.0953101798043249,0.981576473772747
4,9,2.43361335540045,0.981576473772747
4,0,2.24070968927596,0.981576473772747
4,0,1.79175946922805,0.981576473772747
4,0,0.0953101798043249,0.981576473772747
4,0,1.7404661748405,0.981576473772747
4,0,-0.356674943938732,0.981576473772747
4,0,1.25276296849537,0.981576473772747
4,0,1.16315080980568,0.981576473772747
4,0,0.262364264467491,0.981576473772747
4,0,1.02961941718116,0.981576473772747
4,0,1.94591014905531,0.981576473772747
4,1,-0.693147180559945,0.981576473772747
4,0,0.182321556793955,0.981576473772747
4,0,1.84054963339749,0.981576473772747
4,0,0,0.981576473772747
4,0,1.16315080980568,0.981576473772747
4,0,1.56861591791385,0.981576473772747
4,0,1.28093384546206,0.981576473772747
4,0,0.262364264467491,0.981576473772747
4,1,0.0953101798043249,0.981576473772747
4,0,2.05412373369555,0.981576473772747
4,0,2.05412373369555,0.981576473772747
4,0,1.02961941718116,0.981576473772747
4,0,0.832909122935104,0.981576473772747
4,0,0.955511445027436,0.981576473772747
4,0,0.587786664902119,0.981576473772747
4,0,1.82454929205105,0.981576473772747
4,0,1.25276296849537,0.981576473772747
4,0,3.65325227647079,0.981576473772747
4,0,1.38629436111989,0.981576473772747
4,0,2.01490302054226,0.981576473772747
4,0,0,0.981576473772747
4,0,0.693147180559945,0.981576473772747
4,0,0.955511445027436,0.981576473772747
4,9,0.182321556793955,0.981576473772747
4,0,-0.105360515657826,0.981576473772747
4,1,2.2082744135228,0.981576473772747
4,0,0.916290731874155,0.981576473772747
4,0,-0.105360515657826,0.981576473772747
4,0,1.1314021114911,0.981576473772747
4,0,0,0.981576473772747
4,0,0.405465108108164,0.981576473772747
4,0,2.11625551480255,0.981576473772747
9,0,1.68639895357023,1.07287045917547
9,0,0.955511445027436,1.07287045917547
9,0,1.22377543162212,1.07287045917547
9,1,-0.356674943938732,1.07287045917547
9,0,3.21084365317094,1.07287045917547
9,0,1.87180217690159,1.07287045917547
9,0,2.67414864942653,1.07287045917547
9,1,0.405465108108164,1.07287045917547
9,0,2.45958884180371,1.07287045917547
0,0,1.30833281965018,1.07287045917547
9,0,0.587786664902119,1.07287045917547
9,0,0.405465108108164,1.07287045917547
9,0,0.182321556793955,1.07287045917547
9,0,2.2082744135228,1.07287045917547
9,0,1.82454929205105,1.07287045917547
20,0,0.336472236621213,0.975777765706198
20,0,0.693147180559945,0.975777765706198
20,0,0.955511445027436,0.975777765706198
20,0,1.6094379124341,0.975777765706198
20,1,1.45861502269952,0.975777765706198
20,0,0.693147180559945,0.975777765706198
0,0,1.30833281965018,0.975777765706198
20,0,0.587786664902119,0.975777765706198
20,0,0.336472236621213,0.975777765706198
20,0,1.33500106673234,0.975777765706198
20,0,2.85070650150373,0.975777765706198
20,0,0.741937344729377,0.975777765706198
20,0,1.58923520511658,0.975777765706198
20,0,0.741937344729377,0.975777765706198
20,0,2.67414864942653,0.975777765706198
20,0,1.93152141160321,0.975777765706198
20,0,1.50407739677627,0.975777765706198
20,0,1.38629436111989,0.975777765706198
20,0,0.405465108108164,0.975777765706198
20,0,1.7227665977411,0.975777765706198
20,0,1.06471073699243,0.975777765706198
20,0,-0.22314355131421,0.975777765706198
20,0,1.06471073699243,0.975777765706198
20,0,0.916290731874155,0.975777765706198
20,0,-0.693147180559945,0.975777765706198
20,0,0.832909122935104,0.975777765706198
20,0,1.33500106673234,0.975777765706198
20,0,0.955511445027436,0.975777765706198
20,0,3.08190996979504,0.975777765706198
20,1,1.33500106673234,0.975777765706198
20,0,3.52929738428947,0.975777765706198
20,0,0.78845736036427,0.975777765706198
20,1,-0.916290731874155,0.975777765706198
20,0,4.00369019395397,0.975777765706198
20,0,1.19392246847243,0.975777765706198
20,1,0,0.975777765706198
20,0,2.30258509299405,0.975777765706198
20,0,3.41772668361337,0.975777765706198
20,0,2.02814824729229,0.975777765706198
20,0,0.955511445027436,0.975777765706198
20,0,1.02961941718116,0.975777765706198
20,0,2.04122032885964,0.975777765706198
20,0,0.832909122935104,0.975777765706198
20,0,1.19392246847243,0.975777765706198
20,0,0.262364264467491,0.975777765706198
20,0,2.58021682959233,0.975777765706198
20,0,1.02961941718116,0.975777765706198
20,0,1.48160454092422,0.975777765706198
20,0,0.470003629245736,0.975777765706198
20,0,1.96009478404727,0.975777765706198
20,0,3.13113691056019,0.975777765706198
20,0,2.94968833505258,0.975777765706198
20,0,1.85629799036563,0.975777765706198
20,0,1.1314021114911,0.975777765706198
20,0,1.33500106673234,0.975777765706198
20,0,1.82454929205105,0.975777765706198
20,0,1.16315080980568,0.975777765706198
20,0,1.28093384546206,0.975777765706198
20,0,2.19722457733622,0.975777765706198
20,0,3.01062088604774,0.975777765706198
20,1,-0.510825623765991,0.975777765706198
20,0,4.64053732982538,0.975777765706198
20,0,0.693147180559945,0.975777765706198
20,0,0.693147180559945,0.975777765706198
20,0,0.832909122935104,0.975777765706198
20,1,3.45315712059287,0.975777765706198
20,0,2.10413415427021,0.975777765706198
20,0,2.27212588550934,0.975777765706198
20,0,2.14006616349627,0.975777765706198
20,0,1.54756250871601,0.975777765706198
20,0,0.470003629245736,0.975777765706198
20,0,1.98787434815435,0.975777765706198
20,0,0.993251773010283,0.975777765706198
20,0,0.405465108108164,0.975777765706198
20,1,1.98787434815435,0.975777765706198
20,0,1.33500106673234,0.975777765706198
20,0,1.33500106673234,0.975777765706198
20,0,1.48160454092422,0.975777765706198
20,0,2.11625551480255,0.975777765706198
20,0,0.993251773010283,0.975777765706198
20,0,1.52605630349505,0.975777765706198
20,0,1.82454929205105,0.975777765706198
20,0,0.832909122935104,0.975777765706198
20,0,0.8754687373539,0.975777765706198
20,0,3.37416870927424,0.975777765706198
20,0,0.955511445027436,0.975777765706198
20,0,0.916290731874155,0.975777765706198
20,0,2.4423470353692,0.975777765706198
20,0,2.97552956623647,0.975777765706198
20,0,2.09186406167839,0.975777765706198
20,0,3.38439026334577,0.975777765706198
20,0,2.05412373369555,0.975777765706198
20,0,0.8754687373539,0.975777765706198
20,0,1.52605630349505,0.975777765706198
20,0,3.44680789291421,0.975777765706198
20,0,1.09861228866811,0.975777765706198
20,0,3.21084365317094,0.975777765706198
20,0,1.48160454092422,0.975777765706198
20,0,0.741937344729377,0.975777765706198
20,0,1.56861591791385,0.975777765706198
20,0,2.11625551480255,0.975777765706198
20,0,2.01490302054226,0.975777765706198
20,0,1.02961941718116,0.975777765706198
20,0,1.84054963339749,0.975777765706198
20,0,1.30833281965018,0.975777765706198
20,1,1.06471073699243,0.975777765706198
20,0,0.741937344729377,0.975777765706198
20,0,1.41098697371026,0.975777765706198
20,0,2.02814824729229,0.975777765706198
20,0,0.336472236621213,0.975777765706198
20,0,3.46885603013597,0.975777765706198
20,0,1.62924053973028,0.975777765706198
20,0,0.336472236621213,0.975777765706198
20,0,1.66770682055808,0.975777765706198
20,0,-1.20397280432594,0.975777765706198
20,0,2.18605127673809,0.975777765706198
20,0,1.02961941718116,0.975777765706198
20,0,0.8754687373539,0.975777765706198
20,0,0.832909122935104,0.975777765706198
20,0,0.741937344729377,0.975777765706198
22,0,2.77258872223978,0.665159144019777
22,0,0,0.665159144019777
22,0,0.641853886172395,0.665159144019777
22,0,2.70805020110221,0.665159144019777
22,0,1.68639895357023,0.665159144019777
22,0,1.77495235091167,0.665159144019777
22,0,1.6094379124341,0.665159144019777
22,0,2.99071973173045,0.665159144019777
22,0,3.25424296870549,0.665159144019777
22,0,0.262364264467491,0.665159144019777
22,1,1.77495235091167,0.665159144019777
22,1,0.641853886172395,0.665159144019777
22,0,2.54944517092557,0.665159144019777
22,0,1.16315080980568,0.665159144019777
26,0,1.6094379124341,0.956549367737717
26,0,0.262364264467491,0.956549367737717
26,0,4.22390976657674,0.956549367737717
26,0,-0.510825623765991,0.956549367737717
26,0,2.15176220325946,0.956549367737717
26,0,2.63188884013665,0.956549367737717
26,0,2.45100509811232,0.956549367737717
26,0,1.45861502269952,0.956549367737717
26,0,3.54095932403731,0.956549367737717
26,0,3.03495298670727,0.956549367737717
26,0,2.29253475714054,0.956549367737717
26,0,2.3887627892351,0.956549367737717
26,0,1.56861591791385,0.956549367737717
26,0,3.47506723022861,0.956549367737717
26,0,1.7404661748405,0.956549367737717
26,0,-0.356674943938732,0.956549367737717
26,0,2.24070968927596,0.956549367737717
26,0,2.84490938381941,0.956549367737717
26,1,0.993251773010283,0.956549367737717
26,0,0.336472236621213,0.956549367737717
26,0,-1.6094379124341,0.956549367737717
26,0,0.262364264467491,0.956549367737717
26,0,0.955511445027436,0.956549367737717
26,0,1.97408102602201,0.956549367737717
26,0,2.61739583283408,0.956549367737717
26,0,0.336472236621213,0.956549367737717
26,0,3.16968558067743,0.956549367737717
26,0,0.955511445027436,0.956549367737717
26,0,2.26176309847379,0.956549367737717
26,0,2.97552956623647,0.956549367737717
26,0,1.82454929205105,0.956549367737717
26,0,2.30258509299405,0.956549367737717
26,1,0.0953101798043249,0.956549367737717
26,0,0.8754687373539,0.956549367737717
26,0,2.74727091425549,0.956549367737717
26,0,1.58923520511658,0.956549367737717
26,1,1.06471073699243,0.956549367737717
26,0,2.01490302054226,0.956549367737717
26,0,0.587786664902119,0.956549367737717
26,0,0.641853886172395,0.956549367737717
31,1,-0.916290731874155,0.783188961234604
31,0,0.8754687373539,0.783188961234604
31,0,0.916290731874155,0.783188961234604
31,0,0.955511445027436,0.783188961234604
31,0,0.182321556793955,0.783188961234604
31,1,0.0953101798043249,0.783188961234604
31,0,0.336472236621213,0.783188961234604
31,0,1.50407739677627,0.783188961234604
31,0,1.93152141160321,0.783188961234604
31,0,0.955511445027436,0.783188961234604
31,0,1.09861228866811,0.783188961234604
31,0,1.3609765531356,0.783188961234604
31,0,0.470003629245736,0.783188961234604
31,0,2.17475172148416,0.783188961234604
31,0,1.3609765531356,0.783188961234604
31,0,1.70474809223843,0.783188961234604
31,0,0.955511445027436,0.783188961234604
31,0,0.336472236621213,0.783188961234604
31,0,2.40694510831829,0.783188961234604
31,0,-0.22314355131421,0.783188961234604
31,0,-0.510825623765991,0.783188961234604
31,0,0.53062825106217,0.783188961234604
31,0,2.4423470353692,0.783188961234604
31,0,1.85629799036563,0.783188961234604
31,0,0.336472236621213,0.783188961234604
31,0,3.26575941076705,0.783188961234604
31,0,0.470003629245736,0.783188961234604
31,0,1.16315080980568,0.783188961234604
31,0,-0.356674943938732,0.783188961234604
31,0,2.01490302054226,0.783188961234604
31,0,0.587786664902119,0.783188961234604
31,0,0.262364264467491,0.783188961234604
38,0,0.0953101798043249,1.08096074612932
38,0,1.43508452528932,1.08096074612932
38,0,-0.356674943938732,1.08096074612932
38,0,2.19722457733622,1.08096074612932
38,0,2.2082744135228,1.08096074612932
38,0,3.41772668361337,1.08096074612932
38,1,2.81540871942271,1.08096074612932
38,0,1.48160454092422,1.08096074612932
38,0,1.52605630349505,1.08096074612932
38,0,2.18605127673809,1.08096074612932
38,0,0.262364264467491,1.08096074612932
38,0,2.27212588550934,1.08096074612932
38,0,0.993251773010283,1.08096074612932
38,0,0.0953101798043249,1.08096074612932
38,0,0.53062825106217,1.08096074612932
38,0,0.693147180559945,1.08096074612932
38,1,-1.20397280432594,1.08096074612932
38,0,1.16315080980568,1.08096074612932
38,0,2.61739583283408,1.08096074612932
38,0,3.41114771251532,1.08096074612932
38,1,0.587786664902119,1.08096074612932
38,0,1.82454929205105,1.08096074612932
38,0,2.85070650150373,1.08096074612932
38,1,0.587786664902119,1.08096074612932
38,0,3.91402100809082,1.08096074612932
38,1,1.66770682055808,1.08096074612932
38,0,1.98787434815435,1.08096074612932
38,0,2.06686275947298,1.08096074612932
38,0,2.23001440015921,1.08096074612932
38,0,1.88706964903238,1.08096074612932
38,0,1.85629799036563,1.08096074612932
38,0,1.38629436111989,1.08096074612932
38,0,0.832909122935104,1.08096074612932
38,0,0,1.08096074612932
38,0,0.78845736036427,1.08096074612932
38,0,0.587786664902119,1.08096074612932
38,0,1.90210752639692,1.08096074612932
38,0,-0.916290731874155,1.08096074612932
38,0,1.64865862558738,1.08096074612932
38,1,2.81540871942271,1.08096074612932
42,0,1.7227665977411,1.1154136847459
42,1,0.693147180559945,1.1154136847459
42,0,0.693147180559945,1.1154136847459
42,0,1.41098697371026,1.1154136847459
42,0,2.30258509299405,1.1154136847459
42,0,1.41098697371026,1.1154136847459
42,0,2.50959926237837,1.1154136847459
42,0,0.470003629245736,1.1154136847459
42,0,1.54756250871601,1.1154136847459
42,0,1.77495235091167,1.1154136847459
42,1,0.0953101798043249,1.1154136847459
42,0,1.33500106673234,1.1154136847459
42,0,0.53062825106217,1.1154136847459
42,0,1.1314021114911,1.1154136847459
42,0,0.0953101798043249,1.1154136847459
42,0,1.22377543162212,1.1154136847459
42,0,0.8754687373539,1.1154136847459
42,0,2.54944517092557,1.1154136847459
42,0,1.82454929205105,1.1154136847459
42,0,2.35137525716348,1.1154136847459
42,0,3.5055573969864,1.1154136847459
42,0,1.64865862558738,1.1154136847459
42,1,1.09861228866811,1.1154136847459
42,1,0.955511445027436,1.1154136847459
42,1,0.78845736036427,1.1154136847459
42,0,1.16315080980568,1.1154136847459
42,0,1.38629436111989,1.1154136847459
42,0,2.10413415427021,1.1154136847459
42,0,1.02961941718116,1.1154136847459
42,0,0.262364264467491,1.1154136847459
42,0,0.182321556793955,1.1154136847459
42,0,-0.510825623765991,1.1154136847459
42,0,2.05412373369555,1.1154136847459
42,0,1.19392246847243,1.1154136847459
42,0,0.693147180559945,1.1154136847459
42,1,-0.105360515657826,1.1154136847459
42,1,2.02814824729229,1.1154136847459
42,1,0.832909122935104,1.1154136847459
42,0,0.336472236621213,1.1154136847459
42,1,-0.22314355131421,1.1154136847459
42,1,-1.20397280432594,1.1154136847459
42,0,1.02961941718116,1.1154136847459
42,1,1.7227665977411,1.1154136847459
42,0,0.993251773010283,1.1154136847459
42,0,2.53369681395743,1.1154136847459
42,0,-0.356674943938732,1.1154136847459
45,0,0.741937344729377,1.00025680997782
45,0,3.06339092202781,1.00025680997782
45,0,3.2846635654062,1.00025680997782
45,0,1.75785791755237,1.00025680997782
45,0,3.41772668361337,1.00025680997782
45,0,1.43508452528932,1.00025680997782
45,0,2.67414864942653,1.00025680997782
45,1,0.405465108108164,1.00025680997782
45,0,0.741937344729377,1.00025680997782
45,1,3.08648663682246,1.00025680997782
45,0,2.66025953726586,1.00025680997782
45,0,3.46573590279973,1.00025680997782
45,0,3.42751468997953,1.00025680997782
45,1,-0.22314355131421,1.00025680997782
45,0,2.2082744135228,1.00025680997782
45,0,0.916290731874155,1.00025680997782
45,0,0.53062825106217,1.00025680997782
45,0,-0.510825623765991,1.00025680997782
45,0,0.993251773010283,1.00025680997782
45,0,0.53062825106217,1.00025680997782
45,1,1.66770682055808,1.00025680997782
45,0,2.02814824729229,1.00025680997782
45,0,0.53062825106217,1.00025680997782
45,0,0.53062825106217,1.00025680997782
45,0,1.33500106673234,1.00025680997782
45,0,1.52605630349505,1.00025680997782
45,0,1.58923520511658,1.00025680997782
45,0,2.27212588550934,1.00025680997782
45,0,1.28093384546206,1.00025680997782
45,0,1.6094379124341,1.00025680997782
45,0,1.90210752639692,1.00025680997782
45,0,3.47815842279828,1.00025680997782
45,0,1.77495235091167,1.00025680997782
45,0,0.262364264467491,1.00025680997782
45,0,0.336472236621213,1.00025680997782
45,0,2.26176309847379,1.00025680997782
45,0,0.0953101798043249,1.00025680997782
45,0,3.35689712276558,1.00025680997782
45,0,1.64865862558738,1.00025680997782
45,0,2.23001440015921,1.00025680997782
45,0,0.916290731874155,1.00025680997782
45,0,0.587786664902119,1.00025680997782
45,0,0.693147180559945,1.00025680997782
45,1,-0.510825623765991,1.00025680997782
45,0,0.832909122935104,1.00025680997782
45,0,2.72785282839839,1.00025680997782
45,0,1.54756250871601,1.00025680997782
45,1,-0.510825623765991,1.00025680997782
45,0,-1.6094379124341,1.00025680997782
45,1,0,1.00025680997782
45,0,0.832909122935104,1.00025680997782
45,0,3.30321697330195,1.00025680997782
45,0,1.93152141160321,1.00025680997782
45,0,0.955511445027436,1.00025680997782
45,0,1.06471073699243,1.00025680997782
45,0,1.43508452528932,1.00025680997782
45,0,-0.105360515657826,1.00025680997782
45,0,2.24070968927596,1.00025680997782
45,0,0.587786664902119,1.00025680997782
45,0,1.50407739677627,1.00025680997782
45,0,3.42426265459315,1.00025680997782
45,0,0.741937344729377,1.00025680997782
45,0,1.98787434815435,1.00025680997782
45,0,3.34638914516716,1.00025680997782
45,0,0.0953101798043249,1.00025680997782
45,0,-0.356674943938732,1.00025680997782
45,0,3.48737507790321,1.00025680997782
45,0,2.37024374146786,1.00025680997782
45,0,0.262364264467491,1.00025680997782
45,0,4.00369019395397,1.00025680997782
45,0,1.70474809223843,1.00025680997782
45,0,0.916290731874155,1.00025680997782
45,0,1.3609765531356,1.00025680997782
45,0,1.41098697371026,1.00025680997782
45,0,3.22286784613774,1.00025680997782
45,0,0.182321556793955,1.00025680997782
45,0,1.09861228866811,1.00025680997782
45,0,2.90142159408275,1.00025680997782
45,1,-0.356674943938732,1.00025680997782
45,0,0.955511445027436,1.00025680997782
45,0,4.31214050720972,1.00025680997782
45,0,1.41098697371026,1.00025680997782
45,1,0.405465108108164,1.00025680997782
45,0,1.96009478404727,1.00025680997782
45,0,1.19392246847243,1.00025680997782
45,0,0.832909122935104,1.00025680997782
45,0,2.00148000021012,1.00025680997782
45,0,2.06686275947298,1.00025680997782
45,0,1.06471073699243,1.00025680997782
45,0,0.0953101798043249,1.00025680997782
45,0,1.06471073699243,1.00025680997782
45,0,2.52572864430826,1.00025680997782
45,0,0.641853886172395,1.00025680997782
45,0,-0.22314355131421,1.00025680997782
45,0,1.43508452528932,1.00025680997782
45,0,2.66722820658195,1.00025680997782
45,0,1.48160454092422,1.00025680997782
48,0,0.0953101798043249,0.869542880762922
48,0,2.00148000021012,0.869542880762922
48,0,0.262364264467491,0.869542880762922
48,0,0.741937344729377,0.869542880762922
48,0,1.25276296849537,0.869542880762922
48,0,0.262364264467491,0.869542880762922
48,0,0.832909122935104,0.869542880762922
48,0,-0.105360515657826,0.869542880762922
48,0,0.741937344729377,0.869542880762922
48,1,0.336472236621213,0.869542880762922
48,0,0.470003629245736,0.869542880762922
48,0,-0.356674943938732,0.869542880762922
48,0,0.693147180559945,0.869542880762922
48,0,1.66770682055808,0.869542880762922
48,0,0.53062825106217,0.869542880762922
48,0,0.470003629245736,0.869542880762922
48,0,0.693147180559945,0.869542880762922
48,0,-0.105360515657826,0.869542880762922
48,0,1.22377543162212,0.869542880762922
48,9,1.1314021114911,0.869542880762922
48,0,2.96010509591084,0.869542880762922
48,0,0.470003629245736,0.869542880762922
48,0,1.88706964903238,0.869542880762922
48,0,-0.105360515657826,0.869542880762922
48,0,0.955511445027436,0.869542880762922
48,0,0.832909122935104,0.869542880762922
48,0,-0.356674943938732,0.869542880762922
48,0,0.78845736036427,0.869542880762922
48,0,0.641853886172395,0.869542880762922
48,0,1.02961941718116,0.869542880762922
48,0,2.84490938381941,0.869542880762922
48,0,1.16315080980568,0.869542880762922
48,0,-0.22314355131421,0.869542880762922
48,0,0,0.869542880762922
48,0,2.76631910922619,0.869542880762922
48,0,0.587786664902119,0.869542880762922
48,0,1.22377543162212,0.869542880762922
48,0,0.741937344729377,0.869542880762922
48,0,2.33214389523559,0.869542880762922
48,0,1.91692261218206,0.869542880762922
48,0,2.11625551480255,0.869542880762922
48,0,1.58923520511658,0.869542880762922
50,1,0.405465108108164,0.656618041868051
50,1,-0.105360515657826,0.656618041868051
50,0,1.79175946922805,0.656618041868051
50,0,2.26176309847379,0.656618041868051
50,2,-0.22314355131421,0.656618041868051
52,0,1.56861591791385,1.09274175743636
52,0,0.336472236621213,1.09274175743636
52,0,2.65324196460721,1.09274175743636
52,0,1.66770682055808,1.09274175743636
52,0,0.693147180559945,1.09274175743636
52,0,1.94591014905531,1.09274175743636
52,9,0.832909122935104,1.09274175743636
52,0,2.8094026953625,1.09274175743636
52,0,2.96527306606928,1.09274175743636
52,0,-0.22314355131421,1.09274175743636
52,0,3.75185425327532,1.09274175743636
52,0,0.182321556793955,1.09274175743636
52,0,1.22377543162212,1.09274175743636
52,0,1.25276296849537,1.09274175743636
52,0,0.470003629245736,1.09274175743636
52,0,2.89591193827178,1.09274175743636
52,0,1.43508452528932,1.09274175743636
52,0,1.1314021114911,1.09274175743636
60,0,2.28238238567653,0.73335298527425
60,0,1.90210752639692,0.73335298527425
60,0,2.90142159408275,0.73335298527425
60,0,0.955511445027436,0.73335298527425
60,0,2.28238238567653,0.73335298527425
60,0,2.66025953726586,0.73335298527425
60,1,2.11625551480255,0.73335298527425
60,0,1.50407739677627,0.73335298527425
60,0,2.54160199346455,0.73335298527425
60,0,2.11625551480255,0.73335298527425
60,0,1.7404661748405,0.73335298527425
60,0,2.90142159408275,0.73335298527425
60,0,2.77258872223978,0.73335298527425
60,0,1.1314021114911,0.73335298527425
60,0,1.41098697371026,0.73335298527425
60,0,2.04122032885964,0.73335298527425
60,0,1.75785791755237,0.73335298527425
60,0,4.49200148788245,0.73335298527425
60,0,2.21920348405499,0.73335298527425
60,0,3.92197333628131,0.73335298527425
60,0,1.48160454092422,0.73335298527425
60,0,0.993251773010283,0.73335298527425
62,0,1.09861228866811,0.899551407869857
62,1,-1.6094379124341,0.899551407869857
62,0,3.79098467705109,0.899551407869857
62,0,0.470003629245736,0.899551407869857
62,0,1.09861228866811,0.899551407869857
62,0,-0.22314355131421,0.899551407869857
62,0,0,0.899551407869857
62,0,0.262364264467491,0.899551407869857
62,0,1.25276296849537,0.899551407869857
62,0,3.56388296393925,0.899551407869857
62,0,2.06686275947298,0.899551407869857
62,0,1.50407739677627,0.899551407869857
62,1,-0.22314355131421,0.899551407869857
62,0,1.56861591791385,0.899551407869857
62,1,1.30833281965018,0.899551407869857
62,0,1.06471073699243,0.899551407869857
62,0,-0.916290731874155,0.899551407869857
62,0,1.16315080980568,0.899551407869857
0,0,3.16968558067743,0.899551407869857
62,0,1.70474809223843,0.899551407869857
62,0,3.10458667846607,0.899551407869857
62,0,2.29253475714054,0.899551407869857
62,0,1.30833281965018,0.899551407869857
62,0,3.7796338173824,0.899551407869857
62,0,4.16511363311031,0.899551407869857
62,0,0.470003629245736,0.899551407869857
62,0,1.06471073699243,0.899551407869857
62,0,1.30833281965018,0.899551407869857
62,1,0.8754687373539,0.899551407869857
62,0,0.832909122935104,0.899551407869857
62,0,0,0.899551407869857
62,1,1.3609765531356,0.899551407869857
62,0,2.77258872223978,0.899551407869857
62,0,2.26176309847379,0.899551407869857
66,1,0.182321556793955,1.04004346890847
66,0,2.88480071284671,1.04004346890847
66,0,-0.105360515657826,1.04004346890847
66,0,1.54756250871601,1.04004346890847
66,0,1.09861228866811,1.04004346890847
66,0,1.93152141160321,1.04004346890847
66,0,-0.22314355131421,1.04004346890847
66,0,0.78845736036427,1.04004346890847
66,0,0.78845736036427,1.04004346890847
66,0,1.09861228866811,1.04004346890847
66,0,1.82454929205105,1.04004346890847
66,1,-0.356674943938732,1.04004346890847
66,0,1.43508452528932,1.04004346890847
69,0,1.3609765531356,0.936846017028803
69,0,2.37024374146786,0.936846017028803
69,0,1.28093384546206,0.936846017028803
69,0,1.97408102602201,0.936846017028803
69,0,2.12823170584927,0.936846017028803
69,0,3.80888224650863,0.936846017028803
69,0,0.641853886172395,0.936846017028803
69,0,0.0953101798043249,0.936846017028803
69,0,0.405465108108164,0.936846017028803
69,0,-0.105360515657826,0.936846017028803
69,0,1.16315080980568,0.936846017028803
69,0,1.82454929205105,0.936846017028803
69,0,2.47653840011748,0.936846017028803
69,0,0.741937344729377,0.936846017028803
69,0,1.16315080980568,0.936846017028803
69,0,1.06471073699243,0.936846017028803
69,0,1.56861591791385,0.936846017028803
69,0,0.336472236621213,0.936846017028803
69,1,0.182321556793955,0.936846017028803
69,0,2.53369681395743,0.936846017028803
69,0,1.41098697371026,0.936846017028803
69,1,1.3609765531356,0.936846017028803
69,1,0.470003629245736,0.936846017028803
69,0,0,0.936846017028803
69,9,0.832909122935104,0.936846017028803
69,0,-0.105360515657826,0.936846017028803
69,0,-0.22314355131421,0.936846017028803
69,0,0.53062825106217,0.936846017028803
71,0,-0.693147180559945,0.77242498038143
71,0,2.02814824729229,0.77242498038143
71,0,-0.916290731874155,0.77242498038143
71,0,1.09861228866811,0.77242498038143
71,0,1.70474809223843,0.77242498038143
71,0,-0.916290731874155,0.77242498038143
71,0,3.89385903480047,0.77242498038143
75,0,1.41098697371026,1.12976851984202
75,1,1.06471073699243,1.12976851984202
75,0,4.52178857704904,1.12976851984202
75,0,0.182321556793955,1.12976851984202
75,0,2.32238772029023,1.12976851984202
75,0,2.33214389523559,1.12976851984202
75,0,3.43720781918519,1.12976851984202
75,0,2.7408400239252,1.12976851984202
75,0,1.90210752639692,1.12976851984202
75,0,0.78845736036427,1.12976851984202
79,0,0.832909122935104,0.898008627996114
79,1,0.53062825106217,0.898008627996114
79,1,2.43361335540045,0.898008627996114
79,0,2.06686275947298,0.898008627996114
79,0,1.1314021114911,0.898008627996114
79,1,-0.105360515657826,0.898008627996114
79,1,0.182321556793955,0.898008627996114
79,0,-0.693147180559945,0.898008627996114
79,0,1.88706964903238,0.898008627996114
79,0,0.470003629245736,0.898008627996114
79,1,-0.105360515657826,0.898008627996114
79,0,1.79175946922805,0.898008627996114
79,0,0,0.898008627996114
79,0,0,0.898008627996114
79,0,1.19392246847243,0.898008627996114
79,1,0.832909122935104,0.898008627996114
79,0,1.30833281965018,0.898008627996114
79,0,0.78845736036427,0.898008627996114
79,1,-0.356674943938732,0.898008627996114
79,1,0.336472236621213,0.898008627996114
79,0,0.405465108108164,0.898008627996114
81,9,4.25134831103176,0.766332584421238
81,0,3.21486780347066,0.766332584421238
81,0,2.63188884013665,0.766332584421238
81,0,4.19720194766181,0.766332584421238
81,0,3.1904763503465,0.766332584421238
81,0,1.25276296849537,0.766332584421238
81,0,4.275276264727,0.766332584421238
81,0,2.54160199346455,0.766332584421238
81,9,2.64617479738412,0.766332584421238
81,0,3.01553490085017,0.766332584421238
81,0,1.91692261218206,0.766332584421238
81,0,2.42480272571829,0.766332584421238
81,0,1.98787434815435,0.766332584421238
81,1,0.336472236621213,0.766332584421238
81,0,1.02961941718116,0.766332584421238
81,0,1.16315080980568,0.766332584421238
81,1,1.97408102602201,0.766332584421238
81,0,0.693147180559945,0.766332584421238
81,0,2.62466859216316,0.766332584421238
81,0,2.70805020110221,0.766332584421238
81,0,3.82428409112014,0.766332584421238
81,0,3.89792408104864,0.766332584421238
81,0,3.37758751602302,0.766332584421238
81,0,1.54756250871601,0.766332584421238
81,1,0.587786664902119,0.766332584421238
81,0,1.50407739677627,0.766332584421238
81,0,1.58923520511658,0.766332584421238
81,0,3.03974915897077,0.766332584421238
81,0,5.05241682811121,0.766332584421238
81,0,1.33500106673234,0.766332584421238
81,0,1.3609765531356,0.766332584421238
81,0,4.24992279404054,0.766332584421238
81,0,1.68639895357023,0.766332584421238
81,0,2.82137888640921,0.766332584421238
81,0,2.14006616349627,0.766332584421238
81,0,2.42480272571829,0.766332584421238
81,0,2.60268968544438,0.766332584421238
81,0,3.7796338173824,0.766332584421238
81,1,0.741937344729377,0.766332584421238
81,0,1.87180217690159,0.766332584421238
81,0,1.41098697371026,0.766332584421238
81,0,1.43508452528932,0.766332584421238
81,0,2.40694510831829,0.766332584421238
81,1,1.80828877117927,0.766332584421238
81,0,2.2082744135228,0.766332584421238
85,0,2.53369681395743,0.762878446033613
85,0,5.12515374753885,0.762878446033613
85,0,1.06471073699243,0.762878446033613
85,0,3.41444260841218,0.762878446033613
85,0,0.182321556793955,0.762878446033613
85,1,3.37073817417745,0.762878446033613
85,0,1.75785791755237,0.762878446033613
85,0,2.96010509591084,0.762878446033613
85,0,0.336472236621213,0.762878446033613
85,0,0.336472236621213,0.762878446033613
85,0,3.31418600467253,0.762878446033613
85,0,0.78845736036427,0.762878446033613
85,0,1.22377543162212,0.762878446033613
85,0,0,0.762878446033613
85,0,3.3357695763397,0.762878446033613
85,0,4.30406509320417,0.762878446033613
85,1,3.03013370027132,0.762878446033613
85,0,4.58802402715312,0.762878446033613
85,0,2.2512917986065,0.762878446033613
85,1,1.80828877117927,0.762878446033613
85,9,0.336472236621213,0.762878446033613
85,0,1.43508452528932,0.762878446033613
85,0,2.91235066461494,0.762878446033613
85,0,0.336472236621213,0.762878446033613
85,0,2.68102152871429,0.762878446033613
85,0,1.25276296849537,0.762878446033613
85,0,2.72129542785223,0.762878446033613
85,0,2.61006979274201,0.762878446033613
85,0,-0.356674943938732,0.762878446033613
85,1,0.182321556793955,0.762878446033613
85,0,3.72086249996699,0.762878446033613
85,0,5.6116671857484,0.762878446033613
85,0,0.8754687373539,0.762878446033613
85,0,1.38629436111989,0.762878446033613
85,0,2.85070650150373,0.762878446033613
85,0,4.18509892549057,0.762878446033613
85,0,2.85070650150373,0.762878446033613
85,0,2.46809953147162,0.762878446033613
85,0,1.66770682055808,0.762878446033613
85,0,0.182321556793955,0.762878446033613
85,0,2.58776403522771,0.762878446033613
85,0,0.587786664902119,0.762878446033613
85,0,2.95491027903374,0.762878446033613
85,0,2.58021682959233,0.762878446033613
85,1,-0.693147180559945,0.762878446033613
85,1,1.7227665977411,0.762878446033613
85,1,0.741937344729377,0.762878446033613
85,0,2.26176309847379,0.762878446033613
85,0,0.182321556793955,0.762878446033613
90,0,0.955511445027436,0.653558799825222
90,0,2.47653840011748,0.653558799825222
90,0,1.30833281965018,0.653558799825222
90,0,-0.510825623765991,0.653558799825222
90,0,0,0.653558799825222
90,0,-0.693147180559945,0.653558799825222
90,0,1.09861228866811,0.653558799825222
90,0,-1.6094379124341,0.653558799825222
90,1,0,0.653558799825222
90,0,-0.916290731874155,0.653558799825222
90,0,0.916290731874155,0.653558799825222
90,0,0.955511445027436,0.653558799825222
0,0,0.955511445027436,0.653558799825222
90,1,0.336472236621213,0.653558799825222
90,1,0.0953101798043249,0.653558799825222
90,0,2.23001440015921,0.653558799825222
90,0,-0.510825623765991,0.653558799825222
90,0,0.78845736036427,0.653558799825222
90,1,-0.356674943938732,0.653558799825222
90,0,1.52605630349505,0.653558799825222
90,0,1.1314021114911,0.653558799825222
90,0,-1.6094379124341,0.653558799825222
90,0,0.993251773010283,0.653558799825222
90,0,0.53062825106217,0.653558799825222
90,0,-2.30258509299405,0.653558799825222
90,0,1.50407739677627,0.653558799825222
90,0,-0.356674943938732,0.653558799825222
90,0,0.993251773010283,0.653558799825222
90,0,-0.693147180559945,0.653558799825222
90,1,-0.22314355131421,0.653558799825222
90,0,0.993251773010283,0.653558799825222
90,0,0,0.653558799825222
90,0,0.405465108108164,0.653558799825222
90,0,1.22377543162212,0.653558799825222
90,0,0.0953101798043249,0.653558799825222
90,1,0.0953101798043249,0.653558799825222
90,0,0.641853886172395,0.653558799825222
90,1,0.182321556793955,0.653558799825222
90,0,3.27714473299218,0.653558799825222
101,0,1.28093384546206,0.668219040235094
101,0,0.53062825106217,0.668219040235094
101,1,-1.20397280432594,0.668219040235094
101,0,-0.22314355131421,0.668219040235094
101,0,0.78845736036427,0.668219040235094
101,0,1.38629436111989,0.668219040235094
101,1,2.32238772029023,0.668219040235094
101,0,1.16315080980568,0.668219040235094
101,0,0.405465108108164,0.668219040235094
101,0,0.405465108108164,0.668219040235094
101,0,-0.693147180559945,0.668219040235094
101,0,3.20274644293832,0.668219040235094
101,0,-0.105360515657826,0.668219040235094
101,0,1.06471073699243,0.668219040235094
101,0,5.56452040732269,0.668219040235094
101,0,-0.105360515657826,0.668219040235094
101,0,1.06471073699243,0.668219040235094
104,0,0.336472236621213,0.801238962910785
104,0,2.77881927199042,0.801238962910785
104,0,-0.356674943938732,0.801238962910785
104,0,0.405465108108164,0.801238962910785
104,0,0.336472236621213,0.801238962910785
104,0,2.58021682959233,0.801238962910785
104,0,0.78845736036427,0.801238962910785
104,1,-0.105360515657826,0.801238962910785
104,1,-1.20397280432594,0.801238962910785
104,0,0,0.801238962910785
104,0,2.18605127673809,0.801238962910785
104,0,1.68639895357023,0.801238962910785
104,0,-0.693147180559945,0.801238962910785
104,0,0.587786664902119,0.801238962910785
104,0,2.76631910922619,0.801238962910785
104,0,2.14006616349627,0.801238962910785
104,0,1.97408102602201,0.801238962910785
104,0,-0.510825623765991,0.801238962910785
104,0,-0.693147180559945,0.801238962910785
104,0,0.693147180559945,0.801238962910785
104,0,-0.693147180559945,0.801238962910785
104,0,-0.510825623765991,0.801238962910785
104,0,0.262364264467491,0.801238962910785
104,0,-0.105360515657826,0.801238962910785
104,0,-0.22314355131421,0.801238962910785
104,0,0.741937344729377,0.801238962910785
104,0,-0.105360515657826,0.801238962910785
104,0,1.79175946922805,0.801238962910785
104,0,0.336472236621213,0.801238962910785
104,0,3.8286413964891,0.801238962910785
104,0,1.48160454092422,0.801238962910785
104,0,0.0953101798043249,0.801238962910785
104,0,1.82454929205105,0.801238962910785
104,0,2.06686275947298,0.801238962910785
104,0,0.336472236621213,0.801238962910785
104,1,-1.20397280432594,0.801238962910785
104,0,2.47653840011748,0.801238962910785
104,0,-0.356674943938732,0.801238962910785
104,1,-1.20397280432594,0.801238962910785
104,0,0,0.801238962910785
104,1,1.68639895357023,0.801238962910785
104,0,1.97408102602201,0.801238962910785
104,0,0.336472236621213,0.801238962910785
104,1,0.693147180559945,0.801238962910785
104,0,3.20680324363393,0.801238962910785
104,1,3.4626060097908,0.801238962910785
104,0,-0.105360515657826,0.801238962910785
104,0,2.54944517092557,0.801238962910785
104,0,0.955511445027436,0.801238962910785
104,1,-1.6094379124341,0.801238962910785
104,0,1.38629436111989,0.801238962910785
104,0,0.405465108108164,0.801238962910785
104,0,2.11625551480255,0.801238962910785
104,0,0.470003629245736,0.801238962910785
104,0,0.53062825106217,0.801238962910785
104,0,0.470003629245736,0.801238962910785
104,0,0,0.801238962910785
104,0,0.916290731874155,0.801238962910785
104,0,0.0953101798043249,0.801238962910785
104,0,1.41098697371026,0.801238962910785
104,0,-0.356674943938732,0.801238962910785
104,0,1.30833281965018,0.801238962910785
104,1,-1.6094379124341,0.801238962910785
104,0,-0.105360515657826,0.801238962910785
104,0,0.587786664902119,0.801238962910785
104,0,3.18635263316264,0.801238962910785
104,0,0,0.801238962910785
104,0,0.0953101798043249,0.801238962910785
104,1,-1.6094379124341,0.801238962910785
104,0,1.66770682055808,0.801238962910785
107,0,1.28093384546206,0.742575236471268
107,0,0.693147180559945,0.742575236471268
107,0,0.262364264467491,0.742575236471268
107,0,0.587786664902119,0.742575236471268
107,0,2.28238238567653,0.742575236471268
107,0,3.01553490085017,0.742575236471268
107,0,2.54944517092557,0.742575236471268
107,0,-0.22314355131421,0.742575236471268
107,1,2.01490302054226,0.742575236471268
107,1,0,0.742575236471268
107,0,0.53062825106217,0.742575236471268
107,0,1.6094379124341,0.742575236471268
107,0,0.53062825106217,0.742575236471268
107,0,0.693147180559945,0.742575236471268
107,1,-0.693147180559945,0.742575236471268
107,0,2.91235066461494,0.742575236471268
107,0,1.41098697371026,0.742575236471268
107,0,1.22377543162212,0.742575236471268
107,1,0,0.742575236471268
107,0,0.832909122935104,0.742575236471268
107,1,-0.510825623765991,0.742575236471268
107,0,-0.22314355131421,0.742575236471268
107,0,1.09861228866811,0.742575236471268
107,0,0.336472236621213,0.742575236471268
107,0,0.587786664902119,0.742575236471268
107,0,3.09557760852371,0.742575236471268
107,1,-0.356674943938732,0.742575236471268
107,0,0.587786664902119,0.742575236471268
111,1,-0.105360515657826,0.771325073623963
111,0,0.470003629245736,0.771325073623963
111,0,1.1314021114911,0.771325073623963
115,0,2.2082744135228,0.779063374722401
115,0,2.86789890204411,0.779063374722401
115,0,1.28093384546206,0.779063374722401
115,0,3.3357695763397,0.779063374722401
115,0,2.99071973173045,0.779063374722401
115,1,1.66770682055808,0.779063374722401
115,0,2.50959926237837,0.779063374722401
115,0,2.9704144655697,0.779063374722401
115,0,0.587786664902119,0.779063374722401
115,0,2.56494935746154,0.779063374722401
115,0,3.18635263316264,0.779063374722401
115,0,2.89037175789616,0.779063374722401
115,0,2.37954613413017,0.779063374722401
115,0,0.8754687373539,0.779063374722401
115,1,0.405465108108164,0.779063374722401
115,0,1.3609765531356,0.779063374722401
115,0,2.39789527279837,0.779063374722401
115,0,0.916290731874155,0.779063374722401
115,1,-0.105360515657826,0.779063374722401
115,0,3.81990771652034,0.779063374722401
117,0,4.16976120150686,0.729295872191034
117,0,1.45861502269952,0.729295872191034
117,0,2.76631910922619,0.729295872191034
129,0,0.53062825106217,0.909737305004311
129,0,1.66770682055808,0.909737305004311
129,0,1.77495235091167,0.909737305004311
129,0,1.22377543162212,0.909737305004311
129,0,0.8754687373539,0.909737305004311
129,0,-2.30258509299405,0.909737305004311
129,1,-0.105360515657826,0.909737305004311
149,0,2.29253475714054,0.649043766399667
149,0,1.1314021114911,0.649043766399667
149,0,1.75785791755237,0.649043766399667
149,0,0,0.649043766399667
149,0,0.955511445027436,0.649043766399667
149,1,1.87180217690159,0.649043766399667
149,0,0.693147180559945,0.649043766399667
151,0,2.01490302054226,0.998622509933562
151,1,2.76000994003292,0.998622509933562
151,0,1.25276296849537,0.998622509933562
151,0,0.693147180559945,0.998622509933562
151,0,0.336472236621213,0.998622509933562
151,0,1.85629799036563,0.998622509933562
151,0,0.262364264467491,0.998622509933562
151,0,0.336472236621213,0.998622509933562
151,0,0.182321556793955,0.998622509933562
151,0,0.182321556793955,0.998622509933562
151,0,2.61739583283408,0.998622509933562
151,0,0.262364264467491,0.998622509933562
151,0,1.48160454092422,0.998622509933562
151,0,0.741937344729377,0.998622509933562
151,0,3.26193531432865,0.998622509933562
151,0,0.0953101798043249,0.998622509933562
151,0,0.262364264467491,0.998622509933562
158,0,2.09186406167839,0.99068552003509
158,0,-0.105360515657826,0.99068552003509
158,0,0.8754687373539,0.99068552003509
158,0,1.88706964903238,0.99068552003509
158,0,2.3887627892351,0.99068552003509
158,0,2.26176309847379,0.99068552003509
158,0,1.09861228866811,0.99068552003509
158,0,0.955511445027436,0.99068552003509
158,1,2.35137525716348,0.99068552003509
158,0,2.99573227355399,0.99068552003509
158,0,2.34180580614733,0.99068552003509
158,0,1.70474809223843,0.99068552003509
158,1,-0.356674943938732,0.99068552003509
158,0,1.38629436111989,0.99068552003509
161,1,-0.105360515657826,0.597940495399865
161,0,0.587786664902119,0.597940495399865
161,1,0.955511445027436,0.597940495399865
161,0,2.28238238567653,0.597940495399865
161,0,0.53062825106217,0.597940495399865
177,0,0.8754687373539,1.00795427075828
177,0,0.832909122935104,1.00795427075828
177,0,1.1314021114911,1.00795427075828
177,0,0.405465108108164,1.00795427075828
177,0,0.405465108108164,1.00795427075828
177,0,1.45861502269952,1.00795427075828
177,0,0.993251773010283,1.00795427075828
177,0,1.91692261218206,1.00795427075828
177,0,-0.356674943938732,1.00795427075828
177,0,0.641853886172395,1.00795427075828
177,0,0.336472236621213,1.00795427075828
0,0,0.336472236621213,1.00795427075828
0,0,3.69137633431252,1.00795427075828
177,1,-0.510825623765991,1.00795427075828
177,0,1.84054963339749,1.00795427075828
177,0,2.01490302054226,1.00795427075828
177,0,0.0953101798043249,1.00795427075828
177,0,0.78845736036427,1.00795427075828
177,0,1.16315080980568,1.00795427075828
177,0,0.182321556793955,1.00795427075828
177,0,1.09861228866811,1.00795427075828
177,0,1.3609765531356,1.00795427075828
177,0,0.262364264467491,1.00795427075828
177,1,0.405465108108164,1.00795427075828
177,0,2.06686275947298,1.00795427075828
177,0,0,1.00795427075828
177,0,0.470003629245736,1.00795427075828
177,0,1.16315080980568,1.00795427075828
177,0,-0.105360515657826,1.00795427075828
177,0,1.56861591791385,1.00795427075828
177,0,-0.916290731874155,1.00795427075828
177,0,0.993251773010283,1.00795427075828
177,0,0.693147180559945,1.00795427075828
177,0,2.484906649788,1.00795427075828
177,0,-0.105360515657826,1.00795427075828
177,0,0.0953101798043249,1.00795427075828
177,1,-0.22314355131421,1.00795427075828
177,0,-0.22314355131421,1.00795427075828
177,0,0.78845736036427,1.00795427075828
177,0,0.262364264467491,1.00795427075828
177,0,0,1.00795427075828
177,0,0,1.00795427075828
177,0,1.38629436111989,1.00795427075828
177,0,1.22377543162212,1.00795427075828
177,0,0.693147180559945,1.00795427075828
177,0,0.336472236621213,1.00795427075828
177,0,0.0953101798043249,1.00795427075828
177,0,0.182321556793955,1.00795427075828
177,0,2.15176220325946,1.00795427075828
177,0,0.53062825106217,1.00795427075828
177,0,1.16315080980568,1.00795427075828
177,1,0.0953101798043249,1.00795427075828
177,0,-0.356674943938732,1.00795427075828
177,0,1.48160454092422,1.00795427075828
177,0,1.96009478404727,1.00795427075828
177,1,1.66770682055808,1.00795427075828
177,0,1.43508452528932,1.00795427075828
177,0,1.09861228866811,1.00795427075828
177,0,1.56861591791385,1.00795427075828
177,0,0.336472236621213,1.00795427075828
177,0,-0.105360515657826,1.00795427075828
177,0,0.470003629245736,1.00795427075828
177,0,-0.356674943938732,1.00795427075828
177,1,-2.30258509299405,1.00795427075828
177,0,0.693147180559945,1.00795427075828
177,0,1.41098697371026,1.00795427075828
177,0,0.262364264467491,1.00795427075828
177,0,0.741937344729377,1.00795427075828
177,0,-0.22314355131421,1.00795427075828
177,0,1.38629436111989,1.00795427075828
177,1,0.262364264467491,1.00795427075828
177,0,-0.22314355131421,1.00795427075828
177,1,0,1.00795427075828
177,0,1.3609765531356,1.00795427075828
177,0,0.0953101798043249,1.00795427075828
177,0,1.38629436111989,1.00795427075828
177,0,2.15176220325946,1.00795427075828
177,0,0.405465108108164,1.00795427075828
177,0,0.262364264467491,1.00795427075828
177,0,1.7404661748405,1.00795427075828
177,0,0.182321556793955,1.00795427075828
183,0,2.2512917986065,1.02235020320554
183,0,3.55820113047182,1.02235020320554
183,0,2.45100509811232,1.02235020320554
183,0,2.29253475714054,1.02235020320554
183,0,2.70136121295141,1.02235020320554
183,0,0.693147180559945,1.02235020320554
183,0,2.24070968927596,1.02235020320554
183,0,2.41591377830105,1.02235020320554
183,0,2.18605127673809,1.02235020320554
183,0,2.57261223020711,1.02235020320554
183,0,1.66770682055808,1.02235020320554
183,0,2.69462718077007,1.02235020320554
183,0,2.76631910922619,1.02235020320554
183,0,2.24070968927596,1.02235020320554
183,0,0.741937344729377,1.02235020320554
183,0,2.12823170584927,1.02235020320554
183,0,1.94591014905531,1.02235020320554
183,0,1.02961941718116,1.02235020320554
183,0,2.16332302566054,1.02235020320554
183,0,2.58021682959233,1.02235020320554
183,0,1.1314021114911,1.02235020320554
183,0,2.99573227355399,1.02235020320554
183,0,4.20020495292158,1.02235020320554
183,0,3.31418600467253,1.02235020320554
183,0,2.41591377830105,1.02235020320554
183,0,1.87180217690159,1.02235020320554
183,1,1.88706964903238,1.02235020320554
183,1,2.59525470695687,1.02235020320554
183,1,1.79175946922805,1.02235020320554
183,0,3.89182029811063,1.02235020320554
183,0,1.62924053973028,1.02235020320554
183,0,0.470003629245736,1.02235020320554
183,0,2.04122032885964,1.02235020320554
183,0,1.7227665977411,1.02235020320554
183,0,4.6615505194242,1.02235020320554
183,0,2.77881927199042,1.02235020320554
183,0,2.80336038090653,1.02235020320554
183,1,1.58923520511658,1.02235020320554
183,0,1.1314021114911,1.02235020320554
183,0,3.5945687746427,1.02235020320554
183,0,2.36085400111802,1.02235020320554
183,0,1.48160454092422,1.02235020320554
183,0,2.23001440015921,1.02235020320554
183,0,1.58923520511658,1.02235020320554
183,0,2.91777073208428,1.02235020320554
183,0,0.470003629245736,1.02235020320554
183,0,2.09186406167839,1.02235020320554
183,0,3.32143241319329,1.02235020320554
183,1,1.96009478404727,1.02235020320554
183,0,2.80336038090653,1.02235020320554
183,1,1.82454929205105,1.02235020320554
183,0,3.10009228887823,1.02235020320554
183,0,2.26176309847379,1.02235020320554
183,0,3.41444260841218,1.02235020320554
183,0,2.54944517092557,1.02235020320554
183,0,2.52572864430826,1.02235020320554
183,0,2.99071973173045,1.02235020320554
183,0,2.26176309847379,1.02235020320554
183,1,1.58923520511658,1.02235020320554
183,0,2.76631910922619,1.02235020320554
183,0,3.13549421592915,1.02235020320554
183,0,3.53514535417189,1.02235020320554
183,0,1.82454929205105,1.02235020320554
183,0,1.19392246847243,1.02235020320554
183,0,1.56861591791385,1.02235020320554
183,1,2.07944154167984,1.02235020320554
183,0,0.955511445027436,1.02235020320554
183,0,1.75785791755237,1.02235020320554
183,0,1.77495235091167,1.02235020320554
184,0,1.19392246847243,0.905092262419971
184,0,1.54756250871601,0.905092262419971
184,0,0.955511445027436,0.905092262419971
184,0,0.262364264467491,0.905092262419971
184,0,0.336472236621213,0.905092262419971
184,0,1.66770682055808,0.905092262419971
184,0,0.0953101798043249,0.905092262419971
184,0,1.6094379124341,0.905092262419971
184,9,0.641853886172395,0.905092262419971
184,1,1.62924053973028,0.905092262419971
184,0,0.587786664902119,0.905092262419971
184,0,0.405465108108164,0.905092262419971
184,0,2.37954613413017,0.905092262419971
184,0,0.470003629245736,0.905092262419971
184,0,-2.30258509299405,0.905092262419971
184,0,2.11625551480255,0.905092262419971
184,0,2.30258509299405,0.905092262419971
184,0,0.470003629245736,0.905092262419971
184,0,1.25276296849537,0.905092262419971
184,0,0.741937344729377,0.905092262419971
184,0,1.52605630349505,0.905092262419971
184,0,0.955511445027436,0.905092262419971
184,0,1.70474809223843,0.905092262419971
184,0,1.3609765531356,0.905092262419971
184,1,-0.693147180559945,0.905092262419971
184,0,-0.22314355131421,0.905092262419971
184,0,2.89591193827178,0.905092262419971
184,0,0.470003629245736,0.905092262419971
184,0,1.1314021114911,0.905092262419971
184,0,0.741937344729377,0.905092262419971
184,0,0.0953101798043249,0.905092262419971
184,0,1.19392246847243,0.905092262419971
184,0,0.0953101798043249,0.905092262419971
184,0,1.88706964903238,0.905092262419971
184,0,0.336472236621213,0.905092262419971
184,0,1.6094379124341,0.905092262419971
184,0,0.336472236621213,0.905092262419971
184,0,0.993251773010283,0.905092262419971
184,0,0.182321556793955,0.905092262419971
184,0,1.25276296849537,0.905092262419971
184,0,0.741937344729377,0.905092262419971
184,0,1.3609765531356,0.905092262419971
184,0,1.02961941718116,0.905092262419971
184,0,0.262364264467491,0.905092262419971
184,0,0.262364264467491,0.905092262419971
184,0,2.60268968544438,0.905092262419971
184,0,0.78845736036427,0.905092262419971
184,0,0,0.905092262419971
184,0,0.470003629245736,0.905092262419971
184,0,2.29253475714054,0.905092262419971
184,0,1.22377543162212,0.905092262419971
184,0,0.8754687373539,0.905092262419971
184,0,1.68639895357023,0.905092262419971
184,0,0.405465108108164,0.905092262419971
184,0,2.2082744135228,0.905092262419971
184,0,0.8754687373539,0.905092262419971
186,0,5.28218798461815,0.949203127829914
186,0,2.45100509811232,0.949203127829914
186,0,1.06471073699243,0.949203127829914
186,0,3.23867845216438,0.949203127829914
186,0,2.4932054526027,0.949203127829914
186,0,1.16315080980568,0.949203127829914
186,0,2.51769647261099,0.949203127829914
186,0,2.61006979274201,0.949203127829914
186,0,2.19722457733622,0.949203127829914
186,0,2.16332302566054,0.949203127829914
186,0,3.87535902105655,0.949203127829914
186,1,1.38629436111989,0.949203127829914
186,0,3.55534806148941,0.949203127829914
186,0,2.15176220325946,0.949203127829914
186,0,2.45100509811232,0.949203127829914
186,0,3.02529107579554,0.949203127829914
186,0,2.78501124223834,0.949203127829914
186,0,2.33214389523559,0.949203127829914
186,0,1.80828877117927,0.949203127829914
186,0,2.60268968544438,0.949203127829914
186,0,2.31253542384721,0.949203127829914
188,1,-0.510825623765991,1.22718138946282
188,0,2.40694510831829,1.22718138946282
188,0,1.66770682055808,1.22718138946282
188,0,2.24070968927596,1.22718138946282
188,0,3.34286180464919,1.22718138946282
188,0,2.15176220325946,1.22718138946282
188,0,1.77495235091167,1.22718138946282
188,1,2.27212588550934,1.22718138946282
188,0,3.8458832029236,1.22718138946282
188,0,4.35799005684564,1.22718138946282
188,0,3.66356164612965,1.22718138946282
188,0,1.62924053973028,1.22718138946282
188,1,1.56861591791385,1.22718138946282
188,0,1.64865862558738,1.22718138946282
188,0,2.57261223020711,1.22718138946282
188,1,0.262364264467491,1.22718138946282
188,0,2.91777073208428,1.22718138946282
188,0,1.77495235091167,1.22718138946282
188,0,3.16547504814109,1.22718138946282
188,1,1.98787434815435,1.22718138946282
188,0,1.16315080980568,1.22718138946282
188,0,3.5918177412708,1.22718138946282
188,0,1.75785791755237,1.22718138946282
195,0,0.587786664902119,1.0219795936205
195,0,0.78845736036427,1.0219795936205
195,0,2.12823170584927,1.0219795936205
195,0,0.262364264467491,1.0219795936205
195,0,2.40694510831829,1.0219795936205
195,0,0.916290731874155,1.0219795936205
195,0,0.832909122935104,1.0219795936205
195,1,1.6094379124341,1.0219795936205
195,0,1.1314021114911,1.0219795936205
195,0,0.8754687373539,1.0219795936205
195,0,2.26176309847379,1.0219795936205
195,0,-0.510825623765991,1.0219795936205
195,0,0.470003629245736,1.0219795936205
195,0,0.470003629245736,1.0219795936205
195,0,1.02961941718116,1.0219795936205
195,1,0.53062825106217,1.0219795936205
195,0,1.06471073699243,1.0219795936205
195,0,0.993251773010283,1.0219795936205
195,0,-0.510825623765991,1.0219795936205
195,0,2.12823170584927,1.0219795936205
195,0,1.45861502269952,1.0219795936205
195,0,0.993251773010283,1.0219795936205
195,0,0.916290731874155,1.0219795936205
195,0,2.54160199346455,1.0219795936205
195,0,3.10458667846607,1.0219795936205
195,0,0.53062825106217,1.0219795936205
195,0,0.8754687373539,1.0219795936205
195,0,0.993251773010283,1.0219795936205
195,0,0,1.0219795936205
195,0,0.336472236621213,1.0219795936205
195,0,0.8754687373539,1.0219795936205
195,0,1.02961941718116,1.0219795936205
195,0,0.262364264467491,1.0219795936205
195,1,0.741937344729377,1.0219795936205
195,0,1.88706964903238,1.0219795936205
195,0,1.97408102602201,1.0219795936205
195,0,0.955511445027436,1.0219795936205
195,0,2.56494935746154,1.0219795936205
195,0,-0.356674943938732,1.0219795936205
195,0,0.916290731874155,1.0219795936205
195,0,-0.356674943938732,1.0219795936205
195,0,0.641853886172395,1.0219795936205
195,0,1.48160454092422,1.0219795936205
195,0,0.262364264467491,1.0219795936205
195,0,0.182321556793955,1.0219795936205
195,0,1.09861228866811,1.0219795936205
195,0,0.336472236621213,1.0219795936205
195,0,0.587786664902119,1.0219795936205
195,1,-0.510825623765991,1.0219795936205
195,0,-0.916290731874155,1.0219795936205
195,0,0.693147180559945,1.0219795936205
195,0,0.587786664902119,1.0219795936205
195,0,1.1314021114911,1.0219795936205
195,0,0.741937344729377,1.0219795936205
195,0,0.741937344729377,1.0219795936205
195,0,1.16315080980568,1.0219795936205
195,0,0.336472236621213,1.0219795936205
195,0,1.56861591791385,1.0219795936205
195,0,0.78845736036427,1.0219795936205
195,0,0.641853886172395,1.0219795936205
195,0,1.02961941718116,1.0219795936205
195,0,2.04122032885964,1.0219795936205
195,0,1.3609765531356,1.0219795936205
195,0,1.43508452528932,1.0219795936205
195,0,0.336472236621213,1.0219795936205
195,0,0.587786664902119,1.0219795936205
195,0,1.28093384546206,1.0219795936205
195,0,-0.356674943938732,1.0219795936205
195,0,0.993251773010283,1.0219795936205
195,0,0.336472236621213,1.0219795936205
195,0,0.470003629245736,1.0219795936205
195,0,0.993251773010283,1.0219795936205
195,0,0,1.0219795936205
195,0,2.72785282839839,1.0219795936205
195,0,0,1.0219795936205
195,0,0.741937344729377,1.0219795936205
195,0,0,1.0219795936205
195,0,1.28093384546206,1.0219795936205
195,0,2.27212588550934,1.0219795936205
195,0,1.70474809223843,1.0219795936205
195,0,0.587786664902119,1.0219795936205
195,0,0.741937344729377,1.0219795936205
195,0,1.97408102602201,1.0219795936205
195,1,0.955511445027436,1.0219795936205
195,0,1.6094379124341,1.0219795936205
195,0,0.916290731874155,1.0219795936205
195,0,0.0953101798043249,1.0219795936205
195,0,0.641853886172395,1.0219795936205
195,0,1.41098697371026,1.0219795936205
195,0,2.06686275947298,1.0219795936205
195,0,1.85629799036563,1.0219795936205
195,0,0.587786664902119,1.0219795936205
195,0,0.993251773010283,1.0219795936205
195,1,0.916290731874155,1.0219795936205
195,0,2.87356463957978,1.0219795936205
195,0,2.16332302566054,1.0219795936205
195,0,-0.22314355131421,1.0219795936205
195,0,0.641853886172395,1.0219795936205
195,0,0.587786664902119,1.0219795936205
195,0,1.62924053973028,1.0219795936205
195,0,0,1.0219795936205
195,0,2.57261223020711,1.0219795936205
195,0,0,1.0219795936205
195,0,0.832909122935104,1.0219795936205
195,0,0.182321556793955,1.0219795936205
195,0,0.336472236621213,1.0219795936205
195,0,1.84054963339749,1.0219795936205
195,0,0,1.0219795936205
195,0,1.45861502269952,1.0219795936205
195,0,0.916290731874155,1.0219795936205
195,0,1.28093384546206,1.0219795936205
195,0,0.182321556793955,1.0219795936205
195,0,0.693147180559945,1.0219795936205
195,0,0.182321556793955,1.0219795936205
195,0,1.88706964903238,1.0219795936205
195,0,0.262364264467491,1.0219795936205
195,1,1.75785791755237,1.0219795936205
195,0,0.405465108108164,1.0219795936205
196,0,1.97408102602201,0.922869047234278
196,0,-0.105360515657826,0.922869047234278
196,0,1.1314021114911,0.922869047234278
196,0,0.641853886172395,0.922869047234278
196,0,0.405465108108164,0.922869047234278
196,0,2.76000994003292,0.922869047234278
196,0,0.53062825106217,0.922869047234278
196,0,1.80828877117927,0.922869047234278
196,0,1.19392246847243,0.922869047234278
196,0,4.18965474202643,0.922869047234278
196,0,0.405465108108164,0.922869047234278
196,0,1.45861502269952,0.922869047234278
196,0,4.3502779363593,0.922869047234278
196,1,0.993251773010283,0.922869047234278
196,0,1.38629436111989,0.922869047234278
196,0,1.25276296849537,0.922869047234278
196,0,0.955511445027436,0.922869047234278
196,0,2.42480272571829,0.922869047234278
196,1,0.641853886172395,0.922869047234278
196,0,0.8754687373539,0.922869047234278
196,0,2.2512917986065,0.922869047234278
196,0,1.48160454092422,0.922869047234278
196,0,3.98713047791495,0.922869047234278
196,0,0.182321556793955,0.922869047234278
196,0,1.75785791755237,0.922869047234278
196,0,-0.693147180559945,0.922869047234278
196,0,0.262364264467491,0.922869047234278
196,0,2.04122032885964,0.922869047234278
209,0,0.916290731874155,0.569622694274448
209,1,-0.693147180559945,0.569622694274448
209,0,-1.6094379124341,0.569622694274448
209,0,1.43508452528932,0.569622694274448
209,0,1.54756250871601,0.569622694274448
209,0,1.7227665977411,0.569622694274448
209,0,0.693147180559945,0.569622694274448
209,0,0.587786664902119,0.569622694274448
209,0,0.8754687373539,0.569622694274448
209,0,1.02961941718116,0.569622694274448
209,0,2.94968833505258,0.569622694274448
209,0,-0.510825623765991,0.569622694274448
209,0,0,0.569622694274448
209,1,-0.916290731874155,0.569622694274448
209,0,0.336472236621213,0.569622694274448
215,0,0.0953101798043249,0.852178786406911
0,0,3.1904763503465,0.852178786406911
215,0,1.70474809223843,0.852178786406911
215,0,-0.356674943938732,0.852178786406911
215,0,0.587786664902119,0.852178786406911
215,0,0.262364264467491,0.852178786406911
215,0,1.3609765531356,0.852178786406911
215,0,1.33500106673234,0.852178786406911
215,0,0.336472236621213,0.852178786406911
215,1,-0.356674943938732,0.852178786406911
215,0,1.38629436111989,0.852178786406911
215,0,0.993251773010283,0.852178786406911
215,0,0.993251773010283,0.852178786406911
215,0,1.19392246847243,0.852178786406911
215,1,1.09861228866811,0.852178786406911
215,0,2.54160199346455,0.852178786406911
0,0,1.68639895357023,0.852178786406911
215,0,0,0.852178786406911
215,0,0.693147180559945,0.852178786406911
215,0,0.587786664902119,0.852178786406911
215,0,0.405465108108164,0.852178786406911
215,0,1.28093384546206,0.852178786406911
215,0,0.993251773010283,0.852178786406911
215,0,0,0.852178786406911
215,1,0,0.852178786406911
215,0,0.641853886172395,0.852178786406911
215,0,1.19392246847243,0.852178786406911
215,0,0.587786664902119,0.852178786406911
215,0,0.405465108108164,0.852178786406911
215,1,-0.105360515657826,0.852178786406911
215,0,0.693147180559945,0.852178786406911
215,1,1.33500106673234,0.852178786406911
215,0,0,0.852178786406911
215,9,0.53062825106217,0.852178786406911
215,0,1.87180217690159,0.852178786406911
215,0,0.78845736036427,0.852178786406911
215,0,0.78845736036427,0.852178786406911
215,0,4.53796143629464,0.852178786406911
215,0,0,0.852178786406911
215,0,2.28238238567653,0.852178786406911
215,0,1.16315080980568,0.852178786406911
215,1,-0.105360515657826,0.852178786406911
215,0,0.336472236621213,0.852178786406911
215,0,0.262364264467491,0.852178786406911
215,9,-0.356674943938732,0.852178786406911
215,0,0.336472236621213,0.852178786406911
215,0,2.50143595173921,0.852178786406911
215,0,1.50407739677627,0.852178786406911
215,0,0.832909122935104,0.852178786406911
215,0,-0.916290731874155,0.852178786406911
215,0,0.832909122935104,0.852178786406911
218,0,3.62167070442049,0.518448495711539
218,0,1.22377543162212,0.518448495711539
218,0,0.693147180559945,0.518448495711539
218,0,0.693147180559945,0.518448495711539
218,0,1.70474809223843,0.518448495711539
218,0,2.10413415427021,0.518448495711539
218,0,0.587786664902119,0.518448495711539
218,0,0.53062825106217,0.518448495711539
218,0,-0.105360515657826,0.518448495711539
218,0,-0.22314355131421,0.518448495711539
225,1,1.58923520511658,1.18009703302986
225,0,2.37024374146786,1.18009703302986
225,1,-0.510825623765991,1.18009703302986
225,0,0.53062825106217,1.18009703302986
225,1,1.16315080980568,1.18009703302986
225,1,-0.356674943938732,1.18009703302986
225,0,3.47196645255036,1.18009703302986
225,0,0.916290731874155,1.18009703302986
225,0,0.993251773010283,1.18009703302986
225,0,2.01490302054226,1.18009703302986
225,0,1.06471073699243,1.18009703302986
225,0,1.7404661748405,1.18009703302986
225,0,3.10906095886099,1.18009703302986
225,0,1.50407739677627,1.18009703302986
225,0,1.52605630349505,1.18009703302986
225,0,-0.105360515657826,1.18009703302986
225,0,1.62924053973028,1.18009703302986
225,0,1.09861228866811,1.18009703302986
225,0,0.916290731874155,1.18009703302986
225,1,0,1.18009703302986
225,0,2.32238772029023,1.18009703302986
225,0,2.83321334405622,1.18009703302986
225,1,1.28093384546206,1.18009703302986
225,0,3.38099467434464,1.18009703302986
225,0,1.25276296849537,1.18009703302986
225,1,2.69462718077007,1.18009703302986
225,0,2.63905732961526,1.18009703302986
225,0,2.58776403522771,1.18009703302986
225,0,1.09861228866811,1.18009703302986
225,0,1.82454929205105,1.18009703302986
225,0,-0.510825623765991,1.18009703302986
225,0,2.58776403522771,1.18009703302986
225,1,-0.693147180559945,1.18009703302986
225,1,0.53062825106217,1.18009703302986
225,1,1.19392246847243,1.18009703302986
225,0,2.06686275947298,1.18009703302986
225,1,1.16315080980568,1.18009703302986
225,0,4.15261347034608,1.18009703302986
225,1,-0.22314355131421,1.18009703302986
225,0,-0.22314355131421,1.18009703302986
225,0,0.470003629245736,1.18009703302986
225,0,2.29253475714054,1.18009703302986
225,0,2.05412373369555,1.18009703302986
225,0,2.15176220325946,1.18009703302986
225,0,2.56494935746154,1.18009703302986
225,9,1.97408102602201,1.18009703302986
225,1,0.405465108108164,1.18009703302986
225,9,3.26956893918372,1.18009703302986
225,1,2.10413415427021,1.18009703302986
225,0,0.955511445027436,1.18009703302986
225,0,3.05870707271538,1.18009703302986
225,0,1.48160454092422,1.18009703302986
225,0,1.1314021114911,1.18009703302986
225,0,2.52572864430826,1.18009703302986
225,0,0.262364264467491,1.18009703302986
226,0,0.470003629245736,1.1073837070552
226,0,1.1314021114911,1.1073837070552
226,0,1.64865862558738,1.1073837070552
226,0,1.62924053973028,1.1073837070552
226,0,-0.105360515657826,1.1073837070552
0,0,1.43508452528932,1.1073837070552
226,0,1.50407739677627,1.1073837070552
226,0,0.993251773010283,1.1073837070552
226,0,0.336472236621213,1.1073837070552
226,0,-1.6094379124341,1.1073837070552
226,0,0.832909122935104,1.1073837070552
226,0,0.182321556793955,1.1073837070552
226,1,-0.693147180559945,1.1073837070552
0,0,-0.22314355131421,1.1073837070552
226,0,-0.105360515657826,1.1073837070552
226,0,1.96009478404727,1.1073837070552
0,1,0.693147180559945,1.1073837070552
226,0,0.53062825106217,1.1073837070552
226,0,1.96009478404727,1.1073837070552
226,0,1.19392246847243,1.1073837070552
226,0,0.182321556793955,1.1073837070552
226,1,0.832909122935104,1.1073837070552
226,1,0.993251773010283,1.1073837070552
0,0,0.78845736036427,1.1073837070552
226,0,-0.22314355131421,1.1073837070552
226,0,1.50407739677627,1.1073837070552
226,0,2.12823170584927,1.1073837070552
226,0,1.22377543162212,1.1073837070552
226,0,-0.22314355131421,1.1073837070552
226,0,0.8754687373539,1.1073837070552
226,0,0.182321556793955,1.1073837070552
226,1,0.405465108108164,1.1073837070552
226,1,1.88706964903238,1.1073837070552
226,0,0.182321556793955,1.1073837070552
226,0,0.916290731874155,1.1073837070552
226,0,1.56861591791385,1.1073837070552
226,0,1.3609765531356,1.1073837070552
226,0,1.38629436111989,1.1073837070552
226,0,1.3609765531356,1.1073837070552
226,0,1.77495235091167,1.1073837070552
226,0,1.64865862558738,1.1073837070552
226,0,1.41098697371026,1.1073837070552
226,0,0.336472236621213,1.1073837070552
226,1,0,1.1073837070552
226,0,0.916290731874155,1.1073837070552
226,0,0.182321556793955,1.1073837070552
226,0,1.16315080980568,1.1073837070552
226,0,0.0953101798043249,1.1073837070552
226,1,-0.356674943938732,1.1073837070552
226,0,1.33500106673234,1.1073837070552
226,0,0.955511445027436,1.1073837070552
226,0,2.23001440015921,1.1073837070552
226,0,0.741937344729377,1.1073837070552
226,0,0.916290731874155,1.1073837070552
226,0,-0.105360515657826,1.1073837070552
226,0,1.62924053973028,1.1073837070552
226,0,2.18605127673809,1.1073837070552
226,0,2.19722457733622,1.1073837070552
226,0,2.58021682959233,1.1073837070552
226,1,0.993251773010283,1.1073837070552
227,0,1.7227665977411,1.27262721854269
227,0,0.8754687373539,1.27262721854269
227,0,1.52605630349505,1.27262721854269
227,0,1.6094379124341,1.27262721854269
227,0,1.09861228866811,1.27262721854269
227,0,4.30000279919529,1.27262721854269
244,0,2.63905732961526,1.21833418426097
244,0,2.01490302054226,1.21833418426097
244,0,1.54756250871601,1.21833418426097
244,0,0.916290731874155,1.21833418426097
244,0,1.85629799036563,1.21833418426097
244,0,3.95124371858143,1.21833418426097
244,0,1.91692261218206,1.21833418426097
244,0,2.37024374146786,1.21833418426097
244,0,1.75785791755237,1.21833418426097
244,0,1.50407739677627,1.21833418426097
244,0,2.81540871942271,1.21833418426097
244,0,2.21920348405499,1.21833418426097
244,0,2.04122032885964,1.21833418426097
244,0,1.58923520511658,1.21833418426097
244,0,2.04122032885964,1.21833418426097
244,0,0.336472236621213,1.21833418426097
244,0,-0.510825623765991,1.21833418426097
244,0,1.80828877117927,1.21833418426097
244,0,2.63905732961526,1.21833418426097
244,0,2.86220088092947,1.21833418426097
244,0,3.74242022104197,1.21833418426097
244,0,1.80828877117927,1.21833418426097
244,0,3.71357206670431,1.21833418426097
244,0,3.04927304048202,1.21833418426097
244,0,1.7227665977411,1.21833418426097
244,0,2.32238772029023,1.21833418426097
245,0,0.53062825106217,1.01895922729482
245,0,0.405465108108164,1.01895922729482
245,0,1.77495235091167,1.01895922729482
245,0,1.94591014905531,1.01895922729482
245,0,2.39789527279837,1.01895922729482
245,0,0.693147180559945,1.01895922729482
245,0,1.16315080980568,1.01895922729482
245,0,1.58923520511658,1.01895922729482
245,0,0.78845736036427,1.01895922729482
245,0,1.06471073699243,1.01895922729482
245,0,4.37952350445576,1.01895922729482
245,0,2.87356463957978,1.01895922729482
245,0,2.10413415427021,1.01895922729482
245,0,2.78501124223834,1.01895922729482
245,0,0.587786664902119,1.01895922729482
260,0,0.8754687373539,0.667480593810695
260,0,3.72810016726722,0.667480593810695
260,0,-0.22314355131421,0.667480593810695
260,0,2.80336038090653,0.667480593810695
260,0,1.30833281965018,0.667480593810695
260,0,-2.30258509299405,0.667480593810695
263,0,0.336472236621213,1.21787570949493
263,0,1.87180217690159,1.21787570949493
263,0,0.832909122935104,1.21787570949493
263,0,-0.916290731874155,1.21787570949493
263,0,1.19392246847243,1.21787570949493
263,0,-0.22314355131421,1.21787570949493
263,0,0.741937344729377,1.21787570949493
263,0,-0.22314355131421,1.21787570949493
263,0,0.832909122935104,1.21787570949493
263,0,1.7227665977411,1.21787570949493
263,0,-0.22314355131421,1.21787570949493
263,0,-0.510825623765991,1.21787570949493
263,0,0.693147180559945,1.21787570949493
263,0,0.336472236621213,1.21787570949493
263,0,2.57261223020711,1.21787570949493
263,0,-0.693147180559945,1.21787570949493
263,0,-0.22314355131421,1.21787570949493
263,0,1.02961941718116,1.21787570949493
263,0,0.0953101798043249,1.21787570949493
263,0,1.87180217690159,1.21787570949493
263,0,1.02961941718116,1.21787570949493
263,0,0.470003629245736,1.21787570949493
263,0,-0.22314355131421,1.21787570949493
263,1,1.77495235091167,1.21787570949493
263,0,0.53062825106217,1.21787570949493
263,0,-1.20397280432594,1.21787570949493
263,0,0.741937344729377,1.21787570949493
263,0,1.06471073699243,1.21787570949493
263,0,-0.510825623765991,1.21787570949493
263,0,1.3609765531356,1.21787570949493
263,0,0.741937344729377,1.21787570949493
263,0,1.19392246847243,1.21787570949493
263,0,1.70474809223843,1.21787570949493
263,0,1.48160454092422,1.21787570949493
263,0,0,1.21787570949493
263,0,2.76631910922619,1.21787570949493
263,0,0.916290731874155,1.21787570949493
263,0,0.53062825106217,1.21787570949493
263,0,0.693147180559945,1.21787570949493
263,0,-0.510825623765991,1.21787570949493
263,0,0.182321556793955,1.21787570949493
263,0,0,1.21787570949493
263,0,-0.356674943938732,1.21787570949493
263,0,-0.105360515657826,1.21787570949493
263,0,-0.916290731874155,1.21787570949493
263,0,3.63230910262554,1.21787570949493
263,0,0.182321556793955,1.21787570949493
263,0,0.955511445027436,1.21787570949493
263,0,1.02961941718116,1.21787570949493
263,1,0.182321556793955,1.21787570949493
263,0,1.16315080980568,1.21787570949493
263,1,0,1.21787570949493
263,0,1.09861228866811,1.21787570949493
263,0,1.1314021114911,1.21787570949493
263,1,-0.22314355131421,1.21787570949493
263,0,1.06471073699243,1.21787570949493
263,0,0.262364264467491,1.21787570949493
263,0,-0.356674943938732,1.21787570949493
263,0,0.182321556793955,1.21787570949493
263,0,-1.20397280432594,1.21787570949493
263,0,0,1.21787570949493
263,0,0.78845736036427,1.21787570949493
263,0,0.470003629245736,1.21787570949493
263,0,-0.510825623765991,1.21787570949493
263,0,1.50407739677627,1.21787570949493
263,0,-0.693147180559945,1.21787570949493
263,0,-0.916290731874155,1.21787570949493
263,0,-0.356674943938732,1.21787570949493
263,0,1.7227665977411,1.21787570949493
263,0,-0.510825623765991,1.21787570949493
263,0,0.641853886172395,1.21787570949493
263,0,0.8754687373539,1.21787570949493
263,0,1.25276296849537,1.21787570949493
263,0,-0.105360515657826,1.21787570949493
263,0,0.182321556793955,1.21787570949493
263,0,0.78845736036427,1.21787570949493
263,0,0.262364264467491,1.21787570949493
263,0,0.470003629245736,1.21787570949493
263,0,0.336472236621213,1.21787570949493
263,0,1.7404661748405,1.21787570949493
263,0,0.262364264467491,1.21787570949493
263,0,0.832909122935104,1.21787570949493
263,0,0.182321556793955,1.21787570949493
263,0,0.693147180559945,1.21787570949493
263,0,0.262364264467491,1.21787570949493
263,0,0,1.21787570949493
263,0,1.06471073699243,1.21787570949493
263,0,0.587786664902119,1.21787570949493
263,0,-1.20397280432594,1.21787570949493
263,0,0.262364264467491,1.21787570949493
263,1,-1.20397280432594,1.21787570949493
263,0,-0.510825623765991,1.21787570949493
263,0,1.38629436111989,1.21787570949493
263,0,-0.510825623765991,1.21787570949493
263,0,-0.916290731874155,1.21787570949493
263,0,0.53062825106217,1.21787570949493
263,0,0.78845736036427,1.21787570949493
263,0,0.470003629245736,1.21787570949493
263,0,0.470003629245736,1.21787570949493
263,0,0.993251773010283,1.21787570949493
263,0,-0.916290731874155,1.21787570949493
263,0,0.8754687373539,1.21787570949493
263,0,1.52605630349505,1.21787570949493
263,0,0.587786664902119,1.21787570949493
263,0,0.641853886172395,1.21787570949493
263,0,-0.510825623765991,1.21787570949493
263,0,-0.22314355131421,1.21787570949493
263,0,0.641853886172395,1.21787570949493
263,0,1.19392246847243,1.21787570949493
263,0,-0.356674943938732,1.21787570949493
263,0,0.916290731874155,1.21787570949493
263,0,-0.510825623765991,1.21787570949493
263,0,0.78845736036427,1.21787570949493
263,0,1.54756250871601,1.21787570949493
263,0,0.641853886172395,1.21787570949493
263,0,-0.105360515657826,1.21787570949493
263,0,1.33500106673234,1.21787570949493
263,0,0.336472236621213,1.21787570949493
263,0,0.587786664902119,1.21787570949493
263,1,-0.693147180559945,1.21787570949493
263,0,0.0953101798043249,1.21787570949493
263,0,0.182321556793955,1.21787570949493
263,0,-0.510825623765991,1.21787570949493
263,0,0.741937344729377,1.21787570949493
263,0,-0.693147180559945,1.21787570949493
265,0,1.97408102602201,0.96803652386922
265,0,2.80336038090653,0.96803652386922
265,1,-0.510825623765991,0.96803652386922
265,0,0.8754687373539,0.96803652386922
265,0,-0.510825623765991,0.96803652386922
265,0,2.21920348405499,0.96803652386922
265,0,-0.105360515657826,0.96803652386922
265,0,1.94591014905531,0.96803652386922
276,0,-0.693147180559945,0.694586144754199
276,1,1.7227665977411,0.694586144754199
276,0,1.22377543162212,0.694586144754199
276,0,5.4262707308585,0.694586144754199
276,0,1.1314021114911,0.694586144754199
276,0,0.641853886172395,0.694586144754199
276,0,0.641853886172395,0.694586144754199
276,0,1.30833281965018,0.694586144754199
276,0,1.43508452528932,0.694586144754199
276,0,1.52605630349505,0.694586144754199
276,0,5.11017892443252,0.694586144754199
276,0,1.1314021114911,0.694586144754199
303,0,1.38629436111989,0.864100192977848
303,0,0.832909122935104,0.864100192977848
303,0,0.641853886172395,0.864100192977848
303,0,2.01490302054226,0.864100192977848
303,0,3.30321697330195,0.864100192977848
303,0,0.405465108108164,0.864100192977848
303,0,0.336472236621213,0.864100192977848
303,0,0.8754687373539,0.864100192977848
303,0,0.262364264467491,0.864100192977848
303,1,-0.356674943938732,0.864100192977848
303,0,3.73528582692809,0.864100192977848
303,1,1.54756250871601,0.864100192977848
303,0,2.9338568698359,0.864100192977848
303,0,2.07944154167984,0.864100192977848
303,0,4.29728540621879,0.864100192977848
303,0,2.18605127673809,0.864100192977848
303,0,0.916290731874155,0.864100192977848
303,0,2.05412373369555,0.864100192977848
303,1,1.52605630349505,0.864100192977848
303,0,1.64865862558738,0.864100192977848
303,0,2.34180580614733,0.864100192977848
303,0,-0.693147180559945,0.864100192977848
303,0,0.182321556793955,0.864100192977848
303,1,0.405465108108164,0.864100192977848
303,0,3.78191432008113,0.864100192977848
303,0,3.9926809084456,0.864100192977848
303,0,-0.916290731874155,0.864100192977848
303,1,2.24070968927596,0.864100192977848
303,1,3.75887182593397,0.864100192977848
303,0,3.64805745959368,0.864100192977848
303,0,-0.356674943938732,0.864100192977848
303,0,2.06686275947298,0.864100192977848
314,0,3.90197266957464,0.788680062836961
314,0,-0.22314355131421,0.788680062836961
314,0,2.12823170584927,0.788680062836961
314,0,0.741937344729377,0.788680062836961
314,0,2.66025953726586,0.788680062836961
314,0,2.05412373369555,0.788680062836961
316,0,-0.693147180559945,0.693502117562354
316,0,0.405465108108164,0.693502117562354
316,0,1.09861228866811,0.693502117562354
316,1,0.182321556793955,0.693502117562354
316,0,1.28093384546206,0.693502117562354
316,0,0.182321556793955,0.693502117562354
316,0,-0.105360515657826,0.693502117562354
316,0,0.741937344729377,0.693502117562354
316,0,1.43508452528932,0.693502117562354
316,0,-2.30258509299405,0.693502117562354
316,0,1.19392246847243,0.693502117562354
316,0,0.262364264467491,0.693502117562354
0,1,0.993251773010283,0.693502117562354
316,0,0.693147180559945,0.693502117562354
316,0,1.06471073699243,0.693502117562354
316,0,1.1314021114911,0.693502117562354
316,0,1.41098697371026,0.693502117562354
316,0,2.39789527279837,0.693502117562354
316,0,0.832909122935104,0.693502117562354
316,0,1.96009478404727,0.693502117562354
316,0,1.19392246847243,0.693502117562354
316,0,0.641853886172395,0.693502117562354
316,0,3.29953372788566,0.693502117562354
337,0,1.82454929205105,0.950746263407989
338,0,0.405465108108164,1.04702070418246
338,0,0.993251773010283,1.04702070418246
338,0,1.02961941718116,1.04702070418246
338,0,0,1.04702070418246
338,1,0.182321556793955,1.04702070418246
338,0,2.70136121295141,1.04702070418246
338,0,0.741937344729377,1.04702070418246
338,0,2.86220088092947,1.04702070418246
338,0,0.741937344729377,1.04702070418246
338,1,0.993251773010283,1.04702070418246
338,0,-0.105360515657826,1.04702070418246
338,0,0.832909122935104,1.04702070418246
338,0,1.88706964903238,1.04702070418246
338,0,2.4423470353692,1.04702070418246
338,0,1.09861228866811,1.04702070418246
338,0,1.68639895357023,1.04702070418246
338,1,-0.356674943938732,1.04702070418246
338,0,1.68639895357023,1.04702070418246
338,0,2.36085400111802,1.04702070418246
338,0,-0.105360515657826,1.04702070418246
343,1,-0.916290731874155,0.917342178909933
343,0,0.0953101798043249,0.917342178909933
343,0,0.53062825106217,0.917342178909933
343,0,3.88362353090645,0.917342178909933
343,0,3.13113691056019,0.917342178909933
343,0,0.262364264467491,0.917342178909933
343,0,1.22377543162212,0.917342178909933
343,0,1.6094379124341,0.917342178909933
343,1,3.32143241319329,0.917342178909933
343,0,1.45861502269952,0.917342178909933
343,0,1.45861502269952,0.917342178909933
343,0,0.53062825106217,0.917342178909933
343,0,1.25276296849537,0.917342178909933
343,1,-0.22314355131421,0.917342178909933
343,1,-0.916290731874155,0.917342178909933
343,0,-0.356674943938732,0.917342178909933
343,0,0.53062825106217,0.917342178909933
343,0,1.77495235091167,0.917342178909933
343,0,0.916290731874155,0.917342178909933
343,0,0.832909122935104,0.917342178909933
343,0,-0.22314355131421,0.917342178909933
343,0,-0.22314355131421,0.917342178909933
343,0,-0.105360515657826,0.917342178909933
343,0,4.25134831103176,0.917342178909933
343,0,3.15273602236366,0.917342178909933
343,0,-0.356674943938732,0.917342178909933
343,1,-0.105360515657826,0.917342178909933
343,0,2.01490302054226,0.917342178909933
343,0,0.53062825106217,0.917342178909933
350,0,2.53369681395743,0.762785177242215
350,0,2.21920348405499,0.762785177242215
350,0,1.91692261218206,0.762785177242215
350,0,5.48272008954582,0.762785177242215
350,0,1.91692261218206,0.762785177242215
350,0,2.45100509811232,0.762785177242215
350,0,0.741937344729377,0.762785177242215
350,1,0.0953101798043249,0.762785177242215
353,0,1.41098697371026,0.908359361547875
353,0,0.182321556793955,0.908359361547875
0,0,0.336472236621213,0.908359361547875
353,0,0.405465108108164,0.908359361547875
353,0,1.16315080980568,0.908359361547875
353,0,0.955511445027436,0.908359361547875
353,0,2.02814824729229,0.908359361547875
353,0,3.11794990627824,0.908359361547875
353,1,-0.916290731874155,0.908359361547875
353,0,2.91777073208428,0.908359361547875
353,0,2.66025953726586,0.908359361547875
353,0,1.1314021114911,0.908359361547875
353,1,0.470003629245736,0.908359361547875
353,0,3.86283276123737,0.908359361547875
353,0,2.33214389523559,0.908359361547875
353,0,1.48160454092422,0.908359361547875
353,0,1.09861228866811,0.908359361547875
353,0,0.587786664902119,0.908359361547875
353,1,1.19392246847243,0.908359361547875
353,0,0.8754687373539,0.908359361547875
353,0,2.01490302054226,0.908359361547875
353,0,0.741937344729377,0.908359361547875
353,0,-0.22314355131421,0.908359361547875
353,0,0.405465108108164,0.908359361547875
353,0,0.470003629245736,0.908359361547875
353,1,0,0.908359361547875
353,0,0.53062825106217,0.908359361547875
362,0,1.94591014905531,0.739343507449652
362,0,-0.105360515657826,0.739343507449652
362,0,1.25276296849537,0.739343507449652
362,1,-0.356674943938732,0.739343507449652
362,0,-0.105360515657826,0.739343507449652
362,0,0,0.739343507449652
362,0,0.641853886172395,0.739343507449652
362,0,0.8754687373539,0.739343507449652
362,0,-0.510825623765991,0.739343507449652
362,0,2.05412373369555,0.739343507449652
362,0,3.40119738166216,0.739343507449652
362,0,2.23001440015921,0.739343507449652
362,1,-0.916290731874155,0.739343507449652
362,0,2.12823170584927,0.739343507449652
362,0,0.405465108108164,0.739343507449652
365,0,1.38629436111989,0.985365200032008
365,0,2.24070968927596,0.985365200032008
365,0,0.832909122935104,0.985365200032008
365,0,0.641853886172395,0.985365200032008
365,0,0.78845736036427,0.985365200032008
365,0,1.90210752639692,0.985365200032008
365,0,-2.30258509299405,0.985365200032008
365,0,2.61739583283408,0.985365200032008
365,0,1.28093384546206,0.985365200032008
365,0,0.262364264467491,0.985365200032008
365,0,2.50143595173921,0.985365200032008
365,0,0.78845736036427,0.985365200032008
365,0,0.587786664902119,0.985365200032008
365,0,1.90210752639692,0.985365200032008
365,0,0.53062825106217,0.985365200032008
365,0,0.336472236621213,0.985365200032008
365,0,0.262364264467491,0.985365200032008
365,0,3.02529107579554,0.985365200032008
365,0,1.45861502269952,0.985365200032008
365,0,-0.510825623765991,0.985365200032008
365,0,2.29253475714054,0.985365200032008
365,0,0.405465108108164,0.985365200032008
365,0,0.641853886172395,0.985365200032008
365,0,1.30833281965018,0.985365200032008
365,0,0.916290731874155,0.985365200032008
365,0,0.336472236621213,0.985365200032008
365,0,0.470003629245736,0.985365200032008
365,0,0.53062825106217,0.985365200032008
365,0,0.470003629245736,0.985365200032008
365,0,1.09861228866811,0.985365200032008
365,1,-2.30258509299405,0.985365200032008
365,0,-0.105360515657826,0.985365200032008
365,1,2.61739583283408,0.985365200032008
365,0,0.693147180559945,0.985365200032008
365,0,0.641853886172395,0.985365200032008
365,1,0.641853886172395,0.985365200032008
365,0,-0.510825623765991,0.985365200032008
365,0,0.262364264467491,0.985365200032008
365,0,0.641853886172395,0.985365200032008
365,0,0.832909122935104,0.985365200032008
365,0,1.1314021114911,0.985365200032008
365,0,0.53062825106217,0.985365200032008
365,0,0.53062825106217,0.985365200032008
365,0,0.993251773010283,0.985365200032008
365,0,1.7227665977411,0.985365200032008
367,0,0,0.915506424385431
367,0,0.693147180559945,0.915506424385431
367,0,1.16315080980568,0.915506424385431
367,0,-0.22314355131421,0.915506424385431
367,1,-0.693147180559945,0.915506424385431
367,0,-1.6094379124341,0.915506424385431
367,0,3.13113691056019,0.915506424385431
367,0,0.470003629245736,0.915506424385431
367,0,0.0953101798043249,0.915506424385431
367,0,0.336472236621213,0.915506424385431
367,1,-0.916290731874155,0.915506424385431
367,0,1.02961941718116,0.915506424385431
367,0,0.182321556793955,0.915506424385431
367,0,-0.356674943938732,0.915506424385431
367,0,0.405465108108164,0.915506424385431
367,0,1.6094379124341,0.915506424385431
367,1,-1.20397280432594,0.915506424385431
367,1,1.56861591791385,0.915506424385431
367,0,0.262364264467491,0.915506424385431
367,0,0.641853886172395,0.915506424385431
367,0,2.16332302566054,0.915506424385431
367,1,-1.20397280432594,0.915506424385431
367,1,-0.356674943938732,0.915506424385431
367,0,0.262364264467491,0.915506424385431
367,0,0.832909122935104,0.915506424385431
367,0,0.336472236621213,0.915506424385431
367,0,1.52605630349505,0.915506424385431
367,0,0,0.915506424385431
367,0,1.66770682055808,0.915506424385431
367,0,0.693147180559945,0.915506424385431
367,0,2.58021682959233,0.915506424385431
370,0,0.405465108108164,0.906717050079824
0,0,1.28093384546206,0.906717050079824
370,0,0.405465108108164,0.906717050079824
370,0,1.84054963339749,0.906717050079824
370,0,1.09861228866811,0.906717050079824
370,0,-0.22314355131421,0.906717050079824
370,0,0.587786664902119,0.906717050079824
370,0,1.06471073699243,0.906717050079824
0,0,1.58923520511658,0.906717050079824
370,0,2.15176220325946,0.906717050079824
370,0,1.30833281965018,0.906717050079824
370,1,0.78845736036427,0.906717050079824
0,0,1.7404661748405,0.906717050079824
370,0,1.56861591791385,0.906717050079824
370,0,1.48160454092422,0.906717050079824
370,0,1.48160454092422,0.906717050079824
370,0,1.22377543162212,0.906717050079824
370,0,1.09861228866811,0.906717050079824
370,0,0.78845736036427,0.906717050079824
370,0,1.19392246847243,0.906717050079824
370,0,0.405465108108164,0.906717050079824
370,0,0.0953101798043249,0.906717050079824
370,0,1.64865862558738,0.906717050079824
370,0,2.01490302054226,0.906717050079824
370,0,0.78845736036427,0.906717050079824
370,0,1.3609765531356,0.906717050079824
370,0,2.23001440015921,0.906717050079824
370,0,2.66025953726586,0.906717050079824
370,0,-0.693147180559945,0.906717050079824
370,0,1.43508452528932,0.906717050079824
370,0,1.87180217690159,0.906717050079824
370,0,1.90210752639692,0.906717050079824
370,0,2.04122032885964,0.906717050079824
370,0,2.15176220325946,0.906717050079824
370,0,3.53805656437935,0.906717050079824
370,0,0,0.906717050079824
370,0,1.7227665977411,0.906717050079824
370,1,1.30833281965018,0.906717050079824
370,0,0.182321556793955,0.906717050079824
370,0,-2.30258509299405,0.906717050079824
370,0,0.182321556793955,0.906717050079824
370,0,1.33500106673234,0.906717050079824
370,0,0.0953101798043249,0.906717050079824
370,0,0.53062825106217,0.906717050079824
370,1,1.28093384546206,0.906717050079824
370,0,0.587786664902119,0.906717050079824
370,0,0,0.906717050079824
370,0,0.8754687373539,0.906717050079824
370,0,0,0.906717050079824
370,0,0.336472236621213,0.906717050079824
370,9,1.25276296849537,0.906717050079824
370,0,0.693147180559945,0.906717050079824
370,0,-0.510825623765991,0.906717050079824
370,0,0.78845736036427,0.906717050079824
370,0,1.6094379124341,0.906717050079824
370,0,-0.105360515657826,0.906717050079824
370,0,0.587786664902119,0.906717050079824
370,0,1.50407739677627,0.906717050079824
370,0,0,0.906717050079824
370,0,0.182321556793955,0.906717050079824
370,0,2.33214389523559,0.906717050079824
370,0,0,0.906717050079824
370,0,1.22377543162212,0.906717050079824
370,1,0.587786664902119,0.906717050079824
370,0,2.37024374146786,0.906717050079824
370,0,2.29253475714054,0.906717050079824
370,0,0.693147180559945,0.906717050079824
370,0,0.405465108108164,0.906717050079824
370,0,2.45958884180371,0.906717050079824
370,0,2.30258509299405,0.906717050079824
370,0,1.93152141160321,0.906717050079824
370,0,1.80828877117927,0.906717050079824
381,0,0.832909122935104,0.950201216843268
381,0,0.587786664902119,0.950201216843268
381,0,0.53062825106217,0.950201216843268
381,0,0.641853886172395,0.950201216843268
381,0,0.405465108108164,0.950201216843268
381,0,0.693147180559945,0.950201216843268
381,0,-0.22314355131421,0.950201216843268
381,0,1.19392246847243,0.950201216843268
381,0,3.85651029549789,0.950201216843268
381,0,0.741937344729377,0.950201216843268
381,0,0.955511445027436,0.950201216843268
381,0,0.470003629245736,0.950201216843268
384,0,3.19458313229916,0.95416823563316
384,0,1.68639895357023,0.95416823563316
384,0,3.52046080248897,0.95416823563316
0,0,1.30833281965018,0.95416823563316
384,0,2.55722731136763,0.95416823563316
384,0,-0.105360515657826,0.95416823563316
384,0,3.83514196109219,0.95416823563316
384,1,1.06471073699243,0.95416823563316
0,9,2.70805020110221,0.95416823563316
384,0,2.11625551480255,0.95416823563316
384,0,2.54944517092557,0.95416823563316
384,0,3.6163087612791,0.95416823563316
384,0,1.90210752639692,0.95416823563316
384,0,1.58923520511658,0.95416823563316
384,1,0,0.95416823563316
384,0,2.17475172148416,0.95416823563316
384,1,2.4423470353692,0.95416823563316
384,0,1.48160454092422,0.95416823563316
384,0,3.11794990627824,0.95416823563316
384,0,3.05870707271538,0.95416823563316
384,0,2.16332302566054,0.95416823563316
384,1,2.51769647261099,0.95416823563316
384,0,0.470003629245736,0.95416823563316
384,0,1.91692261218206,0.95416823563316
384,0,3.00071981506503,0.95416823563316
384,0,4.53044663979215,0.95416823563316
384,0,0,0.95416823563316
384,0,0.405465108108164,0.95416823563316
384,1,1.88706964903238,0.95416823563316
384,0,4.02891675689965,0.95416823563316
384,0,2.2512917986065,0.95416823563316
384,0,1.48160454092422,0.95416823563316
384,0,1.19392246847243,0.95416823563316
384,0,0.916290731874155,0.95416823563316
384,0,1.1314021114911,0.95416823563316
384,0,1.90210752639692,0.95416823563316
384,0,0.641853886172395,0.95416823563316
384,0,3.17387845893747,0.95416823563316
384,0,1.3609765531356,0.95416823563316
384,0,1.75785791755237,0.95416823563316
384,0,2.62466859216316,0.95416823563316
384,0,2.19722457733622,0.95416823563316
384,0,0.832909122935104,0.95416823563316
384,0,1.09861228866811,0.95416823563316
384,0,0.405465108108164,0.95416823563316
384,0,3.07269331469012,0.95416823563316
384,0,1.09861228866811,0.95416823563316
384,0,4.19870457754634,0.95416823563316
384,0,2.9391619220656,0.95416823563316
384,0,5.04793107883995,0.95416823563316
384,0,3.4307561839037,0.95416823563316
384,0,1.09861228866811,0.95416823563316
384,0,1.66770682055808,0.95416823563316
384,0,1.38629436111989,0.95416823563316
384,0,0.470003629245736,0.95416823563316
384,0,1.96009478404727,0.95416823563316
384,0,2.9391619220656,0.95416823563316
384,0,1.66770682055808,0.95416823563316
384,0,2.61006979274201,0.95416823563316
384,0,1.41098697371026,0.95416823563316
384,1,2.12823170584927,0.95416823563316
384,0,1.6094379124341,0.95416823563316
384,0,2.65324196460721,0.95416823563316
384,0,1.6094379124341,0.95416823563316
384,0,0.262364264467491,0.95416823563316
384,0,4.2297491992283,0.95416823563316
384,0,1.22377543162212,0.95416823563316
384,0,2.26176309847379,0.95416823563316
12,1,-0.916290731874155,0.0129221482499927
12,1,-0.356674943938732,0.0129221482499927
12,0,1.06471073699243,0.0129221482499927
12,1,-0.510825623765991,0.0129221482499927
12,0,-0.22314355131421,0.0129221482499927
12,1,0.470003629245736,0.0129221482499927
12,0,0.587786664902119,0.0129221482499927
12,1,-0.510825623765991,0.0129221482499927
324,0,1.77495235091167,0.0345666304617467
324,1,0,0.0345666304617467
324,1,0.262364264467491,0.0345666304617467
324,0,0.641853886172395,0.0345666304617467
285,1,0.587786664902119,-0.0300314639284821
285,0,-0.356674943938732,-0.0300314639284821
285,1,-0.916290731874155,-0.0300314639284821
285,1,-1.6094379124341,-0.0300314639284821
285,0,0.336472236621213,-0.0300314639284821
285,0,0.587786664902119,-0.0300314639284821
249,0,0.0953101798043249,0.133533892621398
249,0,1.09861228866811,0.133533892621398
249,0,0.0953101798043249,0.133533892621398
249,0,0.336472236621213,0.133533892621398
249,0,0.78845736036427,0.133533892621398
249,1,-0.356674943938732,0.133533892621398
249,0,1.02961941718116,0.133533892621398
249,0,2.2082744135228,0.133533892621398
249,0,1.96009478404727,0.133533892621398
249,1,0.470003629245736,0.133533892621398
249,0,1.90210752639692,0.133533892621398
249,0,0.182321556793955,0.133533892621398
249,0,1.1314021114911,0.133533892621398
249,0,1.38629436111989,0.133533892621398
249,0,0.832909122935104,0.133533892621398
249,0,1.68639895357023,0.133533892621398
249,0,0.262364264467491,0.133533892621398
249,0,0.8754687373539,0.133533892621398
249,1,-0.105360515657826,0.133533892621398
249,0,1.54756250871601,0.133533892621398
249,1,-0.693147180559945,0.133533892621398
249,1,-0.356674943938732,0.133533892621398
249,1,-1.20397280432594,0.133533892621398
249,1,-0.356674943938732,0.133533892621398
249,0,0.336472236621213,0.133533892621398
249,1,-0.510825623765991,0.133533892621398
249,0,0.405465108108164,0.133533892621398
249,0,-0.693147180559945,0.133533892621398
249,1,-0.510825623765991,0.133533892621398
249,0,0.993251773010283,0.133533892621398
249,0,-0.356674943938732,0.133533892621398
249,0,-0.22314355131421,0.133533892621398
249,1,-0.510825623765991,0.133533892621398
249,0,2.07944154167984,0.133533892621398
324,0,-0.356674943938732,-0.440230481045889
324,0,0.693147180559945,-0.440230481045889
324,0,1.16315080980568,-0.440230481045889
324,1,0.0953101798043249,-0.440230481045889
324,0,0.587786664902119,-0.440230481045889
324,0,0.993251773010283,-0.440230481045889
377,1,-0.510825623765991,-0.166634445451291
112,1,-0.916290731874155,-0.130965544373221
112,1,0.0953101798043249,-0.130965544373221
315,0,0.955511445027436,-0.130965544373221
315,0,0.993251773010283,-0.130965544373221
112,1,-0.693147180559945,-0.130965544373221
112,0,-0.356674943938732,-0.130965544373221
112,0,0.262364264467491,-0.130965544373221
112,0,0.587786664902119,-0.130965544373221
315,0,0.405465108108164,-0.130965544373221
315,0,0.78845736036427,-0.130965544373221
377,0,0.262364264467491,-0.185562402666388
377,1,0.0953101798043249,-0.185562402666388
377,0,0.470003629245736,-0.185562402666388
377,0,0.693147180559945,-0.185562402666388
377,1,0.336472236621213,-0.185562402666388
214,9,0.693147180559945,0.335843467558799
377,0,1.3609765531356,0.323169865381334
377,0,0.693147180559945,0.309556082364731
377,0,-0.356674943938732,0.309556082364731
377,1,0.832909122935104,0.309556082364731
377,1,-0.693147180559945,0.309556082364731
377,1,-0.916290731874155,0.309556082364731
174,0,0.182321556793955,-0.459108002751052
249,1,0.182321556793955,-0.015631538394869
249,0,1.16315080980568,-0.015631538394869
249,9,-1.20397280432594,-0.015631538394869
249,1,0.262364264467491,-0.015631538394869
249,0,1.1314021114911,-0.015631538394869
249,0,1.3609765531356,-0.015631538394869
249,1,-2.30258509299405,-0.015631538394869
249,0,1.58923520511658,-0.015631538394869
249,1,-0.916290731874155,-0.015631538394869
249,1,0.916290731874155,-0.015631538394869
249,0,1.09861228866811,-0.015631538394869
249,0,0,-0.015631538394869
249,0,0.405465108108164,-0.015631538394869
249,0,0.262364264467491,-0.015631538394869
249,0,1.09861228866811,-0.015631538394869
249,0,1.09861228866811,-0.015631538394869
249,0,0.182321556793955,-0.015631538394869
249,0,1.1314021114911,-0.015631538394869
249,0,0.78845736036427,-0.015631538394869
249,0,1.48160454092422,-0.015631538394869
249,1,0.587786664902119,-0.015631538394869
249,1,1.48160454092422,-0.015631538394869
249,0,0.470003629245736,-0.015631538394869
249,0,1.48160454092422,-0.015631538394869
249,0,1.6094379124341,-0.015631538394869
249,0,0.405465108108164,-0.015631538394869
249,2,-1.6094379124341,-0.015631538394869
249,1,-0.105360515657826,-0.015631538394869
249,0,0.0953101798043249,-0.015631538394869
249,1,0.78845736036427,-0.015631538394869
249,1,-0.356674943938732,-0.015631538394869
249,0,0.993251773010283,-0.015631538394869
249,0,1.68639895357023,-0.015631538394869
249,0,1.48160454092422,-0.015631538394869
249,0,1.06471073699243,-0.015631538394869
249,0,-0.510825623765991,-0.015631538394869
249,0,0.262364264467491,-0.015631538394869
249,1,-0.22314355131421,-0.015631538394869
249,1,0.405465108108164,-0.015631538394869
249,1,-0.510825623765991,-0.015631538394869
249,0,0.470003629245736,-0.015631538394869
249,0,1.30833281965018,-0.015631538394869
324,0,0.470003629245736,-0.386025782092021
173,0,1.02961941718116,-0.106396607771492
173,1,-0.356674943938732,-0.106396607771492
173,0,0.587786664902119,-0.106396607771492
173,1,0.53062825106217,-0.106396607771492
173,0,0.0953101798043249,-0.106396607771492
173,0,1.06471073699243,-0.106396607771492
173,0,1.30833281965018,-0.106396607771492
173,0,0.641853886172395,-0.106396607771492
173,0,1.25276296849537,-0.106396607771492
173,0,3.94352167248752,-0.106396607771492
173,1,0.0953101798043249,-0.106396607771492
173,1,0.336472236621213,-0.106396607771492
173,0,1.25276296849537,-0.106396607771492
173,0,0.336472236621213,-0.106396607771492
173,0,0.8754687373539,-0.106396607771492
173,0,0.182321556793955,-0.106396607771492
173,0,1.62924053973028,-0.106396607771492
173,0,0.0953101798043249,-0.106396607771492
173,0,0,-0.106396607771492
173,0,1.38629436111989,-0.106396607771492
173,0,1.41098697371026,-0.106396607771492
173,0,1.90210752639692,-0.106396607771492
173,1,0,-0.106396607771492
173,0,1.06471073699243,-0.106396607771492
173,0,1.28093384546206,-0.106396607771492
173,1,-0.916290731874155,-0.106396607771492
173,0,0.916290731874155,-0.106396607771492
173,0,-1.6094379124341,-0.106396607771492
173,0,0.916290731874155,-0.106396607771492
173,1,1.1314021114911,-0.106396607771492
173,0,0,-0.106396607771492
173,1,-0.105360515657826,-0.106396607771492
173,0,0.53062825106217,-0.106396607771492
173,0,1.19392246847243,-0.106396607771492
173,0,0.693147180559945,-0.106396607771492
173,0,1.02961941718116,-0.106396607771492
173,0,-0.22314355131421,-0.106396607771492
173,1,0,-0.106396607771492
173,1,-0.22314355131421,-0.106396607771492
173,0,0.405465108108164,-0.106396607771492
173,1,0.78845736036427,-0.106396607771492
173,0,0.641853886172395,-0.106396607771492
173,0,0.78845736036427,-0.106396607771492
173,0,1.09861228866811,-0.106396607771492
173,1,0,-0.106396607771492
173,0,-0.510825623765991,-0.106396607771492
173,0,1.38629436111989,-0.106396607771492
173,0,0.741937344729377,-0.106396607771492
173,0,0.693147180559945,-0.106396607771492
173,0,0.955511445027436,-0.106396607771492
173,0,0.405465108108164,-0.106396607771492
173,1,-0.22314355131421,-0.106396607771492
173,0,0.641853886172395,-0.106396607771492
173,1,0.336472236621213,-0.106396607771492
173,1,0.262364264467491,-0.106396607771492
173,0,1.1314021114911,-0.106396607771492
332,0,1.33500106673234,0.220283465164326
332,0,2.01490302054226,0.220283465164326
332,0,2.29253475714054,0.220283465164326
332,0,1.90210752639692,0.220283465164326
332,0,2.19722457733622,0.220283465164326
332,0,0.832909122935104,0.220283465164326
332,0,1.75785791755237,0.220283465164326
332,0,3.20680324363393,0.220283465164326
332,1,2.00148000021012,0.220283465164326
332,0,2.72129542785223,0.220283465164326
332,0,1.22377543162212,0.220283465164326
332,0,1.45861502269952,0.220283465164326
332,0,1.38629436111989,0.220283465164326
332,0,1.52605630349505,0.220283465164326
332,0,1.33500106673234,0.220283465164326
332,0,0.916290731874155,0.220283465164326
332,0,2.18605127673809,0.220283465164326
332,0,1.82454929205105,0.220283465164326
332,0,1.02961941718116,0.220283465164326
332,0,1.88706964903238,0.220283465164326
332,1,0.641853886172395,0.220283465164326
332,1,1.09861228866811,0.220283465164326
332,1,1.77495235091167,0.220283465164326
332,1,0.741937344729377,0.220283465164326
332,0,2.00148000021012,0.220283465164326
332,0,1.09861228866811,0.220283465164326
332,0,2.2082744135228,0.220283465164326
332,0,2.68784749378469,0.220283465164326
332,0,2.32238772029023,0.220283465164326
332,0,1.88706964903238,0.220283465164326
332,0,2.89591193827178,0.220283465164326
332,0,3.10906095886099,0.220283465164326
332,1,1.02961941718116,0.220283465164326
332,0,2.15176220325946,0.220283465164326
332,0,1.7227665977411,0.220283465164326
332,0,1.22377543162212,0.220283465164326
332,0,0.78845736036427,0.220283465164326
332,1,1.38629436111989,0.220283465164326
332,0,0.405465108108164,0.220283465164326
332,0,1.25276296849537,0.220283465164326
332,0,1.58923520511658,0.220283465164326
332,0,2.18605127673809,0.220283465164326
332,0,1.6094379124341,0.220283465164326
332,1,-0.105360515657826,0.220283465164326
332,0,1.88706964903238,0.220283465164326
377,0,2.2512917986065,0.220283465164326
174,0,0.741937344729377,-0.250269403081426
174,0,-0.356674943938732,-0.250269403081426
174,0,2.484906649788,-0.250269403081426
174,0,2.55722731136763,-0.250269403081426
174,0,1.33500106673234,-0.250269403081426
174,0,0.641853886172395,-0.250269403081426
174,1,1.38629436111989,-0.250269403081426
174,0,1.91692261218206,-0.250269403081426
174,0,1.41098697371026,-0.250269403081426
174,1,0,-0.250269403081426
174,0,2.09186406167839,-0.250269403081426
174,0,1.25276296849537,-0.250269403081426
174,1,1.09861228866811,-0.250269403081426
174,0,0.405465108108164,-0.250269403081426
174,0,1.52605630349505,-0.250269403081426
174,0,0.832909122935104,-0.250269403081426
174,0,1.6094379124341,-0.250269403081426
174,0,1.94591014905531,-0.250269403081426
174,0,2.43361335540045,-0.250269403081426
174,0,2.36085400111802,-0.250269403081426
174,1,-0.356674943938732,-0.250269403081426
174,9,1.3609765531356,-0.250269403081426
174,1,0.182321556793955,-0.250269403081426
174,0,1.96009478404727,-0.250269403081426
174,0,0,-0.250269403081426
174,0,0.993251773010283,-0.250269403081426
174,0,0.78845736036427,-0.250269403081426
174,0,0.182321556793955,-0.250269403081426
174,1,0.0953101798043249,-0.250269403081426
174,0,2.26176309847379,-0.250269403081426
174,0,1.54756250871601,-0.250269403081426
174,1,0.741937344729377,-0.250269403081426
174,0,1.09861228866811,-0.250269403081426
174,0,-0.916290731874155,-0.250269403081426
174,1,-0.510825623765991,-0.250269403081426
377,1,-0.916290731874155,-0.003392748869117
377,1,0.182321556793955,-0.003392748869117
377,1,0,-0.003392748869117
377,1,-0.356674943938732,-0.003392748869117
377,0,-0.105360515657826,-0.003392748869117
377,0,0.8754687373539,-0.003392748869117
377,0,0.741937344729377,-0.003392748869117
